scian_codigo,scian_nivel,scian_titulo,serio_sector,serio_nombre,evidence_type,status,priority,mapping_type,source,justification,reviewed_by,review_date,notes,crosswalk_version,scian_version,serio_version,generated_at,generated_by
11,SECTOR,"Agricultura, cría y explotación de animales, aprovechamiento forestal, pesca y caza",,,EXPERT,REVIEW_REQUIRED,HIGH,AMBIGUOUS,Crosswalk Maestro SCIAN→SERIO v0.1 (autoría Lattise),"El sector SCIAN 11 ('Agricultura, cría y explotación de animales, aprovechamiento forestal, pesca y caza') agrupa 5 subsectores que corresponden a 5 sectores SERIO distintos y económicamente heterogéneos entre sí: 111 (Agricultura), 112 (Cría y explotación de animales), 113 (Aprovechamiento forestal), 114 (Pesca, caza y captura), 115 (Servicios relacionados con las actividades agropecuarias y forestales). Asignar el sector completo a un solo sector SERIO sería una simplificación incorrecta; la resolución debe realizarse exclusivamente a nivel de subsector o rama, que es donde el motor jerárquico de CrosswalkBuilder deberá heredar la clasificación real.",,,"Sin candidato único: El sector SCIAN 11 ('Agricultura, cría y explotación de animales, aprovechamiento forestal, pesca y caza') agrupa 5 subsectores que corresponden a 5 sectores SERIO distintos y económicamente heterogén",v0.1,SCIAN-2018 (base SERIO); estructura verificada contra fixture INEGI SCIAN-2023 — ver README de spatial/warehouse,SERIO-78-2018,,scripts/build_crosswalk_maestro.py
21,SECTOR,Minería,,,EXPERT,REVIEW_REQUIRED,HIGH,AMBIGUOUS,Crosswalk Maestro SCIAN→SERIO v0.1 (autoría Lattise),"El sector SCIAN 21 ('Minería') agrupa 3 subsectores que corresponden a 3 sectores SERIO distintos y económicamente heterogéneos entre sí: 211 (Extracción de petróleo y gas), 212 (Minería de minerales metálicos y no metálicos, excepto petróleo y gas), 213 (Servicios relacionados con la minería). Asignar el sector completo a un solo sector SERIO sería una simplificación incorrecta; la resolución debe realizarse exclusivamente a nivel de subsector o rama, que es donde el motor jerárquico de CrosswalkBuilder deberá heredar la clasificación real.",,,"Sin candidato único: El sector SCIAN 21 ('Minería') agrupa 3 subsectores que corresponden a 3 sectores SERIO distintos y económicamente heterogéneos entre sí: 211 (Extracción de petróleo y gas), 212 (Minería de minerales ",v0.1,SCIAN-2018 (base SERIO); estructura verificada contra fixture INEGI SCIAN-2023 — ver README de spatial/warehouse,SERIO-78-2018,,scripts/build_crosswalk_maestro.py
22,SECTOR,"Generación, transmisión, distribución y comercialización de energía eléctrica, suministro de agua y de gas natural por ductos al consumidor final",221,"Generación, transmisión, distribución y comercialización de energía eléctrica, suministro de agua y de gas natural por ductos al consumidor final",OFFICIAL,VERIFIED,LOW,EXACT,Crosswalk Maestro SCIAN→SERIO v0.1 (autoría Lattise),"El sector SCIAN 22 ('Generación, transmisión, distribución y comercialización de energía eléctrica, suministro de agua y de gas natural por ductos al consumidor final') contiene un único subsector (221), por lo que la asignación a nivel sector es idéntica y sin pérdida de información a la asignación de ese subsector: sector SERIO 'Generación, transmisión, distribución y comercialización de energía eléctrica, suministro de agua y de gas natural por ductos al consumidor final'.",,,Confianza original en Crosswalk Maestro v0.1: ALTA.,v0.1,SCIAN-2018 (base SERIO); estructura verificada contra fixture INEGI SCIAN-2023 — ver README de spatial/warehouse,SERIO-78-2018,,scripts/build_crosswalk_maestro.py
23,SECTOR,Construcción,,,EXPERT,REVIEW_REQUIRED,HIGH,AMBIGUOUS,Crosswalk Maestro SCIAN→SERIO v0.1 (autoría Lattise),"El sector SCIAN 23 ('Construcción') agrupa 3 subsectores que corresponden a 3 sectores SERIO distintos y económicamente heterogéneos entre sí: 236 (Edificación), 237 (Construcción de obras de ingeniería civil), 238 (Trabajos especializados para la construcción). Asignar el sector completo a un solo sector SERIO sería una simplificación incorrecta; la resolución debe realizarse exclusivamente a nivel de subsector o rama, que es donde el motor jerárquico de CrosswalkBuilder deberá heredar la clasificación real.",,,"Sin candidato único: El sector SCIAN 23 ('Construcción') agrupa 3 subsectores que corresponden a 3 sectores SERIO distintos y económicamente heterogéneos entre sí: 236 (Edificación), 237 (Construcción de obras de ingenier",v0.1,SCIAN-2018 (base SERIO); estructura verificada contra fixture INEGI SCIAN-2023 — ver README de spatial/warehouse,SERIO-78-2018,,scripts/build_crosswalk_maestro.py
31,SECTOR,Industrias manufactureras,,,EXPERT,REVIEW_REQUIRED,HIGH,AMBIGUOUS,Crosswalk Maestro SCIAN→SERIO v0.1 (autoría Lattise),"El sector SCIAN 31 ('Industrias manufactureras') agrupa 6 subsectores que corresponden a 6 sectores SERIO distintos y económicamente heterogéneos entre sí: 311 (Industria alimentaria), 312 (Industria de las bebidas y del tabaco), 313 (Fabricación de insumos textiles y acabado de textiles), 314 (Fabricación de productos textiles, excepto prendas de vestir), 315 (Fabricación de prendas de vestir), 316 (Curtido y acabado de cuero y piel, y fabricación de productos de cuero, piel y materiales sucedáneos). Asignar el sector completo a un solo sector SERIO sería una simplificación incorrecta; la resolución debe realizarse exclusivamente a nivel de subsector o rama, que es donde el motor jerárquico de CrosswalkBuilder deberá heredar la clasificación real.",,,"Sin candidato único: El sector SCIAN 31 ('Industrias manufactureras') agrupa 6 subsectores que corresponden a 6 sectores SERIO distintos y económicamente heterogéneos entre sí: 311 (Industria alimentaria), 312 (Industria ",v0.1,SCIAN-2018 (base SERIO); estructura verificada contra fixture INEGI SCIAN-2023 — ver README de spatial/warehouse,SERIO-78-2018,,scripts/build_crosswalk_maestro.py
32,SECTOR,Industrias manufactureras,,,EXPERT,REVIEW_REQUIRED,HIGH,AMBIGUOUS,Crosswalk Maestro SCIAN→SERIO v0.1 (autoría Lattise),"El sector SCIAN 32 ('Industrias manufactureras') agrupa 7 subsectores que corresponden a 7 sectores SERIO distintos y económicamente heterogéneos entre sí: 321 (Industria de la madera), 322 (Industria del papel), 323 (Impresión e industrias conexas), 324 (Fabricación de productos derivados del petróleo y del carbón), 325 (Industria química), 326 (Industria del plástico y del hule), 327 (Fabricación de productos a base de minerales no metálicos). Asignar el sector completo a un solo sector SERIO sería una simplificación incorrecta; la resolución debe realizarse exclusivamente a nivel de subsector o rama, que es donde el motor jerárquico de CrosswalkBuilder deberá heredar la clasificación real.",,,"Sin candidato único: El sector SCIAN 32 ('Industrias manufactureras') agrupa 7 subsectores que corresponden a 7 sectores SERIO distintos y económicamente heterogéneos entre sí: 321 (Industria de la madera), 322 (Industria",v0.1,SCIAN-2018 (base SERIO); estructura verificada contra fixture INEGI SCIAN-2023 — ver README de spatial/warehouse,SERIO-78-2018,,scripts/build_crosswalk_maestro.py
33,SECTOR,Industrias manufactureras,,,EXPERT,REVIEW_REQUIRED,HIGH,AMBIGUOUS,Crosswalk Maestro SCIAN→SERIO v0.1 (autoría Lattise),"El sector SCIAN 33 ('Industrias manufactureras') agrupa 8 subsectores que corresponden a 8 sectores SERIO distintos y económicamente heterogéneos entre sí: 331 (Industrias metálicas básicas), 332 (Fabricación de productos metálicos), 333 (Fabricación de maquinaria y equipo), 334 (Fabricación de equipo de computación, comunicación, medición y de otros equipos, componentes y accesorios electrónicos), 335 (Fabricación de accesorios, aparatos eléctricos y equipo de generación de energía eléctrica), 336 (Fabricación de equipo de transporte), 337 (Fabricación de muebles, colchones y persianas), 339 (Otras industrias manufactureras). Asignar el sector completo a un solo sector SERIO sería una simplificación incorrecta; la resolución debe realizarse exclusivamente a nivel de subsector o rama, que es donde el motor jerárquico de CrosswalkBuilder deberá heredar la clasificación real.",,,"Sin candidato único: El sector SCIAN 33 ('Industrias manufactureras') agrupa 8 subsectores que corresponden a 8 sectores SERIO distintos y económicamente heterogéneos entre sí: 331 (Industrias metálicas básicas), 332 (Fab",v0.1,SCIAN-2018 (base SERIO); estructura verificada contra fixture INEGI SCIAN-2023 — ver README de spatial/warehouse,SERIO-78-2018,,scripts/build_crosswalk_maestro.py
43,SECTOR,Comercio al por mayor,431,"Comercio al por mayor de abarrotes, alimentos, bebidas, hielo y tabaco",OFFICIAL,VERIFIED,LOW,EXACT,Crosswalk Maestro SCIAN→SERIO v0.1 (autoría Lattise),"Los 7 subsectores que integran el sector SCIAN 43 ('Comercio al por mayor') convergen todos en el mismo sector SERIO ('Comercio al por mayor de abarrotes, alimentos, bebidas, hielo y tabaco'), por decisión metodológica de agregación (ver justificación de cada subsector). El sector completo puede heredar esta asignación sin riesgo de mezclar actividades económicamente distintas.",,,Confianza original en Crosswalk Maestro v0.1: ALTA.,v0.1,SCIAN-2018 (base SERIO); estructura verificada contra fixture INEGI SCIAN-2023 — ver README de spatial/warehouse,SERIO-78-2018,,scripts/build_crosswalk_maestro.py
46,SECTOR,Comercio al por menor,461,"Comercio al por menor de abarrotes, alimentos, bebidas, hielo y tabaco",OFFICIAL,VERIFIED,LOW,EXACT,Crosswalk Maestro SCIAN→SERIO v0.1 (autoría Lattise),"Los 9 subsectores que integran el sector SCIAN 46 ('Comercio al por menor') convergen todos en el mismo sector SERIO ('Comercio al por menor de abarrotes, alimentos, bebidas, hielo y tabaco'), por decisión metodológica de agregación (ver justificación de cada subsector). El sector completo puede heredar esta asignación sin riesgo de mezclar actividades económicamente distintas.",,,Confianza original en Crosswalk Maestro v0.1: ALTA.,v0.1,SCIAN-2018 (base SERIO); estructura verificada contra fixture INEGI SCIAN-2023 — ver README de spatial/warehouse,SERIO-78-2018,,scripts/build_crosswalk_maestro.py
48,SECTOR,"Transportes, correos y almacenamiento",,,EXPERT,REVIEW_REQUIRED,HIGH,AMBIGUOUS,Crosswalk Maestro SCIAN→SERIO v0.1 (autoría Lattise),"El sector SCIAN 48 ('Transportes, correos y almacenamiento') agrupa 8 subsectores que corresponden a 8 sectores SERIO distintos y económicamente heterogéneos entre sí: 481 (Transporte aéreo), 482 (Transporte por ferrocarril), 483 (Transporte por agua), 484 (Autotransporte de carga), 485 (Transporte terrestre de pasajeros, excepto por ferrocarril), 486 (Transporte por ductos), 487 (Transporte turístico), 488 (Servicios relacionados con el transporte). Asignar el sector completo a un solo sector SERIO sería una simplificación incorrecta; la resolución debe realizarse exclusivamente a nivel de subsector o rama, que es donde el motor jerárquico de CrosswalkBuilder deberá heredar la clasificación real.",,,"Sin candidato único: El sector SCIAN 48 ('Transportes, correos y almacenamiento') agrupa 8 subsectores que corresponden a 8 sectores SERIO distintos y económicamente heterogéneos entre sí: 481 (Transporte aéreo), 482 (Tra",v0.1,SCIAN-2018 (base SERIO); estructura verificada contra fixture INEGI SCIAN-2023 — ver README de spatial/warehouse,SERIO-78-2018,,scripts/build_crosswalk_maestro.py
49,SECTOR,"Transportes, correos y almacenamiento",,,EXPERT,REVIEW_REQUIRED,HIGH,AMBIGUOUS,Crosswalk Maestro SCIAN→SERIO v0.1 (autoría Lattise),"El sector SCIAN 49 ('Transportes, correos y almacenamiento') agrupa 3 subsectores que corresponden a 3 sectores SERIO distintos y económicamente heterogéneos entre sí: 491 (Servicios postales), 492 (Servicios de mensajería y paquetería), 493 (Servicios de almacenamiento). Asignar el sector completo a un solo sector SERIO sería una simplificación incorrecta; la resolución debe realizarse exclusivamente a nivel de subsector o rama, que es donde el motor jerárquico de CrosswalkBuilder deberá heredar la clasificación real.",,,"Sin candidato único: El sector SCIAN 49 ('Transportes, correos y almacenamiento') agrupa 3 subsectores que corresponden a 3 sectores SERIO distintos y económicamente heterogéneos entre sí: 491 (Servicios postales), 492 (S",v0.1,SCIAN-2018 (base SERIO); estructura verificada contra fixture INEGI SCIAN-2023 — ver README de spatial/warehouse,SERIO-78-2018,,scripts/build_crosswalk_maestro.py
51,SECTOR,Información en medios masivos,,,EXPERT,REVIEW_REQUIRED,HIGH,AMBIGUOUS,Crosswalk Maestro SCIAN→SERIO v0.1 (autoría Lattise),"El sector SCIAN 51 ('Información en medios masivos') agrupa 6 subsectores que corresponden a 6 sectores SERIO distintos y económicamente heterogéneos entre sí: 511 (Edición de periódicos, revistas, libros, software y otros materiales, y edición de estas publicaciones integrada con la impresión), 512 (Industria fílmica y del video, e industria del sonido), 515 (Radio y televisión), 517 (Telecomunicaciones), 518 (Procesamiento electrónico de información, hospedaje y otros servicios relacionados), 519 (Otros servicios de información). Asignar el sector completo a un solo sector SERIO sería una simplificación incorrecta; la resolución debe realizarse exclusivamente a nivel de subsector o rama, que es donde el motor jerárquico de CrosswalkBuilder deberá heredar la clasificación real.",,,"Sin candidato único: El sector SCIAN 51 ('Información en medios masivos') agrupa 6 subsectores que corresponden a 6 sectores SERIO distintos y económicamente heterogéneos entre sí: 511 (Edición de periódicos, revistas, li",v0.1,SCIAN-2018 (base SERIO); estructura verificada contra fixture INEGI SCIAN-2023 — ver README de spatial/warehouse,SERIO-78-2018,,scripts/build_crosswalk_maestro.py
52,SECTOR,Servicios financieros y de seguros,,,EXPERT,REVIEW_REQUIRED,HIGH,AMBIGUOUS,Crosswalk Maestro SCIAN→SERIO v0.1 (autoría Lattise),"El sector SCIAN 52 ('Servicios financieros y de seguros') agrupa 5 subsectores que corresponden a 4 sectores SERIO distintos y económicamente heterogéneos entre sí: 521 (Banca central), 522 (Instituciones de intermediación crediticia y financiera no bursátil), 523 (Actividades bursátiles, cambiarias y de inversión financiera), 524 (Compañías de seguros, fianzas, y administración de fondos para el retiro). Asignar el sector completo a un solo sector SERIO sería una simplificación incorrecta; la resolución debe realizarse exclusivamente a nivel de subsector o rama, que es donde el motor jerárquico de CrosswalkBuilder deberá heredar la clasificación real.",,,"Sin candidato único: El sector SCIAN 52 ('Servicios financieros y de seguros') agrupa 5 subsectores que corresponden a 4 sectores SERIO distintos y económicamente heterogéneos entre sí: 521 (Banca central), 522 (Instituci",v0.1,SCIAN-2018 (base SERIO); estructura verificada contra fixture INEGI SCIAN-2023 — ver README de spatial/warehouse,SERIO-78-2018,,scripts/build_crosswalk_maestro.py
53,SECTOR,Servicios inmobiliarios y de alquiler de bienes muebles e intangibles,,,EXPERT,REVIEW_REQUIRED,HIGH,AMBIGUOUS,Crosswalk Maestro SCIAN→SERIO v0.1 (autoría Lattise),"El sector SCIAN 53 ('Servicios inmobiliarios y de alquiler de bienes muebles e intangibles') agrupa 3 subsectores que corresponden a 3 sectores SERIO distintos y económicamente heterogéneos entre sí: 531 (Servicios inmobiliarios), 532 (Servicios de alquiler de bienes muebles), 533 (Servicios de alquiler de marcas registradas, patentes y franquicias). Asignar el sector completo a un solo sector SERIO sería una simplificación incorrecta; la resolución debe realizarse exclusivamente a nivel de subsector o rama, que es donde el motor jerárquico de CrosswalkBuilder deberá heredar la clasificación real.",,,Sin candidato único: El sector SCIAN 53 ('Servicios inmobiliarios y de alquiler de bienes muebles e intangibles') agrupa 3 subsectores que corresponden a 3 sectores SERIO distintos y económicamente heterogéneos entre sí: ,v0.1,SCIAN-2018 (base SERIO); estructura verificada contra fixture INEGI SCIAN-2023 — ver README de spatial/warehouse,SERIO-78-2018,,scripts/build_crosswalk_maestro.py
54,SECTOR,"Servicios profesionales, científicos y técnicos",541,"Servicios profesionales, científicos y técnicos",OFFICIAL,VERIFIED,LOW,EXACT,Crosswalk Maestro SCIAN→SERIO v0.1 (autoría Lattise),"El sector SCIAN 54 ('Servicios profesionales, científicos y técnicos') contiene un único subsector (541), por lo que la asignación a nivel sector es idéntica y sin pérdida de información a la asignación de ese subsector: sector SERIO 'Servicios profesionales, científicos y técnicos'.",,,Confianza original en Crosswalk Maestro v0.1: ALTA.,v0.1,SCIAN-2018 (base SERIO); estructura verificada contra fixture INEGI SCIAN-2023 — ver README de spatial/warehouse,SERIO-78-2018,,scripts/build_crosswalk_maestro.py
55,SECTOR,Dirección y administración de grupos empresariales o corporativos,551,Corporativos,OFFICIAL,VERIFIED,LOW,EXACT,Crosswalk Maestro SCIAN→SERIO v0.1 (autoría Lattise),"El sector SCIAN 55 ('Dirección y administración de grupos empresariales o corporativos') contiene un único subsector (551), por lo que la asignación a nivel sector es idéntica y sin pérdida de información a la asignación de ese subsector: sector SERIO 'Corporativos'.",,,Confianza original en Crosswalk Maestro v0.1: ALTA.,v0.1,SCIAN-2018 (base SERIO); estructura verificada contra fixture INEGI SCIAN-2023 — ver README de spatial/warehouse,SERIO-78-2018,,scripts/build_crosswalk_maestro.py
56,SECTOR,"Servicios de apoyo a los negocios y manejo de residuos, y servicios de remediación",,,EXPERT,REVIEW_REQUIRED,HIGH,AMBIGUOUS,Crosswalk Maestro SCIAN→SERIO v0.1 (autoría Lattise),"El sector SCIAN 56 ('Servicios de apoyo a los negocios y manejo de residuos, y servicios de remediación') agrupa 2 subsectores que corresponden a 2 sectores SERIO distintos y económicamente heterogéneos entre sí: 561 (Servicios de apoyo a los negocios), 562 (Manejo de residuos y servicios de remediación). Asignar el sector completo a un solo sector SERIO sería una simplificación incorrecta; la resolución debe realizarse exclusivamente a nivel de subsector o rama, que es donde el motor jerárquico de CrosswalkBuilder deberá heredar la clasificación real.",,,"Sin candidato único: El sector SCIAN 56 ('Servicios de apoyo a los negocios y manejo de residuos, y servicios de remediación') agrupa 2 subsectores que corresponden a 2 sectores SERIO distintos y económicamente heterogéne",v0.1,SCIAN-2018 (base SERIO); estructura verificada contra fixture INEGI SCIAN-2023 — ver README de spatial/warehouse,SERIO-78-2018,,scripts/build_crosswalk_maestro.py
61,SECTOR,Servicios educativos,611,Servicios educativos,OFFICIAL,VERIFIED,LOW,EXACT,Crosswalk Maestro SCIAN→SERIO v0.1 (autoría Lattise),"El sector SCIAN 61 ('Servicios educativos') contiene un único subsector (611), por lo que la asignación a nivel sector es idéntica y sin pérdida de información a la asignación de ese subsector: sector SERIO 'Servicios educativos'.",,,Confianza original en Crosswalk Maestro v0.1: ALTA.,v0.1,SCIAN-2018 (base SERIO); estructura verificada contra fixture INEGI SCIAN-2023 — ver README de spatial/warehouse,SERIO-78-2018,,scripts/build_crosswalk_maestro.py
62,SECTOR,Servicios de salud y de asistencia social,,,EXPERT,REVIEW_REQUIRED,HIGH,AMBIGUOUS,Crosswalk Maestro SCIAN→SERIO v0.1 (autoría Lattise),"El sector SCIAN 62 ('Servicios de salud y de asistencia social') agrupa 4 subsectores que corresponden a 4 sectores SERIO distintos y económicamente heterogéneos entre sí: 621 (Servicios médicos de consulta externa y servicios relacionados), 622 (Hospitales), 623 (Residencias de asistencia social y para el cuidado de la salud), 624 (Otros servicios de asistencia social). Asignar el sector completo a un solo sector SERIO sería una simplificación incorrecta; la resolución debe realizarse exclusivamente a nivel de subsector o rama, que es donde el motor jerárquico de CrosswalkBuilder deberá heredar la clasificación real.",,,Sin candidato único: El sector SCIAN 62 ('Servicios de salud y de asistencia social') agrupa 4 subsectores que corresponden a 4 sectores SERIO distintos y económicamente heterogéneos entre sí: 621 (Servicios médicos de co,v0.1,SCIAN-2018 (base SERIO); estructura verificada contra fixture INEGI SCIAN-2023 — ver README de spatial/warehouse,SERIO-78-2018,,scripts/build_crosswalk_maestro.py
71,SECTOR,"Servicios de esparcimiento culturales y deportivos, y otros servicios recreativos",,,EXPERT,REVIEW_REQUIRED,HIGH,AMBIGUOUS,Crosswalk Maestro SCIAN→SERIO v0.1 (autoría Lattise),"El sector SCIAN 71 ('Servicios de esparcimiento culturales y deportivos, y otros servicios recreativos') agrupa 3 subsectores que corresponden a 3 sectores SERIO distintos y económicamente heterogéneos entre sí: 711 (Servicios artísticos, culturales y deportivos, y otros servicios relacionados), 712 (Museos, sitios históricos, zoológicos y similares), 713 (Servicios de entretenimiento en instalaciones recreativas y otros servicios recreativos). Asignar el sector completo a un solo sector SERIO sería una simplificación incorrecta; la resolución debe realizarse exclusivamente a nivel de subsector o rama, que es donde el motor jerárquico de CrosswalkBuilder deberá heredar la clasificación real.",,,"Sin candidato único: El sector SCIAN 71 ('Servicios de esparcimiento culturales y deportivos, y otros servicios recreativos') agrupa 3 subsectores que corresponden a 3 sectores SERIO distintos y económicamente heterogéneo",v0.1,SCIAN-2018 (base SERIO); estructura verificada contra fixture INEGI SCIAN-2023 — ver README de spatial/warehouse,SERIO-78-2018,,scripts/build_crosswalk_maestro.py
72,SECTOR,Servicios de alojamiento temporal y de preparación de alimentos y bebidas,,,EXPERT,REVIEW_REQUIRED,HIGH,AMBIGUOUS,Crosswalk Maestro SCIAN→SERIO v0.1 (autoría Lattise),"El sector SCIAN 72 ('Servicios de alojamiento temporal y de preparación de alimentos y bebidas') agrupa 2 subsectores que corresponden a 2 sectores SERIO distintos y económicamente heterogéneos entre sí: 721 (Servicios de alojamiento temporal), 722 (Servicios de preparación de alimentos y bebidas). Asignar el sector completo a un solo sector SERIO sería una simplificación incorrecta; la resolución debe realizarse exclusivamente a nivel de subsector o rama, que es donde el motor jerárquico de CrosswalkBuilder deberá heredar la clasificación real.",,,Sin candidato único: El sector SCIAN 72 ('Servicios de alojamiento temporal y de preparación de alimentos y bebidas') agrupa 2 subsectores que corresponden a 2 sectores SERIO distintos y económicamente heterogéneos entre ,v0.1,SCIAN-2018 (base SERIO); estructura verificada contra fixture INEGI SCIAN-2023 — ver README de spatial/warehouse,SERIO-78-2018,,scripts/build_crosswalk_maestro.py
81,SECTOR,Otros servicios excepto actividades gubernamentales,,,EXPERT,REVIEW_REQUIRED,HIGH,AMBIGUOUS,Crosswalk Maestro SCIAN→SERIO v0.1 (autoría Lattise),"El sector SCIAN 81 ('Otros servicios excepto actividades gubernamentales') agrupa 4 subsectores que corresponden a 4 sectores SERIO distintos y económicamente heterogéneos entre sí: 811 (Servicios de reparación y mantenimiento), 812 (Servicios personales), 813 (Asociaciones y organizaciones), 814 (Hogares con empleados domésticos). Asignar el sector completo a un solo sector SERIO sería una simplificación incorrecta; la resolución debe realizarse exclusivamente a nivel de subsector o rama, que es donde el motor jerárquico de CrosswalkBuilder deberá heredar la clasificación real.",,,Sin candidato único: El sector SCIAN 81 ('Otros servicios excepto actividades gubernamentales') agrupa 4 subsectores que corresponden a 4 sectores SERIO distintos y económicamente heterogéneos entre sí: 811 (Servicios de ,v0.1,SCIAN-2018 (base SERIO); estructura verificada contra fixture INEGI SCIAN-2023 — ver README de spatial/warehouse,SERIO-78-2018,,scripts/build_crosswalk_maestro.py
93,SECTOR,"Actividades legislativas, gubernamentales, de impartición de justicia y de organismos internacionales y extraterritoriales",,,EXPERT,REVIEW_REQUIRED,HIGH,PARTIAL,Crosswalk Maestro SCIAN→SERIO v0.1 (autoría Lattise),"Los 2 subsectores que integran el sector SCIAN 93 ('Actividades legislativas, gubernamentales, de impartición de justicia y de organismos internacionales y extraterritoriales') convergen todos en el mismo sector SERIO ('Actividades legislativas, gubernamentales y de impartición de justicia'), por decisión metodológica de agregación (ver justificación de cada subsector). El sector completo puede heredar esta asignación sin riesgo de mezclar actividades económicamente distintas.",,,"Candidato sugerido en Crosswalk Maestro v0.1: 'Actividades legislativas, gubernamentales y de impartición de justicia' (confianza MEDIA). Requiere confirmación humana explícita (cambiar status a VERIFIED) antes de usarse en el lookup compilado.",v0.1,SCIAN-2018 (base SERIO); estructura verificada contra fixture INEGI SCIAN-2023 — ver README de spatial/warehouse,SERIO-78-2018,,scripts/build_crosswalk_maestro.py
111,SUBSECTOR,Agricultura,111,Agricultura,OFFICIAL,VERIFIED,LOW,EXACT,Crosswalk Maestro SCIAN→SERIO v0.1 (autoría Lattise),"Coincidencia directa y exacta uno a uno: el subsector SCIAN 111 ('Agricultura') es, literalmente, uno de los 78 sectores oficiales del modelo SERIO ('Agricultura'). No requiere inferencia económica adicional.",,,Confianza original en Crosswalk Maestro v0.1: ALTA.,v0.1,SCIAN-2018 (base SERIO); estructura verificada contra fixture INEGI SCIAN-2023 — ver README de spatial/warehouse,SERIO-78-2018,,scripts/build_crosswalk_maestro.py
112,SUBSECTOR,Cría y explotación de animales,112,Cría y explotación de animales,OFFICIAL,VERIFIED,LOW,EXACT,Crosswalk Maestro SCIAN→SERIO v0.1 (autoría Lattise),"Coincidencia directa y exacta uno a uno: el subsector SCIAN 112 ('Cría y explotación de animales') es, literalmente, uno de los 78 sectores oficiales del modelo SERIO ('Cría y explotación de animales'). No requiere inferencia económica adicional.",,,Confianza original en Crosswalk Maestro v0.1: ALTA.,v0.1,SCIAN-2018 (base SERIO); estructura verificada contra fixture INEGI SCIAN-2023 — ver README de spatial/warehouse,SERIO-78-2018,,scripts/build_crosswalk_maestro.py
113,SUBSECTOR,Aprovechamiento forestal,113,Aprovechamiento forestal,OFFICIAL,VERIFIED,LOW,EXACT,Crosswalk Maestro SCIAN→SERIO v0.1 (autoría Lattise),"Coincidencia directa y exacta uno a uno: el subsector SCIAN 113 ('Aprovechamiento forestal') es, literalmente, uno de los 78 sectores oficiales del modelo SERIO ('Aprovechamiento forestal'). No requiere inferencia económica adicional.",,,Confianza original en Crosswalk Maestro v0.1: ALTA.,v0.1,SCIAN-2018 (base SERIO); estructura verificada contra fixture INEGI SCIAN-2023 — ver README de spatial/warehouse,SERIO-78-2018,,scripts/build_crosswalk_maestro.py
114,SUBSECTOR,"Pesca, caza y captura",114,"Pesca, caza y captura",OFFICIAL,VERIFIED,LOW,EXACT,Crosswalk Maestro SCIAN→SERIO v0.1 (autoría Lattise),"Coincidencia directa y exacta uno a uno: el subsector SCIAN 114 ('Pesca, caza y captura') es, literalmente, uno de los 78 sectores oficiales del modelo SERIO ('Pesca, caza y captura'). No requiere inferencia económica adicional.",,,Confianza original en Crosswalk Maestro v0.1: ALTA.,v0.1,SCIAN-2018 (base SERIO); estructura verificada contra fixture INEGI SCIAN-2023 — ver README de spatial/warehouse,SERIO-78-2018,,scripts/build_crosswalk_maestro.py
115,SUBSECTOR,Servicios relacionados con las actividades agropecuarias y forestales,115,Servicios relacionados con las actividades agropecuarias y forestales,OFFICIAL,VERIFIED,LOW,EXACT,Crosswalk Maestro SCIAN→SERIO v0.1 (autoría Lattise),"Coincidencia directa y exacta uno a uno: el subsector SCIAN 115 ('Servicios relacionados con las actividades agropecuarias y forestales') es, literalmente, uno de los 78 sectores oficiales del modelo SERIO ('Servicios relacionados con las actividades agropecuarias y forestales'). No requiere inferencia económica adicional.",,,Confianza original en Crosswalk Maestro v0.1: ALTA.,v0.1,SCIAN-2018 (base SERIO); estructura verificada contra fixture INEGI SCIAN-2023 — ver README de spatial/warehouse,SERIO-78-2018,,scripts/build_crosswalk_maestro.py
211,SUBSECTOR,Extracción de petróleo y gas,211,Extracción de petróleo y gas,OFFICIAL,VERIFIED,LOW,EXACT,Crosswalk Maestro SCIAN→SERIO v0.1 (autoría Lattise),"Coincidencia directa y exacta uno a uno: el subsector SCIAN 211 ('Extracción de petróleo y gas') es, literalmente, uno de los 78 sectores oficiales del modelo SERIO ('Extracción de petróleo y gas'). No requiere inferencia económica adicional.",,,Confianza original en Crosswalk Maestro v0.1: ALTA.,v0.1,SCIAN-2018 (base SERIO); estructura verificada contra fixture INEGI SCIAN-2023 — ver README de spatial/warehouse,SERIO-78-2018,,scripts/build_crosswalk_maestro.py
212,SUBSECTOR,"Minería de minerales metálicos y no metálicos, excepto petróleo y gas",212,"Minería de minerales metálicos y no metálicos, excepto petróleo y gas",OFFICIAL,VERIFIED,LOW,EXACT,Crosswalk Maestro SCIAN→SERIO v0.1 (autoría Lattise),"Coincidencia directa y exacta uno a uno: el subsector SCIAN 212 ('Minería de minerales metálicos y no metálicos, excepto petróleo y gas') es, literalmente, uno de los 78 sectores oficiales del modelo SERIO ('Minería de minerales metálicos y no metálicos, excepto petróleo y gas'). No requiere inferencia económica adicional.",,,Confianza original en Crosswalk Maestro v0.1: ALTA.,v0.1,SCIAN-2018 (base SERIO); estructura verificada contra fixture INEGI SCIAN-2023 — ver README de spatial/warehouse,SERIO-78-2018,,scripts/build_crosswalk_maestro.py
213,SUBSECTOR,Servicios relacionados con la minería,213,Servicios relacionados con la minería,OFFICIAL,VERIFIED,LOW,EXACT,Crosswalk Maestro SCIAN→SERIO v0.1 (autoría Lattise),"Coincidencia directa y exacta uno a uno: el subsector SCIAN 213 ('Servicios relacionados con la minería') es, literalmente, uno de los 78 sectores oficiales del modelo SERIO ('Servicios relacionados con la minería'). No requiere inferencia económica adicional.",,,Confianza original en Crosswalk Maestro v0.1: ALTA.,v0.1,SCIAN-2018 (base SERIO); estructura verificada contra fixture INEGI SCIAN-2023 — ver README de spatial/warehouse,SERIO-78-2018,,scripts/build_crosswalk_maestro.py
221,SUBSECTOR,"Generación, transmisión, distribución y comercialización de energía eléctrica, suministro de agua y de gas natural por ductos al consumidor final",221,"Generación, transmisión, distribución y comercialización de energía eléctrica, suministro de agua y de gas natural por ductos al consumidor final",OFFICIAL,VERIFIED,LOW,EXACT,Crosswalk Maestro SCIAN→SERIO v0.1 (autoría Lattise),"Coincidencia directa y exacta uno a uno: el subsector SCIAN 221 ('Generación, transmisión, distribución y comercialización de energía eléctrica, suministro de agua y de gas natural por ductos al consumidor final') es, literalmente, uno de los 78 sectores oficiales del modelo SERIO ('Generación, transmisión, distribución y comercialización de energía eléctrica, suministro de agua y de gas natural por ductos al consumidor final'). No requiere inferencia económica adicional.",,,Confianza original en Crosswalk Maestro v0.1: ALTA.,v0.1,SCIAN-2018 (base SERIO); estructura verificada contra fixture INEGI SCIAN-2023 — ver README de spatial/warehouse,SERIO-78-2018,,scripts/build_crosswalk_maestro.py
236,SUBSECTOR,Edificación,236,Edificación,OFFICIAL,VERIFIED,LOW,EXACT,Crosswalk Maestro SCIAN→SERIO v0.1 (autoría Lattise),"Coincidencia directa y exacta uno a uno: el subsector SCIAN 236 ('Edificación') es, literalmente, uno de los 78 sectores oficiales del modelo SERIO ('Edificación'). No requiere inferencia económica adicional.",,,Confianza original en Crosswalk Maestro v0.1: ALTA.,v0.1,SCIAN-2018 (base SERIO); estructura verificada contra fixture INEGI SCIAN-2023 — ver README de spatial/warehouse,SERIO-78-2018,,scripts/build_crosswalk_maestro.py
237,SUBSECTOR,Construcción de obras de ingeniería civil,237,Construcción de obras de ingeniería civil,OFFICIAL,VERIFIED,LOW,EXACT,Crosswalk Maestro SCIAN→SERIO v0.1 (autoría Lattise),"Coincidencia directa y exacta uno a uno: el subsector SCIAN 237 ('Construcción de obras de ingeniería civil') es, literalmente, uno de los 78 sectores oficiales del modelo SERIO ('Construcción de obras de ingeniería civil'). No requiere inferencia económica adicional.",,,Confianza original en Crosswalk Maestro v0.1: ALTA.,v0.1,SCIAN-2018 (base SERIO); estructura verificada contra fixture INEGI SCIAN-2023 — ver README de spatial/warehouse,SERIO-78-2018,,scripts/build_crosswalk_maestro.py
238,SUBSECTOR,Trabajos especializados para la construcción,238,Trabajos especializados para la construcción,OFFICIAL,VERIFIED,LOW,EXACT,Crosswalk Maestro SCIAN→SERIO v0.1 (autoría Lattise),"Coincidencia directa y exacta uno a uno: el subsector SCIAN 238 ('Trabajos especializados para la construcción') es, literalmente, uno de los 78 sectores oficiales del modelo SERIO ('Trabajos especializados para la construcción'). No requiere inferencia económica adicional.",,,Confianza original en Crosswalk Maestro v0.1: ALTA.,v0.1,SCIAN-2018 (base SERIO); estructura verificada contra fixture INEGI SCIAN-2023 — ver README de spatial/warehouse,SERIO-78-2018,,scripts/build_crosswalk_maestro.py
311,SUBSECTOR,Industria alimentaria,311,Industria alimentaria,OFFICIAL,VERIFIED,LOW,EXACT,Crosswalk Maestro SCIAN→SERIO v0.1 (autoría Lattise),"Coincidencia directa y exacta uno a uno: el subsector SCIAN 311 ('Industria alimentaria') es, literalmente, uno de los 78 sectores oficiales del modelo SERIO ('Industria alimentaria'). No requiere inferencia económica adicional.",,,Confianza original en Crosswalk Maestro v0.1: ALTA.,v0.1,SCIAN-2018 (base SERIO); estructura verificada contra fixture INEGI SCIAN-2023 — ver README de spatial/warehouse,SERIO-78-2018,,scripts/build_crosswalk_maestro.py
312,SUBSECTOR,Industria de las bebidas y del tabaco,312,Industria de las bebidas y del tabaco,OFFICIAL,VERIFIED,LOW,EXACT,Crosswalk Maestro SCIAN→SERIO v0.1 (autoría Lattise),"Coincidencia directa y exacta uno a uno: el subsector SCIAN 312 ('Industria de las bebidas y del tabaco') es, literalmente, uno de los 78 sectores oficiales del modelo SERIO ('Industria de las bebidas y del tabaco'). No requiere inferencia económica adicional.",,,Confianza original en Crosswalk Maestro v0.1: ALTA.,v0.1,SCIAN-2018 (base SERIO); estructura verificada contra fixture INEGI SCIAN-2023 — ver README de spatial/warehouse,SERIO-78-2018,,scripts/build_crosswalk_maestro.py
313,SUBSECTOR,Fabricación de insumos textiles y acabado de textiles,313,Fabricación de insumos textiles y acabado de textiles,OFFICIAL,VERIFIED,LOW,EXACT,Crosswalk Maestro SCIAN→SERIO v0.1 (autoría Lattise),"Coincidencia directa y exacta uno a uno: el subsector SCIAN 313 ('Fabricación de insumos textiles y acabado de textiles') es, literalmente, uno de los 78 sectores oficiales del modelo SERIO ('Fabricación de insumos textiles y acabado de textiles'). No requiere inferencia económica adicional.",,,Confianza original en Crosswalk Maestro v0.1: ALTA.,v0.1,SCIAN-2018 (base SERIO); estructura verificada contra fixture INEGI SCIAN-2023 — ver README de spatial/warehouse,SERIO-78-2018,,scripts/build_crosswalk_maestro.py
314,SUBSECTOR,"Fabricación de productos textiles, excepto prendas de vestir",314,"Fabricación de productos textiles, excepto prendas de vestir",OFFICIAL,VERIFIED,LOW,EXACT,Crosswalk Maestro SCIAN→SERIO v0.1 (autoría Lattise),"Coincidencia directa y exacta uno a uno: el subsector SCIAN 314 ('Fabricación de productos textiles, excepto prendas de vestir') es, literalmente, uno de los 78 sectores oficiales del modelo SERIO ('Fabricación de productos textiles, excepto prendas de vestir'). No requiere inferencia económica adicional.",,,Confianza original en Crosswalk Maestro v0.1: ALTA.,v0.1,SCIAN-2018 (base SERIO); estructura verificada contra fixture INEGI SCIAN-2023 — ver README de spatial/warehouse,SERIO-78-2018,,scripts/build_crosswalk_maestro.py
315,SUBSECTOR,Fabricación de prendas de vestir,315,Fabricación de prendas de vestir,OFFICIAL,VERIFIED,LOW,EXACT,Crosswalk Maestro SCIAN→SERIO v0.1 (autoría Lattise),"Coincidencia directa y exacta uno a uno: el subsector SCIAN 315 ('Fabricación de prendas de vestir') es, literalmente, uno de los 78 sectores oficiales del modelo SERIO ('Fabricación de prendas de vestir'). No requiere inferencia económica adicional.",,,Confianza original en Crosswalk Maestro v0.1: ALTA.,v0.1,SCIAN-2018 (base SERIO); estructura verificada contra fixture INEGI SCIAN-2023 — ver README de spatial/warehouse,SERIO-78-2018,,scripts/build_crosswalk_maestro.py
316,SUBSECTOR,"Curtido y acabado de cuero y piel, y fabricación de productos de cuero, piel y materiales sucedáneos",316,"Curtido y acabado de cuero y piel, y fabricación de productos de cuero, piel y materiales sucedáneos",OFFICIAL,VERIFIED,LOW,EXACT,Crosswalk Maestro SCIAN→SERIO v0.1 (autoría Lattise),"Coincidencia directa y exacta uno a uno: el subsector SCIAN 316 ('Curtido y acabado de cuero y piel, y fabricación de productos de cuero, piel y materiales sucedáneos') es, literalmente, uno de los 78 sectores oficiales del modelo SERIO ('Curtido y acabado de cuero y piel, y fabricación de productos de cuero, piel y materiales sucedáneos'). No requiere inferencia económica adicional.",,,Confianza original en Crosswalk Maestro v0.1: ALTA.,v0.1,SCIAN-2018 (base SERIO); estructura verificada contra fixture INEGI SCIAN-2023 — ver README de spatial/warehouse,SERIO-78-2018,,scripts/build_crosswalk_maestro.py
321,SUBSECTOR,Industria de la madera,321,Industria de la madera,OFFICIAL,VERIFIED,LOW,EXACT,Crosswalk Maestro SCIAN→SERIO v0.1 (autoría Lattise),"Coincidencia directa y exacta uno a uno: el subsector SCIAN 321 ('Industria de la madera') es, literalmente, uno de los 78 sectores oficiales del modelo SERIO ('Industria de la madera'). No requiere inferencia económica adicional.",,,Confianza original en Crosswalk Maestro v0.1: ALTA.,v0.1,SCIAN-2018 (base SERIO); estructura verificada contra fixture INEGI SCIAN-2023 — ver README de spatial/warehouse,SERIO-78-2018,,scripts/build_crosswalk_maestro.py
322,SUBSECTOR,Industria del papel,322,Industria del papel,OFFICIAL,VERIFIED,LOW,EXACT,Crosswalk Maestro SCIAN→SERIO v0.1 (autoría Lattise),"Coincidencia directa y exacta uno a uno: el subsector SCIAN 322 ('Industria del papel') es, literalmente, uno de los 78 sectores oficiales del modelo SERIO ('Industria del papel'). No requiere inferencia económica adicional.",,,Confianza original en Crosswalk Maestro v0.1: ALTA.,v0.1,SCIAN-2018 (base SERIO); estructura verificada contra fixture INEGI SCIAN-2023 — ver README de spatial/warehouse,SERIO-78-2018,,scripts/build_crosswalk_maestro.py
323,SUBSECTOR,Impresión e industrias conexas,323,Impresión e industrias conexas,OFFICIAL,VERIFIED,LOW,EXACT,Crosswalk Maestro SCIAN→SERIO v0.1 (autoría Lattise),"Coincidencia directa y exacta uno a uno: el subsector SCIAN 323 ('Impresión e industrias conexas') es, literalmente, uno de los 78 sectores oficiales del modelo SERIO ('Impresión e industrias conexas'). No requiere inferencia económica adicional.",,,Confianza original en Crosswalk Maestro v0.1: ALTA.,v0.1,SCIAN-2018 (base SERIO); estructura verificada contra fixture INEGI SCIAN-2023 — ver README de spatial/warehouse,SERIO-78-2018,,scripts/build_crosswalk_maestro.py
324,SUBSECTOR,Fabricación de productos derivados del petróleo y del carbón,324,Fabricación de productos derivados del petróleo y del carbón,OFFICIAL,VERIFIED,LOW,EXACT,Crosswalk Maestro SCIAN→SERIO v0.1 (autoría Lattise),"Coincidencia directa y exacta uno a uno: el subsector SCIAN 324 ('Fabricación de productos derivados del petróleo y del carbón') es, literalmente, uno de los 78 sectores oficiales del modelo SERIO ('Fabricación de productos derivados del petróleo y del carbón'). No requiere inferencia económica adicional.",,,Confianza original en Crosswalk Maestro v0.1: ALTA.,v0.1,SCIAN-2018 (base SERIO); estructura verificada contra fixture INEGI SCIAN-2023 — ver README de spatial/warehouse,SERIO-78-2018,,scripts/build_crosswalk_maestro.py
325,SUBSECTOR,Industria química,325,Industria química,OFFICIAL,VERIFIED,LOW,EXACT,Crosswalk Maestro SCIAN→SERIO v0.1 (autoría Lattise),"Coincidencia directa y exacta uno a uno: el subsector SCIAN 325 ('Industria química') es, literalmente, uno de los 78 sectores oficiales del modelo SERIO ('Industria química'). No requiere inferencia económica adicional.",,,Confianza original en Crosswalk Maestro v0.1: ALTA.,v0.1,SCIAN-2018 (base SERIO); estructura verificada contra fixture INEGI SCIAN-2023 — ver README de spatial/warehouse,SERIO-78-2018,,scripts/build_crosswalk_maestro.py
326,SUBSECTOR,Industria del plástico y del hule,326,Industria del plástico y del hule,OFFICIAL,VERIFIED,LOW,EXACT,Crosswalk Maestro SCIAN→SERIO v0.1 (autoría Lattise),"Coincidencia directa y exacta uno a uno: el subsector SCIAN 326 ('Industria del plástico y del hule') es, literalmente, uno de los 78 sectores oficiales del modelo SERIO ('Industria del plástico y del hule'). No requiere inferencia económica adicional.",,,Confianza original en Crosswalk Maestro v0.1: ALTA.,v0.1,SCIAN-2018 (base SERIO); estructura verificada contra fixture INEGI SCIAN-2023 — ver README de spatial/warehouse,SERIO-78-2018,,scripts/build_crosswalk_maestro.py
327,SUBSECTOR,Fabricación de productos a base de minerales no metálicos,327,Fabricación de productos a base de minerales no metálicos,OFFICIAL,VERIFIED,LOW,EXACT,Crosswalk Maestro SCIAN→SERIO v0.1 (autoría Lattise),"Coincidencia directa y exacta uno a uno: el subsector SCIAN 327 ('Fabricación de productos a base de minerales no metálicos') es, literalmente, uno de los 78 sectores oficiales del modelo SERIO ('Fabricación de productos a base de minerales no metálicos'). No requiere inferencia económica adicional.",,,Confianza original en Crosswalk Maestro v0.1: ALTA.,v0.1,SCIAN-2018 (base SERIO); estructura verificada contra fixture INEGI SCIAN-2023 — ver README de spatial/warehouse,SERIO-78-2018,,scripts/build_crosswalk_maestro.py
331,SUBSECTOR,Industrias metálicas básicas,331,Industrias metálicas básicas,OFFICIAL,VERIFIED,LOW,EXACT,Crosswalk Maestro SCIAN→SERIO v0.1 (autoría Lattise),"Coincidencia directa y exacta uno a uno: el subsector SCIAN 331 ('Industrias metálicas básicas') es, literalmente, uno de los 78 sectores oficiales del modelo SERIO ('Industrias metálicas básicas'). No requiere inferencia económica adicional.",,,Confianza original en Crosswalk Maestro v0.1: ALTA.,v0.1,SCIAN-2018 (base SERIO); estructura verificada contra fixture INEGI SCIAN-2023 — ver README de spatial/warehouse,SERIO-78-2018,,scripts/build_crosswalk_maestro.py
332,SUBSECTOR,Fabricación de productos metálicos,332,Fabricación de productos metálicos,OFFICIAL,VERIFIED,LOW,EXACT,Crosswalk Maestro SCIAN→SERIO v0.1 (autoría Lattise),"Coincidencia directa y exacta uno a uno: el subsector SCIAN 332 ('Fabricación de productos metálicos') es, literalmente, uno de los 78 sectores oficiales del modelo SERIO ('Fabricación de productos metálicos'). No requiere inferencia económica adicional.",,,Confianza original en Crosswalk Maestro v0.1: ALTA.,v0.1,SCIAN-2018 (base SERIO); estructura verificada contra fixture INEGI SCIAN-2023 — ver README de spatial/warehouse,SERIO-78-2018,,scripts/build_crosswalk_maestro.py
333,SUBSECTOR,Fabricación de maquinaria y equipo,333,Fabricación de maquinaria y equipo,OFFICIAL,VERIFIED,LOW,EXACT,Crosswalk Maestro SCIAN→SERIO v0.1 (autoría Lattise),"Coincidencia directa y exacta uno a uno: el subsector SCIAN 333 ('Fabricación de maquinaria y equipo') es, literalmente, uno de los 78 sectores oficiales del modelo SERIO ('Fabricación de maquinaria y equipo'). No requiere inferencia económica adicional.",,,Confianza original en Crosswalk Maestro v0.1: ALTA.,v0.1,SCIAN-2018 (base SERIO); estructura verificada contra fixture INEGI SCIAN-2023 — ver README de spatial/warehouse,SERIO-78-2018,,scripts/build_crosswalk_maestro.py
334,SUBSECTOR,"Fabricación de equipo de computación, comunicación, medición y de otros equipos, componentes y accesorios electrónicos",334,"Fabricación de equipo de computación, comunicación, medición y de otros equipos, componentes y accesorios electrónicos",OFFICIAL,VERIFIED,LOW,EXACT,Crosswalk Maestro SCIAN→SERIO v0.1 (autoría Lattise),"Coincidencia directa y exacta uno a uno: el subsector SCIAN 334 ('Fabricación de equipo de computación, comunicación, medición y de otros equipos, componentes y accesorios electrónicos') es, literalmente, uno de los 78 sectores oficiales del modelo SERIO ('Fabricación de equipo de computación, comunicación, medición y de otros equipos, componentes y accesorios electrónicos'). No requiere inferencia económica adicional.",,,Confianza original en Crosswalk Maestro v0.1: ALTA.,v0.1,SCIAN-2018 (base SERIO); estructura verificada contra fixture INEGI SCIAN-2023 — ver README de spatial/warehouse,SERIO-78-2018,,scripts/build_crosswalk_maestro.py
335,SUBSECTOR,"Fabricación de accesorios, aparatos eléctricos y equipo de generación de energía eléctrica",335,"Fabricación de accesorios, aparatos eléctricos y equipo de generación de energía eléctrica",OFFICIAL,VERIFIED,LOW,EXACT,Crosswalk Maestro SCIAN→SERIO v0.1 (autoría Lattise),"Coincidencia directa y exacta uno a uno: el subsector SCIAN 335 ('Fabricación de accesorios, aparatos eléctricos y equipo de generación de energía eléctrica') es, literalmente, uno de los 78 sectores oficiales del modelo SERIO ('Fabricación de accesorios, aparatos eléctricos y equipo de generación de energía eléctrica'). No requiere inferencia económica adicional.",,,Confianza original en Crosswalk Maestro v0.1: ALTA.,v0.1,SCIAN-2018 (base SERIO); estructura verificada contra fixture INEGI SCIAN-2023 — ver README de spatial/warehouse,SERIO-78-2018,,scripts/build_crosswalk_maestro.py
336,SUBSECTOR,Fabricación de equipo de transporte,336,Fabricación de equipo de transporte,OFFICIAL,VERIFIED,LOW,EXACT,Crosswalk Maestro SCIAN→SERIO v0.1 (autoría Lattise),"Coincidencia directa y exacta uno a uno: el subsector SCIAN 336 ('Fabricación de equipo de transporte') es, literalmente, uno de los 78 sectores oficiales del modelo SERIO ('Fabricación de equipo de transporte'). No requiere inferencia económica adicional.",,,Confianza original en Crosswalk Maestro v0.1: ALTA.,v0.1,SCIAN-2018 (base SERIO); estructura verificada contra fixture INEGI SCIAN-2023 — ver README de spatial/warehouse,SERIO-78-2018,,scripts/build_crosswalk_maestro.py
337,SUBSECTOR,"Fabricación de muebles, colchones y persianas",337,"Fabricación de muebles, colchones y persianas",OFFICIAL,VERIFIED,LOW,EXACT,Crosswalk Maestro SCIAN→SERIO v0.1 (autoría Lattise),"Coincidencia directa y exacta uno a uno: el subsector SCIAN 337 ('Fabricación de muebles, colchones y persianas') es, literalmente, uno de los 78 sectores oficiales del modelo SERIO ('Fabricación de muebles, colchones y persianas'). No requiere inferencia económica adicional.",,,Confianza original en Crosswalk Maestro v0.1: ALTA.,v0.1,SCIAN-2018 (base SERIO); estructura verificada contra fixture INEGI SCIAN-2023 — ver README de spatial/warehouse,SERIO-78-2018,,scripts/build_crosswalk_maestro.py
339,SUBSECTOR,Otras industrias manufactureras,339,Otras industrias manufactureras,OFFICIAL,VERIFIED,LOW,EXACT,Crosswalk Maestro SCIAN→SERIO v0.1 (autoría Lattise),"Coincidencia directa y exacta uno a uno: el subsector SCIAN 339 ('Otras industrias manufactureras') es, literalmente, uno de los 78 sectores oficiales del modelo SERIO ('Otras industrias manufactureras'). No requiere inferencia económica adicional.",,,Confianza original en Crosswalk Maestro v0.1: ALTA.,v0.1,SCIAN-2018 (base SERIO); estructura verificada contra fixture INEGI SCIAN-2023 — ver README de spatial/warehouse,SERIO-78-2018,,scripts/build_crosswalk_maestro.py
431,SUBSECTOR,"Comercio al por mayor de abarrotes, alimentos, bebidas, hielo y tabaco",431,"Comercio al por mayor de abarrotes, alimentos, bebidas, hielo y tabaco",OFFICIAL,VERIFIED,LOW,EXACT,Crosswalk Maestro SCIAN→SERIO v0.1 (autoría Lattise),"Coincidencia directa y exacta uno a uno: el subsector SCIAN 431 ('Comercio al por mayor de abarrotes, alimentos, bebidas, hielo y tabaco') es, literalmente, uno de los 78 sectores oficiales del modelo SERIO ('Comercio al por mayor de abarrotes, alimentos, bebidas, hielo y tabaco'). No requiere inferencia económica adicional.",,,Confianza original en Crosswalk Maestro v0.1: ALTA.,v0.1,SCIAN-2018 (base SERIO); estructura verificada contra fixture INEGI SCIAN-2023 — ver README de spatial/warehouse,SERIO-78-2018,,scripts/build_crosswalk_maestro.py
432,SUBSECTOR,Comercio al por mayor de productos textiles y calzado,431,"Comercio al por mayor de abarrotes, alimentos, bebidas, hielo y tabaco",OFFICIAL,VERIFIED,LOW,EXACT,Crosswalk Maestro SCIAN→SERIO v0.1 (autoría Lattise),"El modelo SERIO, siguiendo el tratamiento estándar de las matrices insumo-producto y del Sistema de Cuentas Nacionales de México, modela el comercio al por mayor (sector SCIAN 43 completo) como un único sector de margen comercial, sin desagregar por tipo de mercancía comerciada. El subsector 432 queda económicamente contenido en su totalidad dentro de esa actividad de margen, por lo que se asigna al sector SERIO representativo '431' con criterio de agregación metodológica explícita (no ambigüedad de contenido, solo de nivel de agregación).",,,Confianza original en Crosswalk Maestro v0.1: ALTA.,v0.1,SCIAN-2018 (base SERIO); estructura verificada contra fixture INEGI SCIAN-2023 — ver README de spatial/warehouse,SERIO-78-2018,,scripts/build_crosswalk_maestro.py
433,SUBSECTOR,"Comercio al por mayor de productos farmacéuticos, de perfumería, artículos para el esparcimiento, electrodomésticos menores y aparatos de línea blanca",431,"Comercio al por mayor de abarrotes, alimentos, bebidas, hielo y tabaco",OFFICIAL,VERIFIED,LOW,EXACT,Crosswalk Maestro SCIAN→SERIO v0.1 (autoría Lattise),"El modelo SERIO, siguiendo el tratamiento estándar de las matrices insumo-producto y del Sistema de Cuentas Nacionales de México, modela el comercio al por mayor (sector SCIAN 43 completo) como un único sector de margen comercial, sin desagregar por tipo de mercancía comerciada. El subsector 433 queda económicamente contenido en su totalidad dentro de esa actividad de margen, por lo que se asigna al sector SERIO representativo '431' con criterio de agregación metodológica explícita (no ambigüedad de contenido, solo de nivel de agregación).",,,Confianza original en Crosswalk Maestro v0.1: ALTA.,v0.1,SCIAN-2018 (base SERIO); estructura verificada contra fixture INEGI SCIAN-2023 — ver README de spatial/warehouse,SERIO-78-2018,,scripts/build_crosswalk_maestro.py
434,SUBSECTOR,"Comercio al por mayor de materias primas agropecuarias y forestales, para la industria, y materiales de desecho",431,"Comercio al por mayor de abarrotes, alimentos, bebidas, hielo y tabaco",OFFICIAL,VERIFIED,LOW,EXACT,Crosswalk Maestro SCIAN→SERIO v0.1 (autoría Lattise),"El modelo SERIO, siguiendo el tratamiento estándar de las matrices insumo-producto y del Sistema de Cuentas Nacionales de México, modela el comercio al por mayor (sector SCIAN 43 completo) como un único sector de margen comercial, sin desagregar por tipo de mercancía comerciada. El subsector 434 queda económicamente contenido en su totalidad dentro de esa actividad de margen, por lo que se asigna al sector SERIO representativo '431' con criterio de agregación metodológica explícita (no ambigüedad de contenido, solo de nivel de agregación).",,,Confianza original en Crosswalk Maestro v0.1: ALTA.,v0.1,SCIAN-2018 (base SERIO); estructura verificada contra fixture INEGI SCIAN-2023 — ver README de spatial/warehouse,SERIO-78-2018,,scripts/build_crosswalk_maestro.py
435,SUBSECTOR,"Comercio al por mayor de maquinaria, equipo y mobiliario para actividades agropecuarias, industriales, de servicios y comerciales, y de otra maquinaria y equipo de uso general",431,"Comercio al por mayor de abarrotes, alimentos, bebidas, hielo y tabaco",OFFICIAL,VERIFIED,LOW,EXACT,Crosswalk Maestro SCIAN→SERIO v0.1 (autoría Lattise),"El modelo SERIO, siguiendo el tratamiento estándar de las matrices insumo-producto y del Sistema de Cuentas Nacionales de México, modela el comercio al por mayor (sector SCIAN 43 completo) como un único sector de margen comercial, sin desagregar por tipo de mercancía comerciada. El subsector 435 queda económicamente contenido en su totalidad dentro de esa actividad de margen, por lo que se asigna al sector SERIO representativo '431' con criterio de agregación metodológica explícita (no ambigüedad de contenido, solo de nivel de agregación).",,,Confianza original en Crosswalk Maestro v0.1: ALTA.,v0.1,SCIAN-2018 (base SERIO); estructura verificada contra fixture INEGI SCIAN-2023 — ver README de spatial/warehouse,SERIO-78-2018,,scripts/build_crosswalk_maestro.py
436,SUBSECTOR,"Comercio al por mayor de camiones y de partes y refacciones nuevas para automóviles, camionetas y camiones",431,"Comercio al por mayor de abarrotes, alimentos, bebidas, hielo y tabaco",OFFICIAL,VERIFIED,LOW,EXACT,Crosswalk Maestro SCIAN→SERIO v0.1 (autoría Lattise),"El modelo SERIO, siguiendo el tratamiento estándar de las matrices insumo-producto y del Sistema de Cuentas Nacionales de México, modela el comercio al por mayor (sector SCIAN 43 completo) como un único sector de margen comercial, sin desagregar por tipo de mercancía comerciada. El subsector 436 queda económicamente contenido en su totalidad dentro de esa actividad de margen, por lo que se asigna al sector SERIO representativo '431' con criterio de agregación metodológica explícita (no ambigüedad de contenido, solo de nivel de agregación).",,,Confianza original en Crosswalk Maestro v0.1: ALTA.,v0.1,SCIAN-2018 (base SERIO); estructura verificada contra fixture INEGI SCIAN-2023 — ver README de spatial/warehouse,SERIO-78-2018,,scripts/build_crosswalk_maestro.py
437,SUBSECTOR,Intermediación de comercio al por mayor,431,"Comercio al por mayor de abarrotes, alimentos, bebidas, hielo y tabaco",OFFICIAL,VERIFIED,LOW,EXACT,Crosswalk Maestro SCIAN→SERIO v0.1 (autoría Lattise),"El modelo SERIO, siguiendo el tratamiento estándar de las matrices insumo-producto y del Sistema de Cuentas Nacionales de México, modela el comercio al por mayor (sector SCIAN 43 completo) como un único sector de margen comercial, sin desagregar por tipo de mercancía comerciada. El subsector 437 queda económicamente contenido en su totalidad dentro de esa actividad de margen, por lo que se asigna al sector SERIO representativo '431' con criterio de agregación metodológica explícita (no ambigüedad de contenido, solo de nivel de agregación).",,,Confianza original en Crosswalk Maestro v0.1: ALTA.,v0.1,SCIAN-2018 (base SERIO); estructura verificada contra fixture INEGI SCIAN-2023 — ver README de spatial/warehouse,SERIO-78-2018,,scripts/build_crosswalk_maestro.py
461,SUBSECTOR,"Comercio al por menor de abarrotes, alimentos, bebidas, hielo y tabaco",461,"Comercio al por menor de abarrotes, alimentos, bebidas, hielo y tabaco",OFFICIAL,VERIFIED,LOW,EXACT,Crosswalk Maestro SCIAN→SERIO v0.1 (autoría Lattise),"Coincidencia directa y exacta uno a uno: el subsector SCIAN 461 ('Comercio al por menor de abarrotes, alimentos, bebidas, hielo y tabaco') es, literalmente, uno de los 78 sectores oficiales del modelo SERIO ('Comercio al por menor de abarrotes, alimentos, bebidas, hielo y tabaco'). No requiere inferencia económica adicional.",,,Confianza original en Crosswalk Maestro v0.1: ALTA.,v0.1,SCIAN-2018 (base SERIO); estructura verificada contra fixture INEGI SCIAN-2023 — ver README de spatial/warehouse,SERIO-78-2018,,scripts/build_crosswalk_maestro.py
462,SUBSECTOR,Comercio al por menor en tiendas de autoservicio y departamentales,461,"Comercio al por menor de abarrotes, alimentos, bebidas, hielo y tabaco",OFFICIAL,VERIFIED,LOW,EXACT,Crosswalk Maestro SCIAN→SERIO v0.1 (autoría Lattise),"El modelo SERIO modela el comercio al por menor (sector SCIAN 46 completo) como un único sector de margen comercial, siguiendo el mismo criterio metodológico aplicado al comercio al por mayor. El subsector 462 queda contenido íntegramente en dicha actividad de margen y se asigna al sector SERIO representativo '461'.",,,Confianza original en Crosswalk Maestro v0.1: ALTA.,v0.1,SCIAN-2018 (base SERIO); estructura verificada contra fixture INEGI SCIAN-2023 — ver README de spatial/warehouse,SERIO-78-2018,,scripts/build_crosswalk_maestro.py
463,SUBSECTOR,"Comercio al por menor de productos textiles, bisutería, accesorios de vestir y calzado",461,"Comercio al por menor de abarrotes, alimentos, bebidas, hielo y tabaco",OFFICIAL,VERIFIED,LOW,EXACT,Crosswalk Maestro SCIAN→SERIO v0.1 (autoría Lattise),"El modelo SERIO modela el comercio al por menor (sector SCIAN 46 completo) como un único sector de margen comercial, siguiendo el mismo criterio metodológico aplicado al comercio al por mayor. El subsector 463 queda contenido íntegramente en dicha actividad de margen y se asigna al sector SERIO representativo '461'.",,,Confianza original en Crosswalk Maestro v0.1: ALTA.,v0.1,SCIAN-2018 (base SERIO); estructura verificada contra fixture INEGI SCIAN-2023 — ver README de spatial/warehouse,SERIO-78-2018,,scripts/build_crosswalk_maestro.py
464,SUBSECTOR,Comercio al por menor de artículos para el cuidado de la salud,461,"Comercio al por menor de abarrotes, alimentos, bebidas, hielo y tabaco",OFFICIAL,VERIFIED,LOW,EXACT,Crosswalk Maestro SCIAN→SERIO v0.1 (autoría Lattise),"El modelo SERIO modela el comercio al por menor (sector SCIAN 46 completo) como un único sector de margen comercial, siguiendo el mismo criterio metodológico aplicado al comercio al por mayor. El subsector 464 queda contenido íntegramente en dicha actividad de margen y se asigna al sector SERIO representativo '461'.",,,Confianza original en Crosswalk Maestro v0.1: ALTA.,v0.1,SCIAN-2018 (base SERIO); estructura verificada contra fixture INEGI SCIAN-2023 — ver README de spatial/warehouse,SERIO-78-2018,,scripts/build_crosswalk_maestro.py
465,SUBSECTOR,"Comercio al por menor de artículos de papelería, para el esparcimiento y otros artículos de uso personal",461,"Comercio al por menor de abarrotes, alimentos, bebidas, hielo y tabaco",OFFICIAL,VERIFIED,LOW,EXACT,Crosswalk Maestro SCIAN→SERIO v0.1 (autoría Lattise),"El modelo SERIO modela el comercio al por menor (sector SCIAN 46 completo) como un único sector de margen comercial, siguiendo el mismo criterio metodológico aplicado al comercio al por mayor. El subsector 465 queda contenido íntegramente en dicha actividad de margen y se asigna al sector SERIO representativo '461'.",,,Confianza original en Crosswalk Maestro v0.1: ALTA.,v0.1,SCIAN-2018 (base SERIO); estructura verificada contra fixture INEGI SCIAN-2023 — ver README de spatial/warehouse,SERIO-78-2018,,scripts/build_crosswalk_maestro.py
466,SUBSECTOR,"Comercio al por menor de enseres domésticos, computadoras, artículos para la decoración de interiores y artículos usados",461,"Comercio al por menor de abarrotes, alimentos, bebidas, hielo y tabaco",OFFICIAL,VERIFIED,LOW,EXACT,Crosswalk Maestro SCIAN→SERIO v0.1 (autoría Lattise),"El modelo SERIO modela el comercio al por menor (sector SCIAN 46 completo) como un único sector de margen comercial, siguiendo el mismo criterio metodológico aplicado al comercio al por mayor. El subsector 466 queda contenido íntegramente en dicha actividad de margen y se asigna al sector SERIO representativo '461'.",,,Confianza original en Crosswalk Maestro v0.1: ALTA.,v0.1,SCIAN-2018 (base SERIO); estructura verificada contra fixture INEGI SCIAN-2023 — ver README de spatial/warehouse,SERIO-78-2018,,scripts/build_crosswalk_maestro.py
467,SUBSECTOR,"Comercio al por menor de artículos de ferretería, tlapalería y vidrios",461,"Comercio al por menor de abarrotes, alimentos, bebidas, hielo y tabaco",OFFICIAL,VERIFIED,LOW,EXACT,Crosswalk Maestro SCIAN→SERIO v0.1 (autoría Lattise),"El modelo SERIO modela el comercio al por menor (sector SCIAN 46 completo) como un único sector de margen comercial, siguiendo el mismo criterio metodológico aplicado al comercio al por mayor. El subsector 467 queda contenido íntegramente en dicha actividad de margen y se asigna al sector SERIO representativo '461'.",,,Confianza original en Crosswalk Maestro v0.1: ALTA.,v0.1,SCIAN-2018 (base SERIO); estructura verificada contra fixture INEGI SCIAN-2023 — ver README de spatial/warehouse,SERIO-78-2018,,scripts/build_crosswalk_maestro.py
468,SUBSECTOR,"Comercio al por menor de vehículos de motor, refacciones, combustibles y lubricantes",461,"Comercio al por menor de abarrotes, alimentos, bebidas, hielo y tabaco",OFFICIAL,VERIFIED,LOW,EXACT,Crosswalk Maestro SCIAN→SERIO v0.1 (autoría Lattise),"El modelo SERIO modela el comercio al por menor (sector SCIAN 46 completo) como un único sector de margen comercial, siguiendo el mismo criterio metodológico aplicado al comercio al por mayor. El subsector 468 queda contenido íntegramente en dicha actividad de margen y se asigna al sector SERIO representativo '461'.",,,Confianza original en Crosswalk Maestro v0.1: ALTA.,v0.1,SCIAN-2018 (base SERIO); estructura verificada contra fixture INEGI SCIAN-2023 — ver README de spatial/warehouse,SERIO-78-2018,,scripts/build_crosswalk_maestro.py
469,SUBSECTOR,"Intermediación de comercio al por menor, y comercio al por menor a través de catálogos impresos, televisión y similares",461,"Comercio al por menor de abarrotes, alimentos, bebidas, hielo y tabaco",OFFICIAL,VERIFIED,LOW,EXACT,Crosswalk Maestro SCIAN→SERIO v0.1 (autoría Lattise),"El modelo SERIO modela el comercio al por menor (sector SCIAN 46 completo) como un único sector de margen comercial, siguiendo el mismo criterio metodológico aplicado al comercio al por mayor. El subsector 469 queda contenido íntegramente en dicha actividad de margen y se asigna al sector SERIO representativo '461'.",,,Confianza original en Crosswalk Maestro v0.1: ALTA.,v0.1,SCIAN-2018 (base SERIO); estructura verificada contra fixture INEGI SCIAN-2023 — ver README de spatial/warehouse,SERIO-78-2018,,scripts/build_crosswalk_maestro.py
481,SUBSECTOR,Transporte aéreo,481,Transporte aéreo,OFFICIAL,VERIFIED,LOW,EXACT,Crosswalk Maestro SCIAN→SERIO v0.1 (autoría Lattise),"Coincidencia directa y exacta uno a uno: el subsector SCIAN 481 ('Transporte aéreo') es, literalmente, uno de los 78 sectores oficiales del modelo SERIO ('Transporte aéreo'). No requiere inferencia económica adicional.",,,Confianza original en Crosswalk Maestro v0.1: ALTA.,v0.1,SCIAN-2018 (base SERIO); estructura verificada contra fixture INEGI SCIAN-2023 — ver README de spatial/warehouse,SERIO-78-2018,,scripts/build_crosswalk_maestro.py
482,SUBSECTOR,Transporte por ferrocarril,482,Transporte por ferrocarril,OFFICIAL,VERIFIED,LOW,EXACT,Crosswalk Maestro SCIAN→SERIO v0.1 (autoría Lattise),"Coincidencia directa y exacta uno a uno: el subsector SCIAN 482 ('Transporte por ferrocarril') es, literalmente, uno de los 78 sectores oficiales del modelo SERIO ('Transporte por ferrocarril'). No requiere inferencia económica adicional.",,,Confianza original en Crosswalk Maestro v0.1: ALTA.,v0.1,SCIAN-2018 (base SERIO); estructura verificada contra fixture INEGI SCIAN-2023 — ver README de spatial/warehouse,SERIO-78-2018,,scripts/build_crosswalk_maestro.py
483,SUBSECTOR,Transporte por agua,483,Transporte por agua,OFFICIAL,VERIFIED,LOW,EXACT,Crosswalk Maestro SCIAN→SERIO v0.1 (autoría Lattise),"Coincidencia directa y exacta uno a uno: el subsector SCIAN 483 ('Transporte por agua') es, literalmente, uno de los 78 sectores oficiales del modelo SERIO ('Transporte por agua'). No requiere inferencia económica adicional.",,,Confianza original en Crosswalk Maestro v0.1: ALTA.,v0.1,SCIAN-2018 (base SERIO); estructura verificada contra fixture INEGI SCIAN-2023 — ver README de spatial/warehouse,SERIO-78-2018,,scripts/build_crosswalk_maestro.py
484,SUBSECTOR,Autotransporte de carga,484,Autotransporte de carga,OFFICIAL,VERIFIED,LOW,EXACT,Crosswalk Maestro SCIAN→SERIO v0.1 (autoría Lattise),"Coincidencia directa y exacta uno a uno: el subsector SCIAN 484 ('Autotransporte de carga') es, literalmente, uno de los 78 sectores oficiales del modelo SERIO ('Autotransporte de carga'). No requiere inferencia económica adicional.",,,Confianza original en Crosswalk Maestro v0.1: ALTA.,v0.1,SCIAN-2018 (base SERIO); estructura verificada contra fixture INEGI SCIAN-2023 — ver README de spatial/warehouse,SERIO-78-2018,,scripts/build_crosswalk_maestro.py
485,SUBSECTOR,"Transporte terrestre de pasajeros, excepto por ferrocarril",485,"Transporte terrestre de pasajeros, excepto por ferrocarril",OFFICIAL,VERIFIED,LOW,EXACT,Crosswalk Maestro SCIAN→SERIO v0.1 (autoría Lattise),"Coincidencia directa y exacta uno a uno: el subsector SCIAN 485 ('Transporte terrestre de pasajeros, excepto por ferrocarril') es, literalmente, uno de los 78 sectores oficiales del modelo SERIO ('Transporte terrestre de pasajeros, excepto por ferrocarril'). No requiere inferencia económica adicional.",,,Confianza original en Crosswalk Maestro v0.1: ALTA.,v0.1,SCIAN-2018 (base SERIO); estructura verificada contra fixture INEGI SCIAN-2023 — ver README de spatial/warehouse,SERIO-78-2018,,scripts/build_crosswalk_maestro.py
486,SUBSECTOR,Transporte por ductos,486,Transporte por ductos,OFFICIAL,VERIFIED,LOW,EXACT,Crosswalk Maestro SCIAN→SERIO v0.1 (autoría Lattise),"Coincidencia directa y exacta uno a uno: el subsector SCIAN 486 ('Transporte por ductos') es, literalmente, uno de los 78 sectores oficiales del modelo SERIO ('Transporte por ductos'). No requiere inferencia económica adicional.",,,Confianza original en Crosswalk Maestro v0.1: ALTA.,v0.1,SCIAN-2018 (base SERIO); estructura verificada contra fixture INEGI SCIAN-2023 — ver README de spatial/warehouse,SERIO-78-2018,,scripts/build_crosswalk_maestro.py
487,SUBSECTOR,Transporte turístico,487,Transporte turístico,OFFICIAL,VERIFIED,LOW,EXACT,Crosswalk Maestro SCIAN→SERIO v0.1 (autoría Lattise),"Coincidencia directa y exacta uno a uno: el subsector SCIAN 487 ('Transporte turístico') es, literalmente, uno de los 78 sectores oficiales del modelo SERIO ('Transporte turístico'). No requiere inferencia económica adicional.",,,Confianza original en Crosswalk Maestro v0.1: ALTA.,v0.1,SCIAN-2018 (base SERIO); estructura verificada contra fixture INEGI SCIAN-2023 — ver README de spatial/warehouse,SERIO-78-2018,,scripts/build_crosswalk_maestro.py
488,SUBSECTOR,Servicios relacionados con el transporte,488,Servicios relacionados con el transporte,OFFICIAL,VERIFIED,LOW,EXACT,Crosswalk Maestro SCIAN→SERIO v0.1 (autoría Lattise),"Coincidencia directa y exacta uno a uno: el subsector SCIAN 488 ('Servicios relacionados con el transporte') es, literalmente, uno de los 78 sectores oficiales del modelo SERIO ('Servicios relacionados con el transporte'). No requiere inferencia económica adicional.",,,Confianza original en Crosswalk Maestro v0.1: ALTA.,v0.1,SCIAN-2018 (base SERIO); estructura verificada contra fixture INEGI SCIAN-2023 — ver README de spatial/warehouse,SERIO-78-2018,,scripts/build_crosswalk_maestro.py
491,SUBSECTOR,Servicios postales,491,Servicios postales,OFFICIAL,VERIFIED,LOW,EXACT,Crosswalk Maestro SCIAN→SERIO v0.1 (autoría Lattise),"Coincidencia directa y exacta uno a uno: el subsector SCIAN 491 ('Servicios postales') es, literalmente, uno de los 78 sectores oficiales del modelo SERIO ('Servicios postales'). No requiere inferencia económica adicional.",,,Confianza original en Crosswalk Maestro v0.1: ALTA.,v0.1,SCIAN-2018 (base SERIO); estructura verificada contra fixture INEGI SCIAN-2023 — ver README de spatial/warehouse,SERIO-78-2018,,scripts/build_crosswalk_maestro.py
492,SUBSECTOR,Servicios de mensajería y paquetería,492,Servicios de mensajería y paquetería,OFFICIAL,VERIFIED,LOW,EXACT,Crosswalk Maestro SCIAN→SERIO v0.1 (autoría Lattise),"Coincidencia directa y exacta uno a uno: el subsector SCIAN 492 ('Servicios de mensajería y paquetería') es, literalmente, uno de los 78 sectores oficiales del modelo SERIO ('Servicios de mensajería y paquetería'). No requiere inferencia económica adicional.",,,Confianza original en Crosswalk Maestro v0.1: ALTA.,v0.1,SCIAN-2018 (base SERIO); estructura verificada contra fixture INEGI SCIAN-2023 — ver README de spatial/warehouse,SERIO-78-2018,,scripts/build_crosswalk_maestro.py
493,SUBSECTOR,Servicios de almacenamiento,493,Servicios de almacenamiento,OFFICIAL,VERIFIED,LOW,EXACT,Crosswalk Maestro SCIAN→SERIO v0.1 (autoría Lattise),"Coincidencia directa y exacta uno a uno: el subsector SCIAN 493 ('Servicios de almacenamiento') es, literalmente, uno de los 78 sectores oficiales del modelo SERIO ('Servicios de almacenamiento'). No requiere inferencia económica adicional.",,,Confianza original en Crosswalk Maestro v0.1: ALTA.,v0.1,SCIAN-2018 (base SERIO); estructura verificada contra fixture INEGI SCIAN-2023 — ver README de spatial/warehouse,SERIO-78-2018,,scripts/build_crosswalk_maestro.py
512,SUBSECTOR,"Industria fílmica y del video, e industria del sonido",512,"Industria fílmica y del video, e industria del sonido",OFFICIAL,VERIFIED,LOW,EXACT,Crosswalk Maestro SCIAN→SERIO v0.1 (autoría Lattise),"Coincidencia directa y exacta uno a uno: el subsector SCIAN 512 ('Industria fílmica y del video, e industria del sonido') es, literalmente, uno de los 78 sectores oficiales del modelo SERIO ('Industria fílmica y del video, e industria del sonido'). No requiere inferencia económica adicional.",,,Confianza original en Crosswalk Maestro v0.1: ALTA.,v0.1,SCIAN-2018 (base SERIO); estructura verificada contra fixture INEGI SCIAN-2023 — ver README de spatial/warehouse,SERIO-78-2018,,scripts/build_crosswalk_maestro.py
513,SUBSECTOR,"Edición de periódicos, revistas, libros, directorios, software y otros materiales",,,EXPERT,REVIEW_REQUIRED,HIGH,PARTIAL,Crosswalk Maestro SCIAN→SERIO v0.1 (autoría Lattise),"La actualización SCIAN reorganizó el subsector 511 (SCIAN base 2018: 'Edición de periódicos, revistas, libros, software y otros materiales, y edición de estas publicaciones integrada con la impresión') en el subsector 513, separando en una rama distinta la edición de software. El contenido económico central (edición de publicaciones) corresponde al sector SERIO 511, pero se marca para revisión porque SERIO opera sobre la codificación SCIAN 2018 y debe confirmarse la equivalencia exacta a nivel de rama antes de heredar la asignación de forma automática.",,,"Candidato sugerido en Crosswalk Maestro v0.1: 'Edición de periódicos, revistas, libros, software y otros materiales, y edición de estas publicaciones integrada con la impresión' (confianza MEDIA). Requiere confirmación humana explícita (cambiar status a VERIFIED) antes de usarse en el lookup compilado.",v0.1,SCIAN-2018 (base SERIO); estructura verificada contra fixture INEGI SCIAN-2023 — ver README de spatial/warehouse,SERIO-78-2018,,scripts/build_crosswalk_maestro.py
516,SUBSECTOR,Radio y televisión y provisión de contenido,,,EXPERT,REVIEW_REQUIRED,HIGH,PARTIAL,Crosswalk Maestro SCIAN→SERIO v0.1 (autoría Lattise),"La actualización SCIAN renombró y renumeró el subsector 515 (SCIAN base 2018: 'Radio y televisión') como subsector 516 ('Radio y televisión y provisión de contenido'), incorporando explícitamente streaming y redes sociales de contenido audiovisual. El núcleo económico corresponde al sector SERIO 515, pero se marca para revisión por el mismo motivo de vigencia de catálogo (SERIO usa base SCIAN 2018) y porque las nuevas ramas de streaming podrían ameritar discusión sobre si pertenecen a 515 o deben tratarse aparte.",,,Candidato sugerido en Crosswalk Maestro v0.1: 'Radio y televisión' (confianza MEDIA). Requiere confirmación humana explícita (cambiar status a VERIFIED) antes de usarse en el lookup compilado.,v0.1,SCIAN-2018 (base SERIO); estructura verificada contra fixture INEGI SCIAN-2023 — ver README de spatial/warehouse,SERIO-78-2018,,scripts/build_crosswalk_maestro.py
517,SUBSECTOR,Telecomunicaciones,517,Telecomunicaciones,OFFICIAL,VERIFIED,LOW,EXACT,Crosswalk Maestro SCIAN→SERIO v0.1 (autoría Lattise),"Coincidencia directa y exacta uno a uno: el subsector SCIAN 517 ('Telecomunicaciones') es, literalmente, uno de los 78 sectores oficiales del modelo SERIO ('Telecomunicaciones'). No requiere inferencia económica adicional.",,,Confianza original en Crosswalk Maestro v0.1: ALTA.,v0.1,SCIAN-2018 (base SERIO); estructura verificada contra fixture INEGI SCIAN-2023 — ver README de spatial/warehouse,SERIO-78-2018,,scripts/build_crosswalk_maestro.py
518,SUBSECTOR,"Provisión de infraestructura de servicios de cómputo, procesamiento de datos, hospedaje de páginas de internet y otros servicios relacionados",518,"Procesamiento electrónico de información, hospedaje y otros servicios relacionados",OFFICIAL,VERIFIED,LOW,EXACT,Crosswalk Maestro SCIAN→SERIO v0.1 (autoría Lattise),"Coincidencia directa y exacta uno a uno: el subsector SCIAN 518 ('Provisión de infraestructura de servicios de cómputo, procesamiento de datos, hospedaje de páginas de internet y otros servicios relacionados') es, literalmente, uno de los 78 sectores oficiales del modelo SERIO ('Procesamiento electrónico de información, hospedaje y otros servicios relacionados'). No requiere inferencia económica adicional.",,,Confianza original en Crosswalk Maestro v0.1: ALTA.,v0.1,SCIAN-2018 (base SERIO); estructura verificada contra fixture INEGI SCIAN-2023 — ver README de spatial/warehouse,SERIO-78-2018,,scripts/build_crosswalk_maestro.py
519,SUBSECTOR,"Bibliotecas, archivos, portales de búsqueda en la red y otros servicios de suministro de información",519,Otros servicios de información,OFFICIAL,VERIFIED,LOW,EXACT,Crosswalk Maestro SCIAN→SERIO v0.1 (autoría Lattise),"Coincidencia directa y exacta uno a uno: el subsector SCIAN 519 ('Bibliotecas, archivos, portales de búsqueda en la red y otros servicios de suministro de información') es, literalmente, uno de los 78 sectores oficiales del modelo SERIO ('Otros servicios de información'). No requiere inferencia económica adicional.",,,Confianza original en Crosswalk Maestro v0.1: ALTA.,v0.1,SCIAN-2018 (base SERIO); estructura verificada contra fixture INEGI SCIAN-2023 — ver README de spatial/warehouse,SERIO-78-2018,,scripts/build_crosswalk_maestro.py
521,SUBSECTOR,Banca central,521,Banca central,OFFICIAL,VERIFIED,LOW,EXACT,Crosswalk Maestro SCIAN→SERIO v0.1 (autoría Lattise),"Coincidencia directa y exacta uno a uno: el subsector SCIAN 521 ('Banca central') es, literalmente, uno de los 78 sectores oficiales del modelo SERIO ('Banca central'). No requiere inferencia económica adicional.",,,Confianza original en Crosswalk Maestro v0.1: ALTA.,v0.1,SCIAN-2018 (base SERIO); estructura verificada contra fixture INEGI SCIAN-2023 — ver README de spatial/warehouse,SERIO-78-2018,,scripts/build_crosswalk_maestro.py
522,SUBSECTOR,Instituciones de intermediación crediticia y financiera no bursátil,522,Instituciones de intermediación crediticia y financiera no bursátil,OFFICIAL,VERIFIED,LOW,EXACT,Crosswalk Maestro SCIAN→SERIO v0.1 (autoría Lattise),"Coincidencia directa y exacta uno a uno: el subsector SCIAN 522 ('Instituciones de intermediación crediticia y financiera no bursátil') es, literalmente, uno de los 78 sectores oficiales del modelo SERIO ('Instituciones de intermediación crediticia y financiera no bursátil'). No requiere inferencia económica adicional.",,,Confianza original en Crosswalk Maestro v0.1: ALTA.,v0.1,SCIAN-2018 (base SERIO); estructura verificada contra fixture INEGI SCIAN-2023 — ver README de spatial/warehouse,SERIO-78-2018,,scripts/build_crosswalk_maestro.py
523,SUBSECTOR,"Actividades bursátiles, cambiarias y de inversión financiera",523,"Actividades bursátiles, cambiarias y de inversión financiera",OFFICIAL,VERIFIED,LOW,EXACT,Crosswalk Maestro SCIAN→SERIO v0.1 (autoría Lattise),"Coincidencia directa y exacta uno a uno: el subsector SCIAN 523 ('Actividades bursátiles, cambiarias y de inversión financiera') es, literalmente, uno de los 78 sectores oficiales del modelo SERIO ('Actividades bursátiles, cambiarias y de inversión financiera'). No requiere inferencia económica adicional.",,,Confianza original en Crosswalk Maestro v0.1: ALTA.,v0.1,SCIAN-2018 (base SERIO); estructura verificada contra fixture INEGI SCIAN-2023 — ver README de spatial/warehouse,SERIO-78-2018,,scripts/build_crosswalk_maestro.py
524,SUBSECTOR,"Compañías de seguros, fianzas, y administración de fondos para el retiro",524,"Compañías de seguros, fianzas, y administración de fondos para el retiro",OFFICIAL,VERIFIED,LOW,EXACT,Crosswalk Maestro SCIAN→SERIO v0.1 (autoría Lattise),"Coincidencia directa y exacta uno a uno: el subsector SCIAN 524 ('Compañías de seguros, fianzas, y administración de fondos para el retiro') es, literalmente, uno de los 78 sectores oficiales del modelo SERIO ('Compañías de seguros, fianzas, y administración de fondos para el retiro'). No requiere inferencia económica adicional.",,,Confianza original en Crosswalk Maestro v0.1: ALTA.,v0.1,SCIAN-2018 (base SERIO); estructura verificada contra fixture INEGI SCIAN-2023 — ver README de spatial/warehouse,SERIO-78-2018,,scripts/build_crosswalk_maestro.py
525,SUBSECTOR,Sociedades de inversión especializadas en fondos para el retiro y fondos de inversión,524,"Compañías de seguros, fianzas, y administración de fondos para el retiro",EXPERT,VERIFIED,MEDIUM,EXACT,Crosswalk Maestro SCIAN→SERIO v0.1 (autoría Lattise),"Las sociedades de inversión especializadas en fondos para el retiro y los fondos de inversión (525) constituyen una extensión funcional directa de la administración de fondos para el retiro ya contenida en la definición oficial del sector SERIO 524 ('Compañías de seguros, fianzas, y administración de fondos para el retiro'). Ambas actividades pertenecen a la misma cadena de intermediación del ahorro para el retiro (AFORE/SIEFORE) dentro del sistema financiero mexicano. Se asigna con confianza media porque es una decisión de agregación razonable pero no una identidad textual exacta; no se marca para revisión porque no existe ambigüedad real de pertenencia sectorial (no podría pertenecer, por ejemplo, a servicios inmobiliarios o servicios profesionales).",,,Confianza original en Crosswalk Maestro v0.1: MEDIA.,v0.1,SCIAN-2018 (base SERIO); estructura verificada contra fixture INEGI SCIAN-2023 — ver README de spatial/warehouse,SERIO-78-2018,,scripts/build_crosswalk_maestro.py
531,SUBSECTOR,Servicios inmobiliarios,531,Servicios inmobiliarios,OFFICIAL,VERIFIED,LOW,EXACT,Crosswalk Maestro SCIAN→SERIO v0.1 (autoría Lattise),"Coincidencia directa y exacta uno a uno: el subsector SCIAN 531 ('Servicios inmobiliarios') es, literalmente, uno de los 78 sectores oficiales del modelo SERIO ('Servicios inmobiliarios'). No requiere inferencia económica adicional.",,,Confianza original en Crosswalk Maestro v0.1: ALTA.,v0.1,SCIAN-2018 (base SERIO); estructura verificada contra fixture INEGI SCIAN-2023 — ver README de spatial/warehouse,SERIO-78-2018,,scripts/build_crosswalk_maestro.py
532,SUBSECTOR,Servicios de alquiler de bienes muebles,532,Servicios de alquiler de bienes muebles,OFFICIAL,VERIFIED,LOW,EXACT,Crosswalk Maestro SCIAN→SERIO v0.1 (autoría Lattise),"Coincidencia directa y exacta uno a uno: el subsector SCIAN 532 ('Servicios de alquiler de bienes muebles') es, literalmente, uno de los 78 sectores oficiales del modelo SERIO ('Servicios de alquiler de bienes muebles'). No requiere inferencia económica adicional.",,,Confianza original en Crosswalk Maestro v0.1: ALTA.,v0.1,SCIAN-2018 (base SERIO); estructura verificada contra fixture INEGI SCIAN-2023 — ver README de spatial/warehouse,SERIO-78-2018,,scripts/build_crosswalk_maestro.py
533,SUBSECTOR,"Servicios de alquiler de marcas registradas, patentes y franquicias",533,"Servicios de alquiler de marcas registradas, patentes y franquicias",OFFICIAL,VERIFIED,LOW,EXACT,Crosswalk Maestro SCIAN→SERIO v0.1 (autoría Lattise),"Coincidencia directa y exacta uno a uno: el subsector SCIAN 533 ('Servicios de alquiler de marcas registradas, patentes y franquicias') es, literalmente, uno de los 78 sectores oficiales del modelo SERIO ('Servicios de alquiler de marcas registradas, patentes y franquicias'). No requiere inferencia económica adicional.",,,Confianza original en Crosswalk Maestro v0.1: ALTA.,v0.1,SCIAN-2018 (base SERIO); estructura verificada contra fixture INEGI SCIAN-2023 — ver README de spatial/warehouse,SERIO-78-2018,,scripts/build_crosswalk_maestro.py
541,SUBSECTOR,"Servicios profesionales, científicos y técnicos",541,"Servicios profesionales, científicos y técnicos",OFFICIAL,VERIFIED,LOW,EXACT,Crosswalk Maestro SCIAN→SERIO v0.1 (autoría Lattise),"Coincidencia directa y exacta uno a uno: el subsector SCIAN 541 ('Servicios profesionales, científicos y técnicos') es, literalmente, uno de los 78 sectores oficiales del modelo SERIO ('Servicios profesionales, científicos y técnicos'). No requiere inferencia económica adicional.",,,Confianza original en Crosswalk Maestro v0.1: ALTA.,v0.1,SCIAN-2018 (base SERIO); estructura verificada contra fixture INEGI SCIAN-2023 — ver README de spatial/warehouse,SERIO-78-2018,,scripts/build_crosswalk_maestro.py
551,SUBSECTOR,Dirección y administración de grupos empresariales o corporativos,551,Corporativos,OFFICIAL,VERIFIED,LOW,EXACT,Crosswalk Maestro SCIAN→SERIO v0.1 (autoría Lattise),"Coincidencia directa y exacta uno a uno: el subsector SCIAN 551 ('Dirección y administración de grupos empresariales o corporativos') es, literalmente, uno de los 78 sectores oficiales del modelo SERIO ('Corporativos'). No requiere inferencia económica adicional.",,,Confianza original en Crosswalk Maestro v0.1: ALTA.,v0.1,SCIAN-2018 (base SERIO); estructura verificada contra fixture INEGI SCIAN-2023 — ver README de spatial/warehouse,SERIO-78-2018,,scripts/build_crosswalk_maestro.py
561,SUBSECTOR,Servicios de apoyo a los negocios,561,Servicios de apoyo a los negocios,OFFICIAL,VERIFIED,LOW,EXACT,Crosswalk Maestro SCIAN→SERIO v0.1 (autoría Lattise),"Coincidencia directa y exacta uno a uno: el subsector SCIAN 561 ('Servicios de apoyo a los negocios') es, literalmente, uno de los 78 sectores oficiales del modelo SERIO ('Servicios de apoyo a los negocios'). No requiere inferencia económica adicional.",,,Confianza original en Crosswalk Maestro v0.1: ALTA.,v0.1,SCIAN-2018 (base SERIO); estructura verificada contra fixture INEGI SCIAN-2023 — ver README de spatial/warehouse,SERIO-78-2018,,scripts/build_crosswalk_maestro.py
562,SUBSECTOR,Manejo de residuos y servicios de remediación,562,Manejo de residuos y servicios de remediación,OFFICIAL,VERIFIED,LOW,EXACT,Crosswalk Maestro SCIAN→SERIO v0.1 (autoría Lattise),"Coincidencia directa y exacta uno a uno: el subsector SCIAN 562 ('Manejo de residuos y servicios de remediación') es, literalmente, uno de los 78 sectores oficiales del modelo SERIO ('Manejo de residuos y servicios de remediación'). No requiere inferencia económica adicional.",,,Confianza original en Crosswalk Maestro v0.1: ALTA.,v0.1,SCIAN-2018 (base SERIO); estructura verificada contra fixture INEGI SCIAN-2023 — ver README de spatial/warehouse,SERIO-78-2018,,scripts/build_crosswalk_maestro.py
611,SUBSECTOR,Servicios educativos,611,Servicios educativos,OFFICIAL,VERIFIED,LOW,EXACT,Crosswalk Maestro SCIAN→SERIO v0.1 (autoría Lattise),"Coincidencia directa y exacta uno a uno: el subsector SCIAN 611 ('Servicios educativos') es, literalmente, uno de los 78 sectores oficiales del modelo SERIO ('Servicios educativos'). No requiere inferencia económica adicional.",,,Confianza original en Crosswalk Maestro v0.1: ALTA.,v0.1,SCIAN-2018 (base SERIO); estructura verificada contra fixture INEGI SCIAN-2023 — ver README de spatial/warehouse,SERIO-78-2018,,scripts/build_crosswalk_maestro.py
621,SUBSECTOR,Servicios médicos de consulta externa y servicios relacionados,621,Servicios médicos de consulta externa y servicios relacionados,OFFICIAL,VERIFIED,LOW,EXACT,Crosswalk Maestro SCIAN→SERIO v0.1 (autoría Lattise),"Coincidencia directa y exacta uno a uno: el subsector SCIAN 621 ('Servicios médicos de consulta externa y servicios relacionados') es, literalmente, uno de los 78 sectores oficiales del modelo SERIO ('Servicios médicos de consulta externa y servicios relacionados'). No requiere inferencia económica adicional.",,,Confianza original en Crosswalk Maestro v0.1: ALTA.,v0.1,SCIAN-2018 (base SERIO); estructura verificada contra fixture INEGI SCIAN-2023 — ver README de spatial/warehouse,SERIO-78-2018,,scripts/build_crosswalk_maestro.py
622,SUBSECTOR,Hospitales,622,Hospitales,OFFICIAL,VERIFIED,LOW,EXACT,Crosswalk Maestro SCIAN→SERIO v0.1 (autoría Lattise),"Coincidencia directa y exacta uno a uno: el subsector SCIAN 622 ('Hospitales') es, literalmente, uno de los 78 sectores oficiales del modelo SERIO ('Hospitales'). No requiere inferencia económica adicional.",,,Confianza original en Crosswalk Maestro v0.1: ALTA.,v0.1,SCIAN-2018 (base SERIO); estructura verificada contra fixture INEGI SCIAN-2023 — ver README de spatial/warehouse,SERIO-78-2018,,scripts/build_crosswalk_maestro.py
623,SUBSECTOR,Residencias de asistencia social y para el cuidado de la salud,623,Residencias de asistencia social y para el cuidado de la salud,OFFICIAL,VERIFIED,LOW,EXACT,Crosswalk Maestro SCIAN→SERIO v0.1 (autoría Lattise),"Coincidencia directa y exacta uno a uno: el subsector SCIAN 623 ('Residencias de asistencia social y para el cuidado de la salud') es, literalmente, uno de los 78 sectores oficiales del modelo SERIO ('Residencias de asistencia social y para el cuidado de la salud'). No requiere inferencia económica adicional.",,,Confianza original en Crosswalk Maestro v0.1: ALTA.,v0.1,SCIAN-2018 (base SERIO); estructura verificada contra fixture INEGI SCIAN-2023 — ver README de spatial/warehouse,SERIO-78-2018,,scripts/build_crosswalk_maestro.py
624,SUBSECTOR,Otros servicios de asistencia social,624,Otros servicios de asistencia social,OFFICIAL,VERIFIED,LOW,EXACT,Crosswalk Maestro SCIAN→SERIO v0.1 (autoría Lattise),"Coincidencia directa y exacta uno a uno: el subsector SCIAN 624 ('Otros servicios de asistencia social') es, literalmente, uno de los 78 sectores oficiales del modelo SERIO ('Otros servicios de asistencia social'). No requiere inferencia económica adicional.",,,Confianza original en Crosswalk Maestro v0.1: ALTA.,v0.1,SCIAN-2018 (base SERIO); estructura verificada contra fixture INEGI SCIAN-2023 — ver README de spatial/warehouse,SERIO-78-2018,,scripts/build_crosswalk_maestro.py
711,SUBSECTOR,"Servicios artísticos, culturales y deportivos, y otros servicios relacionados",711,"Servicios artísticos, culturales y deportivos, y otros servicios relacionados",OFFICIAL,VERIFIED,LOW,EXACT,Crosswalk Maestro SCIAN→SERIO v0.1 (autoría Lattise),"Coincidencia directa y exacta uno a uno: el subsector SCIAN 711 ('Servicios artísticos, culturales y deportivos, y otros servicios relacionados') es, literalmente, uno de los 78 sectores oficiales del modelo SERIO ('Servicios artísticos, culturales y deportivos, y otros servicios relacionados'). No requiere inferencia económica adicional.",,,Confianza original en Crosswalk Maestro v0.1: ALTA.,v0.1,SCIAN-2018 (base SERIO); estructura verificada contra fixture INEGI SCIAN-2023 — ver README de spatial/warehouse,SERIO-78-2018,,scripts/build_crosswalk_maestro.py
712,SUBSECTOR,"Museos, sitios históricos, zoológicos y similares",712,"Museos, sitios históricos, zoológicos y similares",OFFICIAL,VERIFIED,LOW,EXACT,Crosswalk Maestro SCIAN→SERIO v0.1 (autoría Lattise),"Coincidencia directa y exacta uno a uno: el subsector SCIAN 712 ('Museos, sitios históricos, zoológicos y similares') es, literalmente, uno de los 78 sectores oficiales del modelo SERIO ('Museos, sitios históricos, zoológicos y similares'). No requiere inferencia económica adicional.",,,Confianza original en Crosswalk Maestro v0.1: ALTA.,v0.1,SCIAN-2018 (base SERIO); estructura verificada contra fixture INEGI SCIAN-2023 — ver README de spatial/warehouse,SERIO-78-2018,,scripts/build_crosswalk_maestro.py
713,SUBSECTOR,Servicios de entretenimiento en instalaciones recreativas y otros servicios recreativos,713,Servicios de entretenimiento en instalaciones recreativas y otros servicios recreativos,OFFICIAL,VERIFIED,LOW,EXACT,Crosswalk Maestro SCIAN→SERIO v0.1 (autoría Lattise),"Coincidencia directa y exacta uno a uno: el subsector SCIAN 713 ('Servicios de entretenimiento en instalaciones recreativas y otros servicios recreativos') es, literalmente, uno de los 78 sectores oficiales del modelo SERIO ('Servicios de entretenimiento en instalaciones recreativas y otros servicios recreativos'). No requiere inferencia económica adicional.",,,Confianza original en Crosswalk Maestro v0.1: ALTA.,v0.1,SCIAN-2018 (base SERIO); estructura verificada contra fixture INEGI SCIAN-2023 — ver README de spatial/warehouse,SERIO-78-2018,,scripts/build_crosswalk_maestro.py
721,SUBSECTOR,Servicios de alojamiento temporal,721,Servicios de alojamiento temporal,OFFICIAL,VERIFIED,LOW,EXACT,Crosswalk Maestro SCIAN→SERIO v0.1 (autoría Lattise),"Coincidencia directa y exacta uno a uno: el subsector SCIAN 721 ('Servicios de alojamiento temporal') es, literalmente, uno de los 78 sectores oficiales del modelo SERIO ('Servicios de alojamiento temporal'). No requiere inferencia económica adicional.",,,Confianza original en Crosswalk Maestro v0.1: ALTA.,v0.1,SCIAN-2018 (base SERIO); estructura verificada contra fixture INEGI SCIAN-2023 — ver README de spatial/warehouse,SERIO-78-2018,,scripts/build_crosswalk_maestro.py
722,SUBSECTOR,Servicios de preparación de alimentos y bebidas,722,Servicios de preparación de alimentos y bebidas,OFFICIAL,VERIFIED,LOW,EXACT,Crosswalk Maestro SCIAN→SERIO v0.1 (autoría Lattise),"Coincidencia directa y exacta uno a uno: el subsector SCIAN 722 ('Servicios de preparación de alimentos y bebidas') es, literalmente, uno de los 78 sectores oficiales del modelo SERIO ('Servicios de preparación de alimentos y bebidas'). No requiere inferencia económica adicional.",,,Confianza original en Crosswalk Maestro v0.1: ALTA.,v0.1,SCIAN-2018 (base SERIO); estructura verificada contra fixture INEGI SCIAN-2023 — ver README de spatial/warehouse,SERIO-78-2018,,scripts/build_crosswalk_maestro.py
811,SUBSECTOR,Servicios de reparación y mantenimiento,811,Servicios de reparación y mantenimiento,OFFICIAL,VERIFIED,LOW,EXACT,Crosswalk Maestro SCIAN→SERIO v0.1 (autoría Lattise),"Coincidencia directa y exacta uno a uno: el subsector SCIAN 811 ('Servicios de reparación y mantenimiento') es, literalmente, uno de los 78 sectores oficiales del modelo SERIO ('Servicios de reparación y mantenimiento'). No requiere inferencia económica adicional.",,,Confianza original en Crosswalk Maestro v0.1: ALTA.,v0.1,SCIAN-2018 (base SERIO); estructura verificada contra fixture INEGI SCIAN-2023 — ver README de spatial/warehouse,SERIO-78-2018,,scripts/build_crosswalk_maestro.py
812,SUBSECTOR,Servicios personales,812,Servicios personales,OFFICIAL,VERIFIED,LOW,EXACT,Crosswalk Maestro SCIAN→SERIO v0.1 (autoría Lattise),"Coincidencia directa y exacta uno a uno: el subsector SCIAN 812 ('Servicios personales') es, literalmente, uno de los 78 sectores oficiales del modelo SERIO ('Servicios personales'). No requiere inferencia económica adicional.",,,Confianza original en Crosswalk Maestro v0.1: ALTA.,v0.1,SCIAN-2018 (base SERIO); estructura verificada contra fixture INEGI SCIAN-2023 — ver README de spatial/warehouse,SERIO-78-2018,,scripts/build_crosswalk_maestro.py
813,SUBSECTOR,Asociaciones y organizaciones,813,Asociaciones y organizaciones,OFFICIAL,VERIFIED,LOW,EXACT,Crosswalk Maestro SCIAN→SERIO v0.1 (autoría Lattise),"Coincidencia directa y exacta uno a uno: el subsector SCIAN 813 ('Asociaciones y organizaciones') es, literalmente, uno de los 78 sectores oficiales del modelo SERIO ('Asociaciones y organizaciones'). No requiere inferencia económica adicional.",,,Confianza original en Crosswalk Maestro v0.1: ALTA.,v0.1,SCIAN-2018 (base SERIO); estructura verificada contra fixture INEGI SCIAN-2023 — ver README de spatial/warehouse,SERIO-78-2018,,scripts/build_crosswalk_maestro.py
814,SUBSECTOR,Hogares con empleados domésticos,814,Hogares con empleados domésticos,OFFICIAL,VERIFIED,LOW,EXACT,Crosswalk Maestro SCIAN→SERIO v0.1 (autoría Lattise),"Coincidencia directa y exacta uno a uno: el subsector SCIAN 814 ('Hogares con empleados domésticos') es, literalmente, uno de los 78 sectores oficiales del modelo SERIO ('Hogares con empleados domésticos'). No requiere inferencia económica adicional.",,,Confianza original en Crosswalk Maestro v0.1: ALTA.,v0.1,SCIAN-2018 (base SERIO); estructura verificada contra fixture INEGI SCIAN-2023 — ver README de spatial/warehouse,SERIO-78-2018,,scripts/build_crosswalk_maestro.py
931,SUBSECTOR,"Actividades legislativas, gubernamentales y de impartición de justicia",931,"Actividades legislativas, gubernamentales y de impartición de justicia",OFFICIAL,VERIFIED,LOW,EXACT,Crosswalk Maestro SCIAN→SERIO v0.1 (autoría Lattise),"Coincidencia directa y exacta uno a uno: el subsector SCIAN 931 ('Actividades legislativas, gubernamentales y de impartición de justicia') es, literalmente, uno de los 78 sectores oficiales del modelo SERIO ('Actividades legislativas, gubernamentales y de impartición de justicia'). No requiere inferencia económica adicional.",,,Confianza original en Crosswalk Maestro v0.1: ALTA.,v0.1,SCIAN-2018 (base SERIO); estructura verificada contra fixture INEGI SCIAN-2023 — ver README de spatial/warehouse,SERIO-78-2018,,scripts/build_crosswalk_maestro.py
932,SUBSECTOR,Organismos internacionales y extraterritoriales,,,EXPERT,REVIEW_REQUIRED,HIGH,PARTIAL,Crosswalk Maestro SCIAN→SERIO v0.1 (autoría Lattise),"La actualización SCIAN separó 'Organismos internacionales y extraterritoriales' como subsector independiente (932); en SCIAN base 2018 -que es la base del modelo SERIO- esta actividad estaba integrada en el subsector único 931 ('Actividades legislativas, gubernamentales, de impartición de justicia y de organismos internacionales y extraterritoriales'), que es como aparece en el catálogo de 78 sectores SERIO. Se marca para revisión por el mismo motivo de vigencia de catálogo que en los casos 513 y 516.",,,"Candidato sugerido en Crosswalk Maestro v0.1: 'Actividades legislativas, gubernamentales y de impartición de justicia' (confianza MEDIA). Requiere confirmación humana explícita (cambiar status a VERIFIED) antes de usarse en el lookup compilado.",v0.1,SCIAN-2018 (base SERIO); estructura verificada contra fixture INEGI SCIAN-2023 — ver README de spatial/warehouse,SERIO-78-2018,,scripts/build_crosswalk_maestro.py
1111,RAMA,"Cultivo de semillas oleaginosas, leguminosas y cereales",111,Agricultura,OFFICIAL,VERIFIED,LOW,EXACT,Crosswalk Maestro SCIAN→SERIO v0.1 (autoría Lattise),"Hereda la clasificación de su subsector padre SCIAN 111 ('Agricultura'), asignado al sector SERIO 'Agricultura'. Fundamento del subsector padre: Coincidencia directa y exacta uno a uno: el subsector SCIAN 111 ('Agricultura') es, literalmente, uno de los 78 sectores oficiales del modelo SERIO ('Agricultura'). No requiere inferencia económica adicional.",,,Confianza original en Crosswalk Maestro v0.1: ALTA.,v0.1,SCIAN-2018 (base SERIO); estructura verificada contra fixture INEGI SCIAN-2023 — ver README de spatial/warehouse,SERIO-78-2018,,scripts/build_crosswalk_maestro.py
1112,RAMA,Cultivo de hortalizas,111,Agricultura,OFFICIAL,VERIFIED,LOW,EXACT,Crosswalk Maestro SCIAN→SERIO v0.1 (autoría Lattise),"Hereda la clasificación de su subsector padre SCIAN 111 ('Agricultura'), asignado al sector SERIO 'Agricultura'. Fundamento del subsector padre: Coincidencia directa y exacta uno a uno: el subsector SCIAN 111 ('Agricultura') es, literalmente, uno de los 78 sectores oficiales del modelo SERIO ('Agricultura'). No requiere inferencia económica adicional.",,,Confianza original en Crosswalk Maestro v0.1: ALTA.,v0.1,SCIAN-2018 (base SERIO); estructura verificada contra fixture INEGI SCIAN-2023 — ver README de spatial/warehouse,SERIO-78-2018,,scripts/build_crosswalk_maestro.py
1113,RAMA,Cultivo de frutales y nueces,111,Agricultura,OFFICIAL,VERIFIED,LOW,EXACT,Crosswalk Maestro SCIAN→SERIO v0.1 (autoría Lattise),"Hereda la clasificación de su subsector padre SCIAN 111 ('Agricultura'), asignado al sector SERIO 'Agricultura'. Fundamento del subsector padre: Coincidencia directa y exacta uno a uno: el subsector SCIAN 111 ('Agricultura') es, literalmente, uno de los 78 sectores oficiales del modelo SERIO ('Agricultura'). No requiere inferencia económica adicional.",,,Confianza original en Crosswalk Maestro v0.1: ALTA.,v0.1,SCIAN-2018 (base SERIO); estructura verificada contra fixture INEGI SCIAN-2023 — ver README de spatial/warehouse,SERIO-78-2018,,scripts/build_crosswalk_maestro.py
1114,RAMA,"Cultivo en invernaderos y otras estructuras agrícolas protegidas, y floricultura",111,Agricultura,OFFICIAL,VERIFIED,LOW,EXACT,Crosswalk Maestro SCIAN→SERIO v0.1 (autoría Lattise),"Hereda la clasificación de su subsector padre SCIAN 111 ('Agricultura'), asignado al sector SERIO 'Agricultura'. Fundamento del subsector padre: Coincidencia directa y exacta uno a uno: el subsector SCIAN 111 ('Agricultura') es, literalmente, uno de los 78 sectores oficiales del modelo SERIO ('Agricultura'). No requiere inferencia económica adicional.",,,Confianza original en Crosswalk Maestro v0.1: ALTA.,v0.1,SCIAN-2018 (base SERIO); estructura verificada contra fixture INEGI SCIAN-2023 — ver README de spatial/warehouse,SERIO-78-2018,,scripts/build_crosswalk_maestro.py
1119,RAMA,Otros cultivos,111,Agricultura,OFFICIAL,VERIFIED,LOW,EXACT,Crosswalk Maestro SCIAN→SERIO v0.1 (autoría Lattise),"Hereda la clasificación de su subsector padre SCIAN 111 ('Agricultura'), asignado al sector SERIO 'Agricultura'. Fundamento del subsector padre: Coincidencia directa y exacta uno a uno: el subsector SCIAN 111 ('Agricultura') es, literalmente, uno de los 78 sectores oficiales del modelo SERIO ('Agricultura'). No requiere inferencia económica adicional.",,,Confianza original en Crosswalk Maestro v0.1: ALTA.,v0.1,SCIAN-2018 (base SERIO); estructura verificada contra fixture INEGI SCIAN-2023 — ver README de spatial/warehouse,SERIO-78-2018,,scripts/build_crosswalk_maestro.py
1121,RAMA,Explotación de bovinos,112,Cría y explotación de animales,OFFICIAL,VERIFIED,LOW,EXACT,Crosswalk Maestro SCIAN→SERIO v0.1 (autoría Lattise),"Hereda la clasificación de su subsector padre SCIAN 112 ('Cría y explotación de animales'), asignado al sector SERIO 'Cría y explotación de animales'. Fundamento del subsector padre: Coincidencia directa y exacta uno a uno: el subsector SCIAN 112 ('Cría y explotación de animales') es, literalmente, uno de los 78 sectores oficiales del modelo SERIO ('Cría y explotación de animales'). No requiere inferencia económica adicional.",,,Confianza original en Crosswalk Maestro v0.1: ALTA.,v0.1,SCIAN-2018 (base SERIO); estructura verificada contra fixture INEGI SCIAN-2023 — ver README de spatial/warehouse,SERIO-78-2018,,scripts/build_crosswalk_maestro.py
1122,RAMA,Explotación de porcinos,112,Cría y explotación de animales,OFFICIAL,VERIFIED,LOW,EXACT,Crosswalk Maestro SCIAN→SERIO v0.1 (autoría Lattise),"Hereda la clasificación de su subsector padre SCIAN 112 ('Cría y explotación de animales'), asignado al sector SERIO 'Cría y explotación de animales'. Fundamento del subsector padre: Coincidencia directa y exacta uno a uno: el subsector SCIAN 112 ('Cría y explotación de animales') es, literalmente, uno de los 78 sectores oficiales del modelo SERIO ('Cría y explotación de animales'). No requiere inferencia económica adicional.",,,Confianza original en Crosswalk Maestro v0.1: ALTA.,v0.1,SCIAN-2018 (base SERIO); estructura verificada contra fixture INEGI SCIAN-2023 — ver README de spatial/warehouse,SERIO-78-2018,,scripts/build_crosswalk_maestro.py
1123,RAMA,Explotación avícola,112,Cría y explotación de animales,OFFICIAL,VERIFIED,LOW,EXACT,Crosswalk Maestro SCIAN→SERIO v0.1 (autoría Lattise),"Hereda la clasificación de su subsector padre SCIAN 112 ('Cría y explotación de animales'), asignado al sector SERIO 'Cría y explotación de animales'. Fundamento del subsector padre: Coincidencia directa y exacta uno a uno: el subsector SCIAN 112 ('Cría y explotación de animales') es, literalmente, uno de los 78 sectores oficiales del modelo SERIO ('Cría y explotación de animales'). No requiere inferencia económica adicional.",,,Confianza original en Crosswalk Maestro v0.1: ALTA.,v0.1,SCIAN-2018 (base SERIO); estructura verificada contra fixture INEGI SCIAN-2023 — ver README de spatial/warehouse,SERIO-78-2018,,scripts/build_crosswalk_maestro.py
1124,RAMA,Explotación de ovinos y caprinos,112,Cría y explotación de animales,OFFICIAL,VERIFIED,LOW,EXACT,Crosswalk Maestro SCIAN→SERIO v0.1 (autoría Lattise),"Hereda la clasificación de su subsector padre SCIAN 112 ('Cría y explotación de animales'), asignado al sector SERIO 'Cría y explotación de animales'. Fundamento del subsector padre: Coincidencia directa y exacta uno a uno: el subsector SCIAN 112 ('Cría y explotación de animales') es, literalmente, uno de los 78 sectores oficiales del modelo SERIO ('Cría y explotación de animales'). No requiere inferencia económica adicional.",,,Confianza original en Crosswalk Maestro v0.1: ALTA.,v0.1,SCIAN-2018 (base SERIO); estructura verificada contra fixture INEGI SCIAN-2023 — ver README de spatial/warehouse,SERIO-78-2018,,scripts/build_crosswalk_maestro.py
1125,RAMA,Acuicultura,112,Cría y explotación de animales,OFFICIAL,VERIFIED,LOW,EXACT,Crosswalk Maestro SCIAN→SERIO v0.1 (autoría Lattise),"Hereda la clasificación de su subsector padre SCIAN 112 ('Cría y explotación de animales'), asignado al sector SERIO 'Cría y explotación de animales'. Fundamento del subsector padre: Coincidencia directa y exacta uno a uno: el subsector SCIAN 112 ('Cría y explotación de animales') es, literalmente, uno de los 78 sectores oficiales del modelo SERIO ('Cría y explotación de animales'). No requiere inferencia económica adicional.",,,Confianza original en Crosswalk Maestro v0.1: ALTA.,v0.1,SCIAN-2018 (base SERIO); estructura verificada contra fixture INEGI SCIAN-2023 — ver README de spatial/warehouse,SERIO-78-2018,,scripts/build_crosswalk_maestro.py
1129,RAMA,Explotación de otros animales,112,Cría y explotación de animales,OFFICIAL,VERIFIED,LOW,EXACT,Crosswalk Maestro SCIAN→SERIO v0.1 (autoría Lattise),"Hereda la clasificación de su subsector padre SCIAN 112 ('Cría y explotación de animales'), asignado al sector SERIO 'Cría y explotación de animales'. Fundamento del subsector padre: Coincidencia directa y exacta uno a uno: el subsector SCIAN 112 ('Cría y explotación de animales') es, literalmente, uno de los 78 sectores oficiales del modelo SERIO ('Cría y explotación de animales'). No requiere inferencia económica adicional.",,,Confianza original en Crosswalk Maestro v0.1: ALTA.,v0.1,SCIAN-2018 (base SERIO); estructura verificada contra fixture INEGI SCIAN-2023 — ver README de spatial/warehouse,SERIO-78-2018,,scripts/build_crosswalk_maestro.py
1131,RAMA,Silvicultura,113,Aprovechamiento forestal,OFFICIAL,VERIFIED,LOW,EXACT,Crosswalk Maestro SCIAN→SERIO v0.1 (autoría Lattise),"Hereda la clasificación de su subsector padre SCIAN 113 ('Aprovechamiento forestal'), asignado al sector SERIO 'Aprovechamiento forestal'. Fundamento del subsector padre: Coincidencia directa y exacta uno a uno: el subsector SCIAN 113 ('Aprovechamiento forestal') es, literalmente, uno de los 78 sectores oficiales del modelo SERIO ('Aprovechamiento forestal'). No requiere inferencia económica adicional.",,,Confianza original en Crosswalk Maestro v0.1: ALTA.,v0.1,SCIAN-2018 (base SERIO); estructura verificada contra fixture INEGI SCIAN-2023 — ver README de spatial/warehouse,SERIO-78-2018,,scripts/build_crosswalk_maestro.py
1132,RAMA,Viveros forestales y recolección de productos forestales,113,Aprovechamiento forestal,OFFICIAL,VERIFIED,LOW,EXACT,Crosswalk Maestro SCIAN→SERIO v0.1 (autoría Lattise),"Hereda la clasificación de su subsector padre SCIAN 113 ('Aprovechamiento forestal'), asignado al sector SERIO 'Aprovechamiento forestal'. Fundamento del subsector padre: Coincidencia directa y exacta uno a uno: el subsector SCIAN 113 ('Aprovechamiento forestal') es, literalmente, uno de los 78 sectores oficiales del modelo SERIO ('Aprovechamiento forestal'). No requiere inferencia económica adicional.",,,Confianza original en Crosswalk Maestro v0.1: ALTA.,v0.1,SCIAN-2018 (base SERIO); estructura verificada contra fixture INEGI SCIAN-2023 — ver README de spatial/warehouse,SERIO-78-2018,,scripts/build_crosswalk_maestro.py
1133,RAMA,Aprovechamiento de árboles,113,Aprovechamiento forestal,OFFICIAL,VERIFIED,LOW,EXACT,Crosswalk Maestro SCIAN→SERIO v0.1 (autoría Lattise),"Hereda la clasificación de su subsector padre SCIAN 113 ('Aprovechamiento forestal'), asignado al sector SERIO 'Aprovechamiento forestal'. Fundamento del subsector padre: Coincidencia directa y exacta uno a uno: el subsector SCIAN 113 ('Aprovechamiento forestal') es, literalmente, uno de los 78 sectores oficiales del modelo SERIO ('Aprovechamiento forestal'). No requiere inferencia económica adicional.",,,Confianza original en Crosswalk Maestro v0.1: ALTA.,v0.1,SCIAN-2018 (base SERIO); estructura verificada contra fixture INEGI SCIAN-2023 — ver README de spatial/warehouse,SERIO-78-2018,,scripts/build_crosswalk_maestro.py
1141,RAMA,Pesca,114,"Pesca, caza y captura",OFFICIAL,VERIFIED,LOW,EXACT,Crosswalk Maestro SCIAN→SERIO v0.1 (autoría Lattise),"Hereda la clasificación de su subsector padre SCIAN 114 ('Pesca, caza y captura'), asignado al sector SERIO 'Pesca, caza y captura'. Fundamento del subsector padre: Coincidencia directa y exacta uno a uno: el subsector SCIAN 114 ('Pesca, caza y captura') es, literalmente, uno de los 78 sectores oficiales del modelo SERIO ('Pesca, caza y captura'). No requiere inferencia económica adicional.",,,Confianza original en Crosswalk Maestro v0.1: ALTA.,v0.1,SCIAN-2018 (base SERIO); estructura verificada contra fixture INEGI SCIAN-2023 — ver README de spatial/warehouse,SERIO-78-2018,,scripts/build_crosswalk_maestro.py
1142,RAMA,Caza y captura,114,"Pesca, caza y captura",OFFICIAL,VERIFIED,LOW,EXACT,Crosswalk Maestro SCIAN→SERIO v0.1 (autoría Lattise),"Hereda la clasificación de su subsector padre SCIAN 114 ('Pesca, caza y captura'), asignado al sector SERIO 'Pesca, caza y captura'. Fundamento del subsector padre: Coincidencia directa y exacta uno a uno: el subsector SCIAN 114 ('Pesca, caza y captura') es, literalmente, uno de los 78 sectores oficiales del modelo SERIO ('Pesca, caza y captura'). No requiere inferencia económica adicional.",,,Confianza original en Crosswalk Maestro v0.1: ALTA.,v0.1,SCIAN-2018 (base SERIO); estructura verificada contra fixture INEGI SCIAN-2023 — ver README de spatial/warehouse,SERIO-78-2018,,scripts/build_crosswalk_maestro.py
1151,RAMA,Servicios relacionados con la agricultura,115,Servicios relacionados con las actividades agropecuarias y forestales,OFFICIAL,VERIFIED,LOW,EXACT,Crosswalk Maestro SCIAN→SERIO v0.1 (autoría Lattise),"Hereda la clasificación de su subsector padre SCIAN 115 ('Servicios relacionados con las actividades agropecuarias y forestales'), asignado al sector SERIO 'Servicios relacionados con las actividades agropecuarias y forestales'. Fundamento del subsector padre: Coincidencia directa y exacta uno a uno: el subsector SCIAN 115 ('Servicios relacionados con las actividades agropecuarias y forestales') es, literalmente, uno de los 78 sectores oficiales del modelo SERIO ('Servicios relacionados con las actividades agropecuarias y forestales'). No requiere inferencia económica adicional.",,,Confianza original en Crosswalk Maestro v0.1: ALTA.,v0.1,SCIAN-2018 (base SERIO); estructura verificada contra fixture INEGI SCIAN-2023 — ver README de spatial/warehouse,SERIO-78-2018,,scripts/build_crosswalk_maestro.py
1152,RAMA,Servicios relacionados con la cría y explotación de animales,115,Servicios relacionados con las actividades agropecuarias y forestales,OFFICIAL,VERIFIED,LOW,EXACT,Crosswalk Maestro SCIAN→SERIO v0.1 (autoría Lattise),"Hereda la clasificación de su subsector padre SCIAN 115 ('Servicios relacionados con las actividades agropecuarias y forestales'), asignado al sector SERIO 'Servicios relacionados con las actividades agropecuarias y forestales'. Fundamento del subsector padre: Coincidencia directa y exacta uno a uno: el subsector SCIAN 115 ('Servicios relacionados con las actividades agropecuarias y forestales') es, literalmente, uno de los 78 sectores oficiales del modelo SERIO ('Servicios relacionados con las actividades agropecuarias y forestales'). No requiere inferencia económica adicional.",,,Confianza original en Crosswalk Maestro v0.1: ALTA.,v0.1,SCIAN-2018 (base SERIO); estructura verificada contra fixture INEGI SCIAN-2023 — ver README de spatial/warehouse,SERIO-78-2018,,scripts/build_crosswalk_maestro.py
1153,RAMA,Servicios relacionados con el aprovechamiento forestal,115,Servicios relacionados con las actividades agropecuarias y forestales,OFFICIAL,VERIFIED,LOW,EXACT,Crosswalk Maestro SCIAN→SERIO v0.1 (autoría Lattise),"Hereda la clasificación de su subsector padre SCIAN 115 ('Servicios relacionados con las actividades agropecuarias y forestales'), asignado al sector SERIO 'Servicios relacionados con las actividades agropecuarias y forestales'. Fundamento del subsector padre: Coincidencia directa y exacta uno a uno: el subsector SCIAN 115 ('Servicios relacionados con las actividades agropecuarias y forestales') es, literalmente, uno de los 78 sectores oficiales del modelo SERIO ('Servicios relacionados con las actividades agropecuarias y forestales'). No requiere inferencia económica adicional.",,,Confianza original en Crosswalk Maestro v0.1: ALTA.,v0.1,SCIAN-2018 (base SERIO); estructura verificada contra fixture INEGI SCIAN-2023 — ver README de spatial/warehouse,SERIO-78-2018,,scripts/build_crosswalk_maestro.py
2111,RAMA,Extracción de petróleo y gas,211,Extracción de petróleo y gas,OFFICIAL,VERIFIED,LOW,EXACT,Crosswalk Maestro SCIAN→SERIO v0.1 (autoría Lattise),"Hereda la clasificación de su subsector padre SCIAN 211 ('Extracción de petróleo y gas'), asignado al sector SERIO 'Extracción de petróleo y gas'. Fundamento del subsector padre: Coincidencia directa y exacta uno a uno: el subsector SCIAN 211 ('Extracción de petróleo y gas') es, literalmente, uno de los 78 sectores oficiales del modelo SERIO ('Extracción de petróleo y gas'). No requiere inferencia económica adicional.",,,Confianza original en Crosswalk Maestro v0.1: ALTA.,v0.1,SCIAN-2018 (base SERIO); estructura verificada contra fixture INEGI SCIAN-2023 — ver README de spatial/warehouse,SERIO-78-2018,,scripts/build_crosswalk_maestro.py
2121,RAMA,Minería de carbón mineral,212,"Minería de minerales metálicos y no metálicos, excepto petróleo y gas",OFFICIAL,VERIFIED,LOW,EXACT,Crosswalk Maestro SCIAN→SERIO v0.1 (autoría Lattise),"Hereda la clasificación de su subsector padre SCIAN 212 ('Minería de minerales metálicos y no metálicos, excepto petróleo y gas'), asignado al sector SERIO 'Minería de minerales metálicos y no metálicos, excepto petróleo y gas'. Fundamento del subsector padre: Coincidencia directa y exacta uno a uno: el subsector SCIAN 212 ('Minería de minerales metálicos y no metálicos, excepto petróleo y gas') es, literalmente, uno de los 78 sectores oficiales del modelo SERIO ('Minería de minerales metálicos y no metálicos, excepto petróleo y gas'). No requiere inferencia económica adicional.",,,Confianza original en Crosswalk Maestro v0.1: ALTA.,v0.1,SCIAN-2018 (base SERIO); estructura verificada contra fixture INEGI SCIAN-2023 — ver README de spatial/warehouse,SERIO-78-2018,,scripts/build_crosswalk_maestro.py
2122,RAMA,Minería de minerales metálicos,212,"Minería de minerales metálicos y no metálicos, excepto petróleo y gas",OFFICIAL,VERIFIED,LOW,EXACT,Crosswalk Maestro SCIAN→SERIO v0.1 (autoría Lattise),"Hereda la clasificación de su subsector padre SCIAN 212 ('Minería de minerales metálicos y no metálicos, excepto petróleo y gas'), asignado al sector SERIO 'Minería de minerales metálicos y no metálicos, excepto petróleo y gas'. Fundamento del subsector padre: Coincidencia directa y exacta uno a uno: el subsector SCIAN 212 ('Minería de minerales metálicos y no metálicos, excepto petróleo y gas') es, literalmente, uno de los 78 sectores oficiales del modelo SERIO ('Minería de minerales metálicos y no metálicos, excepto petróleo y gas'). No requiere inferencia económica adicional.",,,Confianza original en Crosswalk Maestro v0.1: ALTA.,v0.1,SCIAN-2018 (base SERIO); estructura verificada contra fixture INEGI SCIAN-2023 — ver README de spatial/warehouse,SERIO-78-2018,,scripts/build_crosswalk_maestro.py
2123,RAMA,Minería de minerales no metálicos,212,"Minería de minerales metálicos y no metálicos, excepto petróleo y gas",OFFICIAL,VERIFIED,LOW,EXACT,Crosswalk Maestro SCIAN→SERIO v0.1 (autoría Lattise),"Hereda la clasificación de su subsector padre SCIAN 212 ('Minería de minerales metálicos y no metálicos, excepto petróleo y gas'), asignado al sector SERIO 'Minería de minerales metálicos y no metálicos, excepto petróleo y gas'. Fundamento del subsector padre: Coincidencia directa y exacta uno a uno: el subsector SCIAN 212 ('Minería de minerales metálicos y no metálicos, excepto petróleo y gas') es, literalmente, uno de los 78 sectores oficiales del modelo SERIO ('Minería de minerales metálicos y no metálicos, excepto petróleo y gas'). No requiere inferencia económica adicional.",,,Confianza original en Crosswalk Maestro v0.1: ALTA.,v0.1,SCIAN-2018 (base SERIO); estructura verificada contra fixture INEGI SCIAN-2023 — ver README de spatial/warehouse,SERIO-78-2018,,scripts/build_crosswalk_maestro.py
2131,RAMA,Servicios relacionados con la minería,213,Servicios relacionados con la minería,OFFICIAL,VERIFIED,LOW,EXACT,Crosswalk Maestro SCIAN→SERIO v0.1 (autoría Lattise),"Hereda la clasificación de su subsector padre SCIAN 213 ('Servicios relacionados con la minería'), asignado al sector SERIO 'Servicios relacionados con la minería'. Fundamento del subsector padre: Coincidencia directa y exacta uno a uno: el subsector SCIAN 213 ('Servicios relacionados con la minería') es, literalmente, uno de los 78 sectores oficiales del modelo SERIO ('Servicios relacionados con la minería'). No requiere inferencia económica adicional.",,,Confianza original en Crosswalk Maestro v0.1: ALTA.,v0.1,SCIAN-2018 (base SERIO); estructura verificada contra fixture INEGI SCIAN-2023 — ver README de spatial/warehouse,SERIO-78-2018,,scripts/build_crosswalk_maestro.py
2211,RAMA,"Generación, transmisión, distribución y comercialización de energía eléctrica",221,"Generación, transmisión, distribución y comercialización de energía eléctrica, suministro de agua y de gas natural por ductos al consumidor final",OFFICIAL,VERIFIED,LOW,EXACT,Crosswalk Maestro SCIAN→SERIO v0.1 (autoría Lattise),"Hereda la clasificación de su subsector padre SCIAN 221 ('Generación, transmisión, distribución y comercialización de energía eléctrica, suministro de agua y de gas natural por ductos al consumidor final'), asignado al sector SERIO 'Generación, transmisión, distribución y comercialización de energía eléctrica, suministro de agua y de gas natural por ductos al consumidor final'. Fundamento del subsector padre: Coincidencia directa y exacta uno a uno: el subsector SCIAN 221 ('Generación, transmisión, distribución y comercialización de energía eléctrica, suministro de agua y de gas natural por ductos al consumidor final') es, literalmente, uno de los 78 sectores oficiales del modelo SERIO ('Generación, transmisión, distribución y comercialización de energía eléctrica, suministro de agua y de gas natural por ductos al consumidor final'). No requiere inferencia económica adicional.",,,Confianza original en Crosswalk Maestro v0.1: ALTA.,v0.1,SCIAN-2018 (base SERIO); estructura verificada contra fixture INEGI SCIAN-2023 — ver README de spatial/warehouse,SERIO-78-2018,,scripts/build_crosswalk_maestro.py
2212,RAMA,Suministro de gas natural por ductos al consumidor final,221,"Generación, transmisión, distribución y comercialización de energía eléctrica, suministro de agua y de gas natural por ductos al consumidor final",OFFICIAL,VERIFIED,LOW,EXACT,Crosswalk Maestro SCIAN→SERIO v0.1 (autoría Lattise),"Hereda la clasificación de su subsector padre SCIAN 221 ('Generación, transmisión, distribución y comercialización de energía eléctrica, suministro de agua y de gas natural por ductos al consumidor final'), asignado al sector SERIO 'Generación, transmisión, distribución y comercialización de energía eléctrica, suministro de agua y de gas natural por ductos al consumidor final'. Fundamento del subsector padre: Coincidencia directa y exacta uno a uno: el subsector SCIAN 221 ('Generación, transmisión, distribución y comercialización de energía eléctrica, suministro de agua y de gas natural por ductos al consumidor final') es, literalmente, uno de los 78 sectores oficiales del modelo SERIO ('Generación, transmisión, distribución y comercialización de energía eléctrica, suministro de agua y de gas natural por ductos al consumidor final'). No requiere inferencia económica adicional.",,,Confianza original en Crosswalk Maestro v0.1: ALTA.,v0.1,SCIAN-2018 (base SERIO); estructura verificada contra fixture INEGI SCIAN-2023 — ver README de spatial/warehouse,SERIO-78-2018,,scripts/build_crosswalk_maestro.py
2213,RAMA,"Captación, tratamiento y suministro de agua",221,"Generación, transmisión, distribución y comercialización de energía eléctrica, suministro de agua y de gas natural por ductos al consumidor final",OFFICIAL,VERIFIED,LOW,EXACT,Crosswalk Maestro SCIAN→SERIO v0.1 (autoría Lattise),"Hereda la clasificación de su subsector padre SCIAN 221 ('Generación, transmisión, distribución y comercialización de energía eléctrica, suministro de agua y de gas natural por ductos al consumidor final'), asignado al sector SERIO 'Generación, transmisión, distribución y comercialización de energía eléctrica, suministro de agua y de gas natural por ductos al consumidor final'. Fundamento del subsector padre: Coincidencia directa y exacta uno a uno: el subsector SCIAN 221 ('Generación, transmisión, distribución y comercialización de energía eléctrica, suministro de agua y de gas natural por ductos al consumidor final') es, literalmente, uno de los 78 sectores oficiales del modelo SERIO ('Generación, transmisión, distribución y comercialización de energía eléctrica, suministro de agua y de gas natural por ductos al consumidor final'). No requiere inferencia económica adicional.",,,Confianza original en Crosswalk Maestro v0.1: ALTA.,v0.1,SCIAN-2018 (base SERIO); estructura verificada contra fixture INEGI SCIAN-2023 — ver README de spatial/warehouse,SERIO-78-2018,,scripts/build_crosswalk_maestro.py
2361,RAMA,Edificación residencial,236,Edificación,OFFICIAL,VERIFIED,LOW,EXACT,Crosswalk Maestro SCIAN→SERIO v0.1 (autoría Lattise),"Hereda la clasificación de su subsector padre SCIAN 236 ('Edificación'), asignado al sector SERIO 'Edificación'. Fundamento del subsector padre: Coincidencia directa y exacta uno a uno: el subsector SCIAN 236 ('Edificación') es, literalmente, uno de los 78 sectores oficiales del modelo SERIO ('Edificación'). No requiere inferencia económica adicional.",,,Confianza original en Crosswalk Maestro v0.1: ALTA.,v0.1,SCIAN-2018 (base SERIO); estructura verificada contra fixture INEGI SCIAN-2023 — ver README de spatial/warehouse,SERIO-78-2018,,scripts/build_crosswalk_maestro.py
2362,RAMA,Edificación no residencial,236,Edificación,OFFICIAL,VERIFIED,LOW,EXACT,Crosswalk Maestro SCIAN→SERIO v0.1 (autoría Lattise),"Hereda la clasificación de su subsector padre SCIAN 236 ('Edificación'), asignado al sector SERIO 'Edificación'. Fundamento del subsector padre: Coincidencia directa y exacta uno a uno: el subsector SCIAN 236 ('Edificación') es, literalmente, uno de los 78 sectores oficiales del modelo SERIO ('Edificación'). No requiere inferencia económica adicional.",,,Confianza original en Crosswalk Maestro v0.1: ALTA.,v0.1,SCIAN-2018 (base SERIO); estructura verificada contra fixture INEGI SCIAN-2023 — ver README de spatial/warehouse,SERIO-78-2018,,scripts/build_crosswalk_maestro.py
2371,RAMA,"Construcción de obras para el suministro de agua, petróleo, gas, energía eléctrica y telecomunicaciones",237,Construcción de obras de ingeniería civil,OFFICIAL,VERIFIED,LOW,EXACT,Crosswalk Maestro SCIAN→SERIO v0.1 (autoría Lattise),"Hereda la clasificación de su subsector padre SCIAN 237 ('Construcción de obras de ingeniería civil'), asignado al sector SERIO 'Construcción de obras de ingeniería civil'. Fundamento del subsector padre: Coincidencia directa y exacta uno a uno: el subsector SCIAN 237 ('Construcción de obras de ingeniería civil') es, literalmente, uno de los 78 sectores oficiales del modelo SERIO ('Construcción de obras de ingeniería civil'). No requiere inferencia económica adicional.",,,Confianza original en Crosswalk Maestro v0.1: ALTA.,v0.1,SCIAN-2018 (base SERIO); estructura verificada contra fixture INEGI SCIAN-2023 — ver README de spatial/warehouse,SERIO-78-2018,,scripts/build_crosswalk_maestro.py
2372,RAMA,División de terrenos y construcción de obras de urbanización,237,Construcción de obras de ingeniería civil,OFFICIAL,VERIFIED,LOW,EXACT,Crosswalk Maestro SCIAN→SERIO v0.1 (autoría Lattise),"Hereda la clasificación de su subsector padre SCIAN 237 ('Construcción de obras de ingeniería civil'), asignado al sector SERIO 'Construcción de obras de ingeniería civil'. Fundamento del subsector padre: Coincidencia directa y exacta uno a uno: el subsector SCIAN 237 ('Construcción de obras de ingeniería civil') es, literalmente, uno de los 78 sectores oficiales del modelo SERIO ('Construcción de obras de ingeniería civil'). No requiere inferencia económica adicional.",,,Confianza original en Crosswalk Maestro v0.1: ALTA.,v0.1,SCIAN-2018 (base SERIO); estructura verificada contra fixture INEGI SCIAN-2023 — ver README de spatial/warehouse,SERIO-78-2018,,scripts/build_crosswalk_maestro.py
2373,RAMA,Construcción de vías de comunicación,237,Construcción de obras de ingeniería civil,OFFICIAL,VERIFIED,LOW,EXACT,Crosswalk Maestro SCIAN→SERIO v0.1 (autoría Lattise),"Hereda la clasificación de su subsector padre SCIAN 237 ('Construcción de obras de ingeniería civil'), asignado al sector SERIO 'Construcción de obras de ingeniería civil'. Fundamento del subsector padre: Coincidencia directa y exacta uno a uno: el subsector SCIAN 237 ('Construcción de obras de ingeniería civil') es, literalmente, uno de los 78 sectores oficiales del modelo SERIO ('Construcción de obras de ingeniería civil'). No requiere inferencia económica adicional.",,,Confianza original en Crosswalk Maestro v0.1: ALTA.,v0.1,SCIAN-2018 (base SERIO); estructura verificada contra fixture INEGI SCIAN-2023 — ver README de spatial/warehouse,SERIO-78-2018,,scripts/build_crosswalk_maestro.py
2379,RAMA,Otras construcciones de ingeniería civil,237,Construcción de obras de ingeniería civil,OFFICIAL,VERIFIED,LOW,EXACT,Crosswalk Maestro SCIAN→SERIO v0.1 (autoría Lattise),"Hereda la clasificación de su subsector padre SCIAN 237 ('Construcción de obras de ingeniería civil'), asignado al sector SERIO 'Construcción de obras de ingeniería civil'. Fundamento del subsector padre: Coincidencia directa y exacta uno a uno: el subsector SCIAN 237 ('Construcción de obras de ingeniería civil') es, literalmente, uno de los 78 sectores oficiales del modelo SERIO ('Construcción de obras de ingeniería civil'). No requiere inferencia económica adicional.",,,Confianza original en Crosswalk Maestro v0.1: ALTA.,v0.1,SCIAN-2018 (base SERIO); estructura verificada contra fixture INEGI SCIAN-2023 — ver README de spatial/warehouse,SERIO-78-2018,,scripts/build_crosswalk_maestro.py
2381,RAMA,"Cimentaciones, montaje de estructuras prefabricadas y trabajos en exteriores",238,Trabajos especializados para la construcción,OFFICIAL,VERIFIED,LOW,EXACT,Crosswalk Maestro SCIAN→SERIO v0.1 (autoría Lattise),"Hereda la clasificación de su subsector padre SCIAN 238 ('Trabajos especializados para la construcción'), asignado al sector SERIO 'Trabajos especializados para la construcción'. Fundamento del subsector padre: Coincidencia directa y exacta uno a uno: el subsector SCIAN 238 ('Trabajos especializados para la construcción') es, literalmente, uno de los 78 sectores oficiales del modelo SERIO ('Trabajos especializados para la construcción'). No requiere inferencia económica adicional.",,,Confianza original en Crosswalk Maestro v0.1: ALTA.,v0.1,SCIAN-2018 (base SERIO); estructura verificada contra fixture INEGI SCIAN-2023 — ver README de spatial/warehouse,SERIO-78-2018,,scripts/build_crosswalk_maestro.py
2382,RAMA,Instalaciones y equipamiento en construcciones,238,Trabajos especializados para la construcción,OFFICIAL,VERIFIED,LOW,EXACT,Crosswalk Maestro SCIAN→SERIO v0.1 (autoría Lattise),"Hereda la clasificación de su subsector padre SCIAN 238 ('Trabajos especializados para la construcción'), asignado al sector SERIO 'Trabajos especializados para la construcción'. Fundamento del subsector padre: Coincidencia directa y exacta uno a uno: el subsector SCIAN 238 ('Trabajos especializados para la construcción') es, literalmente, uno de los 78 sectores oficiales del modelo SERIO ('Trabajos especializados para la construcción'). No requiere inferencia económica adicional.",,,Confianza original en Crosswalk Maestro v0.1: ALTA.,v0.1,SCIAN-2018 (base SERIO); estructura verificada contra fixture INEGI SCIAN-2023 — ver README de spatial/warehouse,SERIO-78-2018,,scripts/build_crosswalk_maestro.py
2383,RAMA,Trabajos de acabados en edificaciones,238,Trabajos especializados para la construcción,OFFICIAL,VERIFIED,LOW,EXACT,Crosswalk Maestro SCIAN→SERIO v0.1 (autoría Lattise),"Hereda la clasificación de su subsector padre SCIAN 238 ('Trabajos especializados para la construcción'), asignado al sector SERIO 'Trabajos especializados para la construcción'. Fundamento del subsector padre: Coincidencia directa y exacta uno a uno: el subsector SCIAN 238 ('Trabajos especializados para la construcción') es, literalmente, uno de los 78 sectores oficiales del modelo SERIO ('Trabajos especializados para la construcción'). No requiere inferencia económica adicional.",,,Confianza original en Crosswalk Maestro v0.1: ALTA.,v0.1,SCIAN-2018 (base SERIO); estructura verificada contra fixture INEGI SCIAN-2023 — ver README de spatial/warehouse,SERIO-78-2018,,scripts/build_crosswalk_maestro.py
2389,RAMA,Otros trabajos especializados para la construcción,238,Trabajos especializados para la construcción,OFFICIAL,VERIFIED,LOW,EXACT,Crosswalk Maestro SCIAN→SERIO v0.1 (autoría Lattise),"Hereda la clasificación de su subsector padre SCIAN 238 ('Trabajos especializados para la construcción'), asignado al sector SERIO 'Trabajos especializados para la construcción'. Fundamento del subsector padre: Coincidencia directa y exacta uno a uno: el subsector SCIAN 238 ('Trabajos especializados para la construcción') es, literalmente, uno de los 78 sectores oficiales del modelo SERIO ('Trabajos especializados para la construcción'). No requiere inferencia económica adicional.",,,Confianza original en Crosswalk Maestro v0.1: ALTA.,v0.1,SCIAN-2018 (base SERIO); estructura verificada contra fixture INEGI SCIAN-2023 — ver README de spatial/warehouse,SERIO-78-2018,,scripts/build_crosswalk_maestro.py
3111,RAMA,Elaboración de alimentos balanceados para animales,311,Industria alimentaria,OFFICIAL,VERIFIED,LOW,EXACT,Crosswalk Maestro SCIAN→SERIO v0.1 (autoría Lattise),"Hereda la clasificación de su subsector padre SCIAN 311 ('Industria alimentaria'), asignado al sector SERIO 'Industria alimentaria'. Fundamento del subsector padre: Coincidencia directa y exacta uno a uno: el subsector SCIAN 311 ('Industria alimentaria') es, literalmente, uno de los 78 sectores oficiales del modelo SERIO ('Industria alimentaria'). No requiere inferencia económica adicional.",,,Confianza original en Crosswalk Maestro v0.1: ALTA.,v0.1,SCIAN-2018 (base SERIO); estructura verificada contra fixture INEGI SCIAN-2023 — ver README de spatial/warehouse,SERIO-78-2018,,scripts/build_crosswalk_maestro.py
3112,RAMA,Molienda de granos y de semillas y obtención de aceites y grasas,311,Industria alimentaria,OFFICIAL,VERIFIED,LOW,EXACT,Crosswalk Maestro SCIAN→SERIO v0.1 (autoría Lattise),"Hereda la clasificación de su subsector padre SCIAN 311 ('Industria alimentaria'), asignado al sector SERIO 'Industria alimentaria'. Fundamento del subsector padre: Coincidencia directa y exacta uno a uno: el subsector SCIAN 311 ('Industria alimentaria') es, literalmente, uno de los 78 sectores oficiales del modelo SERIO ('Industria alimentaria'). No requiere inferencia económica adicional.",,,Confianza original en Crosswalk Maestro v0.1: ALTA.,v0.1,SCIAN-2018 (base SERIO); estructura verificada contra fixture INEGI SCIAN-2023 — ver README de spatial/warehouse,SERIO-78-2018,,scripts/build_crosswalk_maestro.py
3113,RAMA,"Elaboración de azúcares, chocolates, dulces y similares",311,Industria alimentaria,OFFICIAL,VERIFIED,LOW,EXACT,Crosswalk Maestro SCIAN→SERIO v0.1 (autoría Lattise),"Hereda la clasificación de su subsector padre SCIAN 311 ('Industria alimentaria'), asignado al sector SERIO 'Industria alimentaria'. Fundamento del subsector padre: Coincidencia directa y exacta uno a uno: el subsector SCIAN 311 ('Industria alimentaria') es, literalmente, uno de los 78 sectores oficiales del modelo SERIO ('Industria alimentaria'). No requiere inferencia económica adicional.",,,Confianza original en Crosswalk Maestro v0.1: ALTA.,v0.1,SCIAN-2018 (base SERIO); estructura verificada contra fixture INEGI SCIAN-2023 — ver README de spatial/warehouse,SERIO-78-2018,,scripts/build_crosswalk_maestro.py
3114,RAMA,"Conservación de frutas, verduras, guisos y otros alimentos preparados",311,Industria alimentaria,OFFICIAL,VERIFIED,LOW,EXACT,Crosswalk Maestro SCIAN→SERIO v0.1 (autoría Lattise),"Hereda la clasificación de su subsector padre SCIAN 311 ('Industria alimentaria'), asignado al sector SERIO 'Industria alimentaria'. Fundamento del subsector padre: Coincidencia directa y exacta uno a uno: el subsector SCIAN 311 ('Industria alimentaria') es, literalmente, uno de los 78 sectores oficiales del modelo SERIO ('Industria alimentaria'). No requiere inferencia económica adicional.",,,Confianza original en Crosswalk Maestro v0.1: ALTA.,v0.1,SCIAN-2018 (base SERIO); estructura verificada contra fixture INEGI SCIAN-2023 — ver README de spatial/warehouse,SERIO-78-2018,,scripts/build_crosswalk_maestro.py
3115,RAMA,Elaboración de productos lácteos,311,Industria alimentaria,OFFICIAL,VERIFIED,LOW,EXACT,Crosswalk Maestro SCIAN→SERIO v0.1 (autoría Lattise),"Hereda la clasificación de su subsector padre SCIAN 311 ('Industria alimentaria'), asignado al sector SERIO 'Industria alimentaria'. Fundamento del subsector padre: Coincidencia directa y exacta uno a uno: el subsector SCIAN 311 ('Industria alimentaria') es, literalmente, uno de los 78 sectores oficiales del modelo SERIO ('Industria alimentaria'). No requiere inferencia económica adicional.",,,Confianza original en Crosswalk Maestro v0.1: ALTA.,v0.1,SCIAN-2018 (base SERIO); estructura verificada contra fixture INEGI SCIAN-2023 — ver README de spatial/warehouse,SERIO-78-2018,,scripts/build_crosswalk_maestro.py
3116,RAMA,"Matanza, empacado y procesamiento de carne de ganado, aves y otros animales comestibles",311,Industria alimentaria,OFFICIAL,VERIFIED,LOW,EXACT,Crosswalk Maestro SCIAN→SERIO v0.1 (autoría Lattise),"Hereda la clasificación de su subsector padre SCIAN 311 ('Industria alimentaria'), asignado al sector SERIO 'Industria alimentaria'. Fundamento del subsector padre: Coincidencia directa y exacta uno a uno: el subsector SCIAN 311 ('Industria alimentaria') es, literalmente, uno de los 78 sectores oficiales del modelo SERIO ('Industria alimentaria'). No requiere inferencia económica adicional.",,,Confianza original en Crosswalk Maestro v0.1: ALTA.,v0.1,SCIAN-2018 (base SERIO); estructura verificada contra fixture INEGI SCIAN-2023 — ver README de spatial/warehouse,SERIO-78-2018,,scripts/build_crosswalk_maestro.py
3117,RAMA,Preparación y envasado de pescados y mariscos,311,Industria alimentaria,OFFICIAL,VERIFIED,LOW,EXACT,Crosswalk Maestro SCIAN→SERIO v0.1 (autoría Lattise),"Hereda la clasificación de su subsector padre SCIAN 311 ('Industria alimentaria'), asignado al sector SERIO 'Industria alimentaria'. Fundamento del subsector padre: Coincidencia directa y exacta uno a uno: el subsector SCIAN 311 ('Industria alimentaria') es, literalmente, uno de los 78 sectores oficiales del modelo SERIO ('Industria alimentaria'). No requiere inferencia económica adicional.",,,Confianza original en Crosswalk Maestro v0.1: ALTA.,v0.1,SCIAN-2018 (base SERIO); estructura verificada contra fixture INEGI SCIAN-2023 — ver README de spatial/warehouse,SERIO-78-2018,,scripts/build_crosswalk_maestro.py
3118,RAMA,Elaboración de productos de panadería y tortillas,311,Industria alimentaria,OFFICIAL,VERIFIED,LOW,EXACT,Crosswalk Maestro SCIAN→SERIO v0.1 (autoría Lattise),"Hereda la clasificación de su subsector padre SCIAN 311 ('Industria alimentaria'), asignado al sector SERIO 'Industria alimentaria'. Fundamento del subsector padre: Coincidencia directa y exacta uno a uno: el subsector SCIAN 311 ('Industria alimentaria') es, literalmente, uno de los 78 sectores oficiales del modelo SERIO ('Industria alimentaria'). No requiere inferencia económica adicional.",,,Confianza original en Crosswalk Maestro v0.1: ALTA.,v0.1,SCIAN-2018 (base SERIO); estructura verificada contra fixture INEGI SCIAN-2023 — ver README de spatial/warehouse,SERIO-78-2018,,scripts/build_crosswalk_maestro.py
3119,RAMA,Otras industrias alimentarias,311,Industria alimentaria,OFFICIAL,VERIFIED,LOW,EXACT,Crosswalk Maestro SCIAN→SERIO v0.1 (autoría Lattise),"Hereda la clasificación de su subsector padre SCIAN 311 ('Industria alimentaria'), asignado al sector SERIO 'Industria alimentaria'. Fundamento del subsector padre: Coincidencia directa y exacta uno a uno: el subsector SCIAN 311 ('Industria alimentaria') es, literalmente, uno de los 78 sectores oficiales del modelo SERIO ('Industria alimentaria'). No requiere inferencia económica adicional.",,,Confianza original en Crosswalk Maestro v0.1: ALTA.,v0.1,SCIAN-2018 (base SERIO); estructura verificada contra fixture INEGI SCIAN-2023 — ver README de spatial/warehouse,SERIO-78-2018,,scripts/build_crosswalk_maestro.py
3121,RAMA,Industria de las bebidas,312,Industria de las bebidas y del tabaco,OFFICIAL,VERIFIED,LOW,EXACT,Crosswalk Maestro SCIAN→SERIO v0.1 (autoría Lattise),"Hereda la clasificación de su subsector padre SCIAN 312 ('Industria de las bebidas y del tabaco'), asignado al sector SERIO 'Industria de las bebidas y del tabaco'. Fundamento del subsector padre: Coincidencia directa y exacta uno a uno: el subsector SCIAN 312 ('Industria de las bebidas y del tabaco') es, literalmente, uno de los 78 sectores oficiales del modelo SERIO ('Industria de las bebidas y del tabaco'). No requiere inferencia económica adicional.",,,Confianza original en Crosswalk Maestro v0.1: ALTA.,v0.1,SCIAN-2018 (base SERIO); estructura verificada contra fixture INEGI SCIAN-2023 — ver README de spatial/warehouse,SERIO-78-2018,,scripts/build_crosswalk_maestro.py
3122,RAMA,Industria del tabaco,312,Industria de las bebidas y del tabaco,OFFICIAL,VERIFIED,LOW,EXACT,Crosswalk Maestro SCIAN→SERIO v0.1 (autoría Lattise),"Hereda la clasificación de su subsector padre SCIAN 312 ('Industria de las bebidas y del tabaco'), asignado al sector SERIO 'Industria de las bebidas y del tabaco'. Fundamento del subsector padre: Coincidencia directa y exacta uno a uno: el subsector SCIAN 312 ('Industria de las bebidas y del tabaco') es, literalmente, uno de los 78 sectores oficiales del modelo SERIO ('Industria de las bebidas y del tabaco'). No requiere inferencia económica adicional.",,,Confianza original en Crosswalk Maestro v0.1: ALTA.,v0.1,SCIAN-2018 (base SERIO); estructura verificada contra fixture INEGI SCIAN-2023 — ver README de spatial/warehouse,SERIO-78-2018,,scripts/build_crosswalk_maestro.py
3131,RAMA,"Preparación e hilado de fibras textiles, y fabricación de hilos",313,Fabricación de insumos textiles y acabado de textiles,OFFICIAL,VERIFIED,LOW,EXACT,Crosswalk Maestro SCIAN→SERIO v0.1 (autoría Lattise),"Hereda la clasificación de su subsector padre SCIAN 313 ('Fabricación de insumos textiles y acabado de textiles'), asignado al sector SERIO 'Fabricación de insumos textiles y acabado de textiles'. Fundamento del subsector padre: Coincidencia directa y exacta uno a uno: el subsector SCIAN 313 ('Fabricación de insumos textiles y acabado de textiles') es, literalmente, uno de los 78 sectores oficiales del modelo SERIO ('Fabricación de insumos textiles y acabado de textiles'). No requiere inferencia económica adicional.",,,Confianza original en Crosswalk Maestro v0.1: ALTA.,v0.1,SCIAN-2018 (base SERIO); estructura verificada contra fixture INEGI SCIAN-2023 — ver README de spatial/warehouse,SERIO-78-2018,,scripts/build_crosswalk_maestro.py
3132,RAMA,Fabricación de telas,313,Fabricación de insumos textiles y acabado de textiles,OFFICIAL,VERIFIED,LOW,EXACT,Crosswalk Maestro SCIAN→SERIO v0.1 (autoría Lattise),"Hereda la clasificación de su subsector padre SCIAN 313 ('Fabricación de insumos textiles y acabado de textiles'), asignado al sector SERIO 'Fabricación de insumos textiles y acabado de textiles'. Fundamento del subsector padre: Coincidencia directa y exacta uno a uno: el subsector SCIAN 313 ('Fabricación de insumos textiles y acabado de textiles') es, literalmente, uno de los 78 sectores oficiales del modelo SERIO ('Fabricación de insumos textiles y acabado de textiles'). No requiere inferencia económica adicional.",,,Confianza original en Crosswalk Maestro v0.1: ALTA.,v0.1,SCIAN-2018 (base SERIO); estructura verificada contra fixture INEGI SCIAN-2023 — ver README de spatial/warehouse,SERIO-78-2018,,scripts/build_crosswalk_maestro.py
3133,RAMA,Acabado de productos textiles y fabricación de telas recubiertas,313,Fabricación de insumos textiles y acabado de textiles,OFFICIAL,VERIFIED,LOW,EXACT,Crosswalk Maestro SCIAN→SERIO v0.1 (autoría Lattise),"Hereda la clasificación de su subsector padre SCIAN 313 ('Fabricación de insumos textiles y acabado de textiles'), asignado al sector SERIO 'Fabricación de insumos textiles y acabado de textiles'. Fundamento del subsector padre: Coincidencia directa y exacta uno a uno: el subsector SCIAN 313 ('Fabricación de insumos textiles y acabado de textiles') es, literalmente, uno de los 78 sectores oficiales del modelo SERIO ('Fabricación de insumos textiles y acabado de textiles'). No requiere inferencia económica adicional.",,,Confianza original en Crosswalk Maestro v0.1: ALTA.,v0.1,SCIAN-2018 (base SERIO); estructura verificada contra fixture INEGI SCIAN-2023 — ver README de spatial/warehouse,SERIO-78-2018,,scripts/build_crosswalk_maestro.py
3141,RAMA,"Confección de alfombras, blancos y similares",314,"Fabricación de productos textiles, excepto prendas de vestir",OFFICIAL,VERIFIED,LOW,EXACT,Crosswalk Maestro SCIAN→SERIO v0.1 (autoría Lattise),"Hereda la clasificación de su subsector padre SCIAN 314 ('Fabricación de productos textiles, excepto prendas de vestir'), asignado al sector SERIO 'Fabricación de productos textiles, excepto prendas de vestir'. Fundamento del subsector padre: Coincidencia directa y exacta uno a uno: el subsector SCIAN 314 ('Fabricación de productos textiles, excepto prendas de vestir') es, literalmente, uno de los 78 sectores oficiales del modelo SERIO ('Fabricación de productos textiles, excepto prendas de vestir'). No requiere inferencia económica adicional.",,,Confianza original en Crosswalk Maestro v0.1: ALTA.,v0.1,SCIAN-2018 (base SERIO); estructura verificada contra fixture INEGI SCIAN-2023 — ver README de spatial/warehouse,SERIO-78-2018,,scripts/build_crosswalk_maestro.py
3149,RAMA,"Fabricación de otros productos textiles, excepto prendas de vestir",314,"Fabricación de productos textiles, excepto prendas de vestir",OFFICIAL,VERIFIED,LOW,EXACT,Crosswalk Maestro SCIAN→SERIO v0.1 (autoría Lattise),"Hereda la clasificación de su subsector padre SCIAN 314 ('Fabricación de productos textiles, excepto prendas de vestir'), asignado al sector SERIO 'Fabricación de productos textiles, excepto prendas de vestir'. Fundamento del subsector padre: Coincidencia directa y exacta uno a uno: el subsector SCIAN 314 ('Fabricación de productos textiles, excepto prendas de vestir') es, literalmente, uno de los 78 sectores oficiales del modelo SERIO ('Fabricación de productos textiles, excepto prendas de vestir'). No requiere inferencia económica adicional.",,,Confianza original en Crosswalk Maestro v0.1: ALTA.,v0.1,SCIAN-2018 (base SERIO); estructura verificada contra fixture INEGI SCIAN-2023 — ver README de spatial/warehouse,SERIO-78-2018,,scripts/build_crosswalk_maestro.py
3151,RAMA,Fabricación de prendas de vestir de tejido de punto,315,Fabricación de prendas de vestir,OFFICIAL,VERIFIED,LOW,EXACT,Crosswalk Maestro SCIAN→SERIO v0.1 (autoría Lattise),"Hereda la clasificación de su subsector padre SCIAN 315 ('Fabricación de prendas de vestir'), asignado al sector SERIO 'Fabricación de prendas de vestir'. Fundamento del subsector padre: Coincidencia directa y exacta uno a uno: el subsector SCIAN 315 ('Fabricación de prendas de vestir') es, literalmente, uno de los 78 sectores oficiales del modelo SERIO ('Fabricación de prendas de vestir'). No requiere inferencia económica adicional.",,,Confianza original en Crosswalk Maestro v0.1: ALTA.,v0.1,SCIAN-2018 (base SERIO); estructura verificada contra fixture INEGI SCIAN-2023 — ver README de spatial/warehouse,SERIO-78-2018,,scripts/build_crosswalk_maestro.py
3152,RAMA,Confección de prendas de vestir,315,Fabricación de prendas de vestir,OFFICIAL,VERIFIED,LOW,EXACT,Crosswalk Maestro SCIAN→SERIO v0.1 (autoría Lattise),"Hereda la clasificación de su subsector padre SCIAN 315 ('Fabricación de prendas de vestir'), asignado al sector SERIO 'Fabricación de prendas de vestir'. Fundamento del subsector padre: Coincidencia directa y exacta uno a uno: el subsector SCIAN 315 ('Fabricación de prendas de vestir') es, literalmente, uno de los 78 sectores oficiales del modelo SERIO ('Fabricación de prendas de vestir'). No requiere inferencia económica adicional.",,,Confianza original en Crosswalk Maestro v0.1: ALTA.,v0.1,SCIAN-2018 (base SERIO); estructura verificada contra fixture INEGI SCIAN-2023 — ver README de spatial/warehouse,SERIO-78-2018,,scripts/build_crosswalk_maestro.py
3159,RAMA,Confección de accesorios de vestir y otras prendas de vestir no clasificados en otra parte,315,Fabricación de prendas de vestir,OFFICIAL,VERIFIED,LOW,EXACT,Crosswalk Maestro SCIAN→SERIO v0.1 (autoría Lattise),"Hereda la clasificación de su subsector padre SCIAN 315 ('Fabricación de prendas de vestir'), asignado al sector SERIO 'Fabricación de prendas de vestir'. Fundamento del subsector padre: Coincidencia directa y exacta uno a uno: el subsector SCIAN 315 ('Fabricación de prendas de vestir') es, literalmente, uno de los 78 sectores oficiales del modelo SERIO ('Fabricación de prendas de vestir'). No requiere inferencia económica adicional.",,,Confianza original en Crosswalk Maestro v0.1: ALTA.,v0.1,SCIAN-2018 (base SERIO); estructura verificada contra fixture INEGI SCIAN-2023 — ver README de spatial/warehouse,SERIO-78-2018,,scripts/build_crosswalk_maestro.py
3161,RAMA,Curtido y acabado de cuero y piel,316,"Curtido y acabado de cuero y piel, y fabricación de productos de cuero, piel y materiales sucedáneos",OFFICIAL,VERIFIED,LOW,EXACT,Crosswalk Maestro SCIAN→SERIO v0.1 (autoría Lattise),"Hereda la clasificación de su subsector padre SCIAN 316 ('Curtido y acabado de cuero y piel, y fabricación de productos de cuero, piel y materiales sucedáneos'), asignado al sector SERIO 'Curtido y acabado de cuero y piel, y fabricación de productos de cuero, piel y materiales sucedáneos'. Fundamento del subsector padre: Coincidencia directa y exacta uno a uno: el subsector SCIAN 316 ('Curtido y acabado de cuero y piel, y fabricación de productos de cuero, piel y materiales sucedáneos') es, literalmente, uno de los 78 sectores oficiales del modelo SERIO ('Curtido y acabado de cuero y piel, y fabricación de productos de cuero, piel y materiales sucedáneos'). No requiere inferencia económica adicional.",,,Confianza original en Crosswalk Maestro v0.1: ALTA.,v0.1,SCIAN-2018 (base SERIO); estructura verificada contra fixture INEGI SCIAN-2023 — ver README de spatial/warehouse,SERIO-78-2018,,scripts/build_crosswalk_maestro.py
3162,RAMA,Fabricación de calzado,316,"Curtido y acabado de cuero y piel, y fabricación de productos de cuero, piel y materiales sucedáneos",OFFICIAL,VERIFIED,LOW,EXACT,Crosswalk Maestro SCIAN→SERIO v0.1 (autoría Lattise),"Hereda la clasificación de su subsector padre SCIAN 316 ('Curtido y acabado de cuero y piel, y fabricación de productos de cuero, piel y materiales sucedáneos'), asignado al sector SERIO 'Curtido y acabado de cuero y piel, y fabricación de productos de cuero, piel y materiales sucedáneos'. Fundamento del subsector padre: Coincidencia directa y exacta uno a uno: el subsector SCIAN 316 ('Curtido y acabado de cuero y piel, y fabricación de productos de cuero, piel y materiales sucedáneos') es, literalmente, uno de los 78 sectores oficiales del modelo SERIO ('Curtido y acabado de cuero y piel, y fabricación de productos de cuero, piel y materiales sucedáneos'). No requiere inferencia económica adicional.",,,Confianza original en Crosswalk Maestro v0.1: ALTA.,v0.1,SCIAN-2018 (base SERIO); estructura verificada contra fixture INEGI SCIAN-2023 — ver README de spatial/warehouse,SERIO-78-2018,,scripts/build_crosswalk_maestro.py
3169,RAMA,"Fabricación de otros productos de cuero, piel y materiales sucedáneos",316,"Curtido y acabado de cuero y piel, y fabricación de productos de cuero, piel y materiales sucedáneos",OFFICIAL,VERIFIED,LOW,EXACT,Crosswalk Maestro SCIAN→SERIO v0.1 (autoría Lattise),"Hereda la clasificación de su subsector padre SCIAN 316 ('Curtido y acabado de cuero y piel, y fabricación de productos de cuero, piel y materiales sucedáneos'), asignado al sector SERIO 'Curtido y acabado de cuero y piel, y fabricación de productos de cuero, piel y materiales sucedáneos'. Fundamento del subsector padre: Coincidencia directa y exacta uno a uno: el subsector SCIAN 316 ('Curtido y acabado de cuero y piel, y fabricación de productos de cuero, piel y materiales sucedáneos') es, literalmente, uno de los 78 sectores oficiales del modelo SERIO ('Curtido y acabado de cuero y piel, y fabricación de productos de cuero, piel y materiales sucedáneos'). No requiere inferencia económica adicional.",,,Confianza original en Crosswalk Maestro v0.1: ALTA.,v0.1,SCIAN-2018 (base SERIO); estructura verificada contra fixture INEGI SCIAN-2023 — ver README de spatial/warehouse,SERIO-78-2018,,scripts/build_crosswalk_maestro.py
3211,RAMA,Aserrado y conservación de la madera,321,Industria de la madera,OFFICIAL,VERIFIED,LOW,EXACT,Crosswalk Maestro SCIAN→SERIO v0.1 (autoría Lattise),"Hereda la clasificación de su subsector padre SCIAN 321 ('Industria de la madera'), asignado al sector SERIO 'Industria de la madera'. Fundamento del subsector padre: Coincidencia directa y exacta uno a uno: el subsector SCIAN 321 ('Industria de la madera') es, literalmente, uno de los 78 sectores oficiales del modelo SERIO ('Industria de la madera'). No requiere inferencia económica adicional.",,,Confianza original en Crosswalk Maestro v0.1: ALTA.,v0.1,SCIAN-2018 (base SERIO); estructura verificada contra fixture INEGI SCIAN-2023 — ver README de spatial/warehouse,SERIO-78-2018,,scripts/build_crosswalk_maestro.py
3212,RAMA,Fabricación de laminados y aglutinados de madera,321,Industria de la madera,OFFICIAL,VERIFIED,LOW,EXACT,Crosswalk Maestro SCIAN→SERIO v0.1 (autoría Lattise),"Hereda la clasificación de su subsector padre SCIAN 321 ('Industria de la madera'), asignado al sector SERIO 'Industria de la madera'. Fundamento del subsector padre: Coincidencia directa y exacta uno a uno: el subsector SCIAN 321 ('Industria de la madera') es, literalmente, uno de los 78 sectores oficiales del modelo SERIO ('Industria de la madera'). No requiere inferencia económica adicional.",,,Confianza original en Crosswalk Maestro v0.1: ALTA.,v0.1,SCIAN-2018 (base SERIO); estructura verificada contra fixture INEGI SCIAN-2023 — ver README de spatial/warehouse,SERIO-78-2018,,scripts/build_crosswalk_maestro.py
3219,RAMA,Fabricación de otros productos de madera,321,Industria de la madera,OFFICIAL,VERIFIED,LOW,EXACT,Crosswalk Maestro SCIAN→SERIO v0.1 (autoría Lattise),"Hereda la clasificación de su subsector padre SCIAN 321 ('Industria de la madera'), asignado al sector SERIO 'Industria de la madera'. Fundamento del subsector padre: Coincidencia directa y exacta uno a uno: el subsector SCIAN 321 ('Industria de la madera') es, literalmente, uno de los 78 sectores oficiales del modelo SERIO ('Industria de la madera'). No requiere inferencia económica adicional.",,,Confianza original en Crosswalk Maestro v0.1: ALTA.,v0.1,SCIAN-2018 (base SERIO); estructura verificada contra fixture INEGI SCIAN-2023 — ver README de spatial/warehouse,SERIO-78-2018,,scripts/build_crosswalk_maestro.py
3221,RAMA,"Fabricación de pulpa, papel y cartón",322,Industria del papel,OFFICIAL,VERIFIED,LOW,EXACT,Crosswalk Maestro SCIAN→SERIO v0.1 (autoría Lattise),"Hereda la clasificación de su subsector padre SCIAN 322 ('Industria del papel'), asignado al sector SERIO 'Industria del papel'. Fundamento del subsector padre: Coincidencia directa y exacta uno a uno: el subsector SCIAN 322 ('Industria del papel') es, literalmente, uno de los 78 sectores oficiales del modelo SERIO ('Industria del papel'). No requiere inferencia económica adicional.",,,Confianza original en Crosswalk Maestro v0.1: ALTA.,v0.1,SCIAN-2018 (base SERIO); estructura verificada contra fixture INEGI SCIAN-2023 — ver README de spatial/warehouse,SERIO-78-2018,,scripts/build_crosswalk_maestro.py
3222,RAMA,Fabricación de productos de cartón y papel,322,Industria del papel,OFFICIAL,VERIFIED,LOW,EXACT,Crosswalk Maestro SCIAN→SERIO v0.1 (autoría Lattise),"Hereda la clasificación de su subsector padre SCIAN 322 ('Industria del papel'), asignado al sector SERIO 'Industria del papel'. Fundamento del subsector padre: Coincidencia directa y exacta uno a uno: el subsector SCIAN 322 ('Industria del papel') es, literalmente, uno de los 78 sectores oficiales del modelo SERIO ('Industria del papel'). No requiere inferencia económica adicional.",,,Confianza original en Crosswalk Maestro v0.1: ALTA.,v0.1,SCIAN-2018 (base SERIO); estructura verificada contra fixture INEGI SCIAN-2023 — ver README de spatial/warehouse,SERIO-78-2018,,scripts/build_crosswalk_maestro.py
3231,RAMA,Impresión e industrias conexas,323,Impresión e industrias conexas,OFFICIAL,VERIFIED,LOW,EXACT,Crosswalk Maestro SCIAN→SERIO v0.1 (autoría Lattise),"Hereda la clasificación de su subsector padre SCIAN 323 ('Impresión e industrias conexas'), asignado al sector SERIO 'Impresión e industrias conexas'. Fundamento del subsector padre: Coincidencia directa y exacta uno a uno: el subsector SCIAN 323 ('Impresión e industrias conexas') es, literalmente, uno de los 78 sectores oficiales del modelo SERIO ('Impresión e industrias conexas'). No requiere inferencia económica adicional.",,,Confianza original en Crosswalk Maestro v0.1: ALTA.,v0.1,SCIAN-2018 (base SERIO); estructura verificada contra fixture INEGI SCIAN-2023 — ver README de spatial/warehouse,SERIO-78-2018,,scripts/build_crosswalk_maestro.py
3241,RAMA,Fabricación de productos derivados del petróleo y del carbón,324,Fabricación de productos derivados del petróleo y del carbón,OFFICIAL,VERIFIED,LOW,EXACT,Crosswalk Maestro SCIAN→SERIO v0.1 (autoría Lattise),"Hereda la clasificación de su subsector padre SCIAN 324 ('Fabricación de productos derivados del petróleo y del carbón'), asignado al sector SERIO 'Fabricación de productos derivados del petróleo y del carbón'. Fundamento del subsector padre: Coincidencia directa y exacta uno a uno: el subsector SCIAN 324 ('Fabricación de productos derivados del petróleo y del carbón') es, literalmente, uno de los 78 sectores oficiales del modelo SERIO ('Fabricación de productos derivados del petróleo y del carbón'). No requiere inferencia económica adicional.",,,Confianza original en Crosswalk Maestro v0.1: ALTA.,v0.1,SCIAN-2018 (base SERIO); estructura verificada contra fixture INEGI SCIAN-2023 — ver README de spatial/warehouse,SERIO-78-2018,,scripts/build_crosswalk_maestro.py
3251,RAMA,Fabricación de productos químicos básicos,325,Industria química,OFFICIAL,VERIFIED,LOW,EXACT,Crosswalk Maestro SCIAN→SERIO v0.1 (autoría Lattise),"Hereda la clasificación de su subsector padre SCIAN 325 ('Industria química'), asignado al sector SERIO 'Industria química'. Fundamento del subsector padre: Coincidencia directa y exacta uno a uno: el subsector SCIAN 325 ('Industria química') es, literalmente, uno de los 78 sectores oficiales del modelo SERIO ('Industria química'). No requiere inferencia económica adicional.",,,Confianza original en Crosswalk Maestro v0.1: ALTA.,v0.1,SCIAN-2018 (base SERIO); estructura verificada contra fixture INEGI SCIAN-2023 — ver README de spatial/warehouse,SERIO-78-2018,,scripts/build_crosswalk_maestro.py
3252,RAMA,"Fabricación de resinas y hules sintéticos, y fibras químicas",325,Industria química,OFFICIAL,VERIFIED,LOW,EXACT,Crosswalk Maestro SCIAN→SERIO v0.1 (autoría Lattise),"Hereda la clasificación de su subsector padre SCIAN 325 ('Industria química'), asignado al sector SERIO 'Industria química'. Fundamento del subsector padre: Coincidencia directa y exacta uno a uno: el subsector SCIAN 325 ('Industria química') es, literalmente, uno de los 78 sectores oficiales del modelo SERIO ('Industria química'). No requiere inferencia económica adicional.",,,Confianza original en Crosswalk Maestro v0.1: ALTA.,v0.1,SCIAN-2018 (base SERIO); estructura verificada contra fixture INEGI SCIAN-2023 — ver README de spatial/warehouse,SERIO-78-2018,,scripts/build_crosswalk_maestro.py
3253,RAMA,"Fabricación de fertilizantes, plaguicidas y otros agroquímicos",325,Industria química,OFFICIAL,VERIFIED,LOW,EXACT,Crosswalk Maestro SCIAN→SERIO v0.1 (autoría Lattise),"Hereda la clasificación de su subsector padre SCIAN 325 ('Industria química'), asignado al sector SERIO 'Industria química'. Fundamento del subsector padre: Coincidencia directa y exacta uno a uno: el subsector SCIAN 325 ('Industria química') es, literalmente, uno de los 78 sectores oficiales del modelo SERIO ('Industria química'). No requiere inferencia económica adicional.",,,Confianza original en Crosswalk Maestro v0.1: ALTA.,v0.1,SCIAN-2018 (base SERIO); estructura verificada contra fixture INEGI SCIAN-2023 — ver README de spatial/warehouse,SERIO-78-2018,,scripts/build_crosswalk_maestro.py
3254,RAMA,Fabricación de productos farmacéuticos,325,Industria química,OFFICIAL,VERIFIED,LOW,EXACT,Crosswalk Maestro SCIAN→SERIO v0.1 (autoría Lattise),"Hereda la clasificación de su subsector padre SCIAN 325 ('Industria química'), asignado al sector SERIO 'Industria química'. Fundamento del subsector padre: Coincidencia directa y exacta uno a uno: el subsector SCIAN 325 ('Industria química') es, literalmente, uno de los 78 sectores oficiales del modelo SERIO ('Industria química'). No requiere inferencia económica adicional.",,,Confianza original en Crosswalk Maestro v0.1: ALTA.,v0.1,SCIAN-2018 (base SERIO); estructura verificada contra fixture INEGI SCIAN-2023 — ver README de spatial/warehouse,SERIO-78-2018,,scripts/build_crosswalk_maestro.py
3255,RAMA,"Fabricación de pinturas, recubrimientos y adhesivos",325,Industria química,OFFICIAL,VERIFIED,LOW,EXACT,Crosswalk Maestro SCIAN→SERIO v0.1 (autoría Lattise),"Hereda la clasificación de su subsector padre SCIAN 325 ('Industria química'), asignado al sector SERIO 'Industria química'. Fundamento del subsector padre: Coincidencia directa y exacta uno a uno: el subsector SCIAN 325 ('Industria química') es, literalmente, uno de los 78 sectores oficiales del modelo SERIO ('Industria química'). No requiere inferencia económica adicional.",,,Confianza original en Crosswalk Maestro v0.1: ALTA.,v0.1,SCIAN-2018 (base SERIO); estructura verificada contra fixture INEGI SCIAN-2023 — ver README de spatial/warehouse,SERIO-78-2018,,scripts/build_crosswalk_maestro.py
3256,RAMA,"Fabricación de jabones, limpiadores y preparaciones de tocador",325,Industria química,OFFICIAL,VERIFIED,LOW,EXACT,Crosswalk Maestro SCIAN→SERIO v0.1 (autoría Lattise),"Hereda la clasificación de su subsector padre SCIAN 325 ('Industria química'), asignado al sector SERIO 'Industria química'. Fundamento del subsector padre: Coincidencia directa y exacta uno a uno: el subsector SCIAN 325 ('Industria química') es, literalmente, uno de los 78 sectores oficiales del modelo SERIO ('Industria química'). No requiere inferencia económica adicional.",,,Confianza original en Crosswalk Maestro v0.1: ALTA.,v0.1,SCIAN-2018 (base SERIO); estructura verificada contra fixture INEGI SCIAN-2023 — ver README de spatial/warehouse,SERIO-78-2018,,scripts/build_crosswalk_maestro.py
3259,RAMA,Fabricación de otros productos químicos,325,Industria química,OFFICIAL,VERIFIED,LOW,EXACT,Crosswalk Maestro SCIAN→SERIO v0.1 (autoría Lattise),"Hereda la clasificación de su subsector padre SCIAN 325 ('Industria química'), asignado al sector SERIO 'Industria química'. Fundamento del subsector padre: Coincidencia directa y exacta uno a uno: el subsector SCIAN 325 ('Industria química') es, literalmente, uno de los 78 sectores oficiales del modelo SERIO ('Industria química'). No requiere inferencia económica adicional.",,,Confianza original en Crosswalk Maestro v0.1: ALTA.,v0.1,SCIAN-2018 (base SERIO); estructura verificada contra fixture INEGI SCIAN-2023 — ver README de spatial/warehouse,SERIO-78-2018,,scripts/build_crosswalk_maestro.py
3261,RAMA,Fabricación de productos de plástico,326,Industria del plástico y del hule,OFFICIAL,VERIFIED,LOW,EXACT,Crosswalk Maestro SCIAN→SERIO v0.1 (autoría Lattise),"Hereda la clasificación de su subsector padre SCIAN 326 ('Industria del plástico y del hule'), asignado al sector SERIO 'Industria del plástico y del hule'. Fundamento del subsector padre: Coincidencia directa y exacta uno a uno: el subsector SCIAN 326 ('Industria del plástico y del hule') es, literalmente, uno de los 78 sectores oficiales del modelo SERIO ('Industria del plástico y del hule'). No requiere inferencia económica adicional.",,,Confianza original en Crosswalk Maestro v0.1: ALTA.,v0.1,SCIAN-2018 (base SERIO); estructura verificada contra fixture INEGI SCIAN-2023 — ver README de spatial/warehouse,SERIO-78-2018,,scripts/build_crosswalk_maestro.py
3262,RAMA,Fabricación de productos de hule,326,Industria del plástico y del hule,OFFICIAL,VERIFIED,LOW,EXACT,Crosswalk Maestro SCIAN→SERIO v0.1 (autoría Lattise),"Hereda la clasificación de su subsector padre SCIAN 326 ('Industria del plástico y del hule'), asignado al sector SERIO 'Industria del plástico y del hule'. Fundamento del subsector padre: Coincidencia directa y exacta uno a uno: el subsector SCIAN 326 ('Industria del plástico y del hule') es, literalmente, uno de los 78 sectores oficiales del modelo SERIO ('Industria del plástico y del hule'). No requiere inferencia económica adicional.",,,Confianza original en Crosswalk Maestro v0.1: ALTA.,v0.1,SCIAN-2018 (base SERIO); estructura verificada contra fixture INEGI SCIAN-2023 — ver README de spatial/warehouse,SERIO-78-2018,,scripts/build_crosswalk_maestro.py
3271,RAMA,Fabricación de productos a base de arcillas y minerales refractarios,327,Fabricación de productos a base de minerales no metálicos,OFFICIAL,VERIFIED,LOW,EXACT,Crosswalk Maestro SCIAN→SERIO v0.1 (autoría Lattise),"Hereda la clasificación de su subsector padre SCIAN 327 ('Fabricación de productos a base de minerales no metálicos'), asignado al sector SERIO 'Fabricación de productos a base de minerales no metálicos'. Fundamento del subsector padre: Coincidencia directa y exacta uno a uno: el subsector SCIAN 327 ('Fabricación de productos a base de minerales no metálicos') es, literalmente, uno de los 78 sectores oficiales del modelo SERIO ('Fabricación de productos a base de minerales no metálicos'). No requiere inferencia económica adicional.",,,Confianza original en Crosswalk Maestro v0.1: ALTA.,v0.1,SCIAN-2018 (base SERIO); estructura verificada contra fixture INEGI SCIAN-2023 — ver README de spatial/warehouse,SERIO-78-2018,,scripts/build_crosswalk_maestro.py
3272,RAMA,Fabricación de vidrio y productos de vidrio,327,Fabricación de productos a base de minerales no metálicos,OFFICIAL,VERIFIED,LOW,EXACT,Crosswalk Maestro SCIAN→SERIO v0.1 (autoría Lattise),"Hereda la clasificación de su subsector padre SCIAN 327 ('Fabricación de productos a base de minerales no metálicos'), asignado al sector SERIO 'Fabricación de productos a base de minerales no metálicos'. Fundamento del subsector padre: Coincidencia directa y exacta uno a uno: el subsector SCIAN 327 ('Fabricación de productos a base de minerales no metálicos') es, literalmente, uno de los 78 sectores oficiales del modelo SERIO ('Fabricación de productos a base de minerales no metálicos'). No requiere inferencia económica adicional.",,,Confianza original en Crosswalk Maestro v0.1: ALTA.,v0.1,SCIAN-2018 (base SERIO); estructura verificada contra fixture INEGI SCIAN-2023 — ver README de spatial/warehouse,SERIO-78-2018,,scripts/build_crosswalk_maestro.py
3273,RAMA,"Fabricación de cemento, concreto y sus productos",327,Fabricación de productos a base de minerales no metálicos,OFFICIAL,VERIFIED,LOW,EXACT,Crosswalk Maestro SCIAN→SERIO v0.1 (autoría Lattise),"Hereda la clasificación de su subsector padre SCIAN 327 ('Fabricación de productos a base de minerales no metálicos'), asignado al sector SERIO 'Fabricación de productos a base de minerales no metálicos'. Fundamento del subsector padre: Coincidencia directa y exacta uno a uno: el subsector SCIAN 327 ('Fabricación de productos a base de minerales no metálicos') es, literalmente, uno de los 78 sectores oficiales del modelo SERIO ('Fabricación de productos a base de minerales no metálicos'). No requiere inferencia económica adicional.",,,Confianza original en Crosswalk Maestro v0.1: ALTA.,v0.1,SCIAN-2018 (base SERIO); estructura verificada contra fixture INEGI SCIAN-2023 — ver README de spatial/warehouse,SERIO-78-2018,,scripts/build_crosswalk_maestro.py
3274,RAMA,"Fabricación de cal, yeso y productos de yeso",327,Fabricación de productos a base de minerales no metálicos,OFFICIAL,VERIFIED,LOW,EXACT,Crosswalk Maestro SCIAN→SERIO v0.1 (autoría Lattise),"Hereda la clasificación de su subsector padre SCIAN 327 ('Fabricación de productos a base de minerales no metálicos'), asignado al sector SERIO 'Fabricación de productos a base de minerales no metálicos'. Fundamento del subsector padre: Coincidencia directa y exacta uno a uno: el subsector SCIAN 327 ('Fabricación de productos a base de minerales no metálicos') es, literalmente, uno de los 78 sectores oficiales del modelo SERIO ('Fabricación de productos a base de minerales no metálicos'). No requiere inferencia económica adicional.",,,Confianza original en Crosswalk Maestro v0.1: ALTA.,v0.1,SCIAN-2018 (base SERIO); estructura verificada contra fixture INEGI SCIAN-2023 — ver README de spatial/warehouse,SERIO-78-2018,,scripts/build_crosswalk_maestro.py
3279,RAMA,Fabricación de otros productos a base de minerales no metálicos,327,Fabricación de productos a base de minerales no metálicos,OFFICIAL,VERIFIED,LOW,EXACT,Crosswalk Maestro SCIAN→SERIO v0.1 (autoría Lattise),"Hereda la clasificación de su subsector padre SCIAN 327 ('Fabricación de productos a base de minerales no metálicos'), asignado al sector SERIO 'Fabricación de productos a base de minerales no metálicos'. Fundamento del subsector padre: Coincidencia directa y exacta uno a uno: el subsector SCIAN 327 ('Fabricación de productos a base de minerales no metálicos') es, literalmente, uno de los 78 sectores oficiales del modelo SERIO ('Fabricación de productos a base de minerales no metálicos'). No requiere inferencia económica adicional.",,,Confianza original en Crosswalk Maestro v0.1: ALTA.,v0.1,SCIAN-2018 (base SERIO); estructura verificada contra fixture INEGI SCIAN-2023 — ver README de spatial/warehouse,SERIO-78-2018,,scripts/build_crosswalk_maestro.py
3311,RAMA,Industria básica del hierro y del acero,331,Industrias metálicas básicas,OFFICIAL,VERIFIED,LOW,EXACT,Crosswalk Maestro SCIAN→SERIO v0.1 (autoría Lattise),"Hereda la clasificación de su subsector padre SCIAN 331 ('Industrias metálicas básicas'), asignado al sector SERIO 'Industrias metálicas básicas'. Fundamento del subsector padre: Coincidencia directa y exacta uno a uno: el subsector SCIAN 331 ('Industrias metálicas básicas') es, literalmente, uno de los 78 sectores oficiales del modelo SERIO ('Industrias metálicas básicas'). No requiere inferencia económica adicional.",,,Confianza original en Crosswalk Maestro v0.1: ALTA.,v0.1,SCIAN-2018 (base SERIO); estructura verificada contra fixture INEGI SCIAN-2023 — ver README de spatial/warehouse,SERIO-78-2018,,scripts/build_crosswalk_maestro.py
3312,RAMA,Fabricación de productos de hierro y acero,331,Industrias metálicas básicas,OFFICIAL,VERIFIED,LOW,EXACT,Crosswalk Maestro SCIAN→SERIO v0.1 (autoría Lattise),"Hereda la clasificación de su subsector padre SCIAN 331 ('Industrias metálicas básicas'), asignado al sector SERIO 'Industrias metálicas básicas'. Fundamento del subsector padre: Coincidencia directa y exacta uno a uno: el subsector SCIAN 331 ('Industrias metálicas básicas') es, literalmente, uno de los 78 sectores oficiales del modelo SERIO ('Industrias metálicas básicas'). No requiere inferencia económica adicional.",,,Confianza original en Crosswalk Maestro v0.1: ALTA.,v0.1,SCIAN-2018 (base SERIO); estructura verificada contra fixture INEGI SCIAN-2023 — ver README de spatial/warehouse,SERIO-78-2018,,scripts/build_crosswalk_maestro.py
3313,RAMA,Industria básica del aluminio,331,Industrias metálicas básicas,OFFICIAL,VERIFIED,LOW,EXACT,Crosswalk Maestro SCIAN→SERIO v0.1 (autoría Lattise),"Hereda la clasificación de su subsector padre SCIAN 331 ('Industrias metálicas básicas'), asignado al sector SERIO 'Industrias metálicas básicas'. Fundamento del subsector padre: Coincidencia directa y exacta uno a uno: el subsector SCIAN 331 ('Industrias metálicas básicas') es, literalmente, uno de los 78 sectores oficiales del modelo SERIO ('Industrias metálicas básicas'). No requiere inferencia económica adicional.",,,Confianza original en Crosswalk Maestro v0.1: ALTA.,v0.1,SCIAN-2018 (base SERIO); estructura verificada contra fixture INEGI SCIAN-2023 — ver README de spatial/warehouse,SERIO-78-2018,,scripts/build_crosswalk_maestro.py
3314,RAMA,"Industrias de metales no ferrosos, excepto aluminio",331,Industrias metálicas básicas,OFFICIAL,VERIFIED,LOW,EXACT,Crosswalk Maestro SCIAN→SERIO v0.1 (autoría Lattise),"Hereda la clasificación de su subsector padre SCIAN 331 ('Industrias metálicas básicas'), asignado al sector SERIO 'Industrias metálicas básicas'. Fundamento del subsector padre: Coincidencia directa y exacta uno a uno: el subsector SCIAN 331 ('Industrias metálicas básicas') es, literalmente, uno de los 78 sectores oficiales del modelo SERIO ('Industrias metálicas básicas'). No requiere inferencia económica adicional.",,,Confianza original en Crosswalk Maestro v0.1: ALTA.,v0.1,SCIAN-2018 (base SERIO); estructura verificada contra fixture INEGI SCIAN-2023 — ver README de spatial/warehouse,SERIO-78-2018,,scripts/build_crosswalk_maestro.py
3315,RAMA,Moldeo por fundición de piezas metálicas,331,Industrias metálicas básicas,OFFICIAL,VERIFIED,LOW,EXACT,Crosswalk Maestro SCIAN→SERIO v0.1 (autoría Lattise),"Hereda la clasificación de su subsector padre SCIAN 331 ('Industrias metálicas básicas'), asignado al sector SERIO 'Industrias metálicas básicas'. Fundamento del subsector padre: Coincidencia directa y exacta uno a uno: el subsector SCIAN 331 ('Industrias metálicas básicas') es, literalmente, uno de los 78 sectores oficiales del modelo SERIO ('Industrias metálicas básicas'). No requiere inferencia económica adicional.",,,Confianza original en Crosswalk Maestro v0.1: ALTA.,v0.1,SCIAN-2018 (base SERIO); estructura verificada contra fixture INEGI SCIAN-2023 — ver README de spatial/warehouse,SERIO-78-2018,,scripts/build_crosswalk_maestro.py
3321,RAMA,Fabricación de productos metálicos forjados y troquelados,332,Fabricación de productos metálicos,OFFICIAL,VERIFIED,LOW,EXACT,Crosswalk Maestro SCIAN→SERIO v0.1 (autoría Lattise),"Hereda la clasificación de su subsector padre SCIAN 332 ('Fabricación de productos metálicos'), asignado al sector SERIO 'Fabricación de productos metálicos'. Fundamento del subsector padre: Coincidencia directa y exacta uno a uno: el subsector SCIAN 332 ('Fabricación de productos metálicos') es, literalmente, uno de los 78 sectores oficiales del modelo SERIO ('Fabricación de productos metálicos'). No requiere inferencia económica adicional.",,,Confianza original en Crosswalk Maestro v0.1: ALTA.,v0.1,SCIAN-2018 (base SERIO); estructura verificada contra fixture INEGI SCIAN-2023 — ver README de spatial/warehouse,SERIO-78-2018,,scripts/build_crosswalk_maestro.py
3322,RAMA,Fabricación de herramientas de mano sin motor y utensilios de cocina metálicos,332,Fabricación de productos metálicos,OFFICIAL,VERIFIED,LOW,EXACT,Crosswalk Maestro SCIAN→SERIO v0.1 (autoría Lattise),"Hereda la clasificación de su subsector padre SCIAN 332 ('Fabricación de productos metálicos'), asignado al sector SERIO 'Fabricación de productos metálicos'. Fundamento del subsector padre: Coincidencia directa y exacta uno a uno: el subsector SCIAN 332 ('Fabricación de productos metálicos') es, literalmente, uno de los 78 sectores oficiales del modelo SERIO ('Fabricación de productos metálicos'). No requiere inferencia económica adicional.",,,Confianza original en Crosswalk Maestro v0.1: ALTA.,v0.1,SCIAN-2018 (base SERIO); estructura verificada contra fixture INEGI SCIAN-2023 — ver README de spatial/warehouse,SERIO-78-2018,,scripts/build_crosswalk_maestro.py
3323,RAMA,Fabricación de estructuras metálicas y productos de herrería,332,Fabricación de productos metálicos,OFFICIAL,VERIFIED,LOW,EXACT,Crosswalk Maestro SCIAN→SERIO v0.1 (autoría Lattise),"Hereda la clasificación de su subsector padre SCIAN 332 ('Fabricación de productos metálicos'), asignado al sector SERIO 'Fabricación de productos metálicos'. Fundamento del subsector padre: Coincidencia directa y exacta uno a uno: el subsector SCIAN 332 ('Fabricación de productos metálicos') es, literalmente, uno de los 78 sectores oficiales del modelo SERIO ('Fabricación de productos metálicos'). No requiere inferencia económica adicional.",,,Confianza original en Crosswalk Maestro v0.1: ALTA.,v0.1,SCIAN-2018 (base SERIO); estructura verificada contra fixture INEGI SCIAN-2023 — ver README de spatial/warehouse,SERIO-78-2018,,scripts/build_crosswalk_maestro.py
3324,RAMA,"Fabricación de calderas, tanques y envases metálicos",332,Fabricación de productos metálicos,OFFICIAL,VERIFIED,LOW,EXACT,Crosswalk Maestro SCIAN→SERIO v0.1 (autoría Lattise),"Hereda la clasificación de su subsector padre SCIAN 332 ('Fabricación de productos metálicos'), asignado al sector SERIO 'Fabricación de productos metálicos'. Fundamento del subsector padre: Coincidencia directa y exacta uno a uno: el subsector SCIAN 332 ('Fabricación de productos metálicos') es, literalmente, uno de los 78 sectores oficiales del modelo SERIO ('Fabricación de productos metálicos'). No requiere inferencia económica adicional.",,,Confianza original en Crosswalk Maestro v0.1: ALTA.,v0.1,SCIAN-2018 (base SERIO); estructura verificada contra fixture INEGI SCIAN-2023 — ver README de spatial/warehouse,SERIO-78-2018,,scripts/build_crosswalk_maestro.py
3325,RAMA,Fabricación de herrajes y cerraduras,332,Fabricación de productos metálicos,OFFICIAL,VERIFIED,LOW,EXACT,Crosswalk Maestro SCIAN→SERIO v0.1 (autoría Lattise),"Hereda la clasificación de su subsector padre SCIAN 332 ('Fabricación de productos metálicos'), asignado al sector SERIO 'Fabricación de productos metálicos'. Fundamento del subsector padre: Coincidencia directa y exacta uno a uno: el subsector SCIAN 332 ('Fabricación de productos metálicos') es, literalmente, uno de los 78 sectores oficiales del modelo SERIO ('Fabricación de productos metálicos'). No requiere inferencia económica adicional.",,,Confianza original en Crosswalk Maestro v0.1: ALTA.,v0.1,SCIAN-2018 (base SERIO); estructura verificada contra fixture INEGI SCIAN-2023 — ver README de spatial/warehouse,SERIO-78-2018,,scripts/build_crosswalk_maestro.py
3326,RAMA,"Fabricación de alambre, productos de alambre y resortes",332,Fabricación de productos metálicos,OFFICIAL,VERIFIED,LOW,EXACT,Crosswalk Maestro SCIAN→SERIO v0.1 (autoría Lattise),"Hereda la clasificación de su subsector padre SCIAN 332 ('Fabricación de productos metálicos'), asignado al sector SERIO 'Fabricación de productos metálicos'. Fundamento del subsector padre: Coincidencia directa y exacta uno a uno: el subsector SCIAN 332 ('Fabricación de productos metálicos') es, literalmente, uno de los 78 sectores oficiales del modelo SERIO ('Fabricación de productos metálicos'). No requiere inferencia económica adicional.",,,Confianza original en Crosswalk Maestro v0.1: ALTA.,v0.1,SCIAN-2018 (base SERIO); estructura verificada contra fixture INEGI SCIAN-2023 — ver README de spatial/warehouse,SERIO-78-2018,,scripts/build_crosswalk_maestro.py
3327,RAMA,Maquinado de piezas y fabricación de tornillos,332,Fabricación de productos metálicos,OFFICIAL,VERIFIED,LOW,EXACT,Crosswalk Maestro SCIAN→SERIO v0.1 (autoría Lattise),"Hereda la clasificación de su subsector padre SCIAN 332 ('Fabricación de productos metálicos'), asignado al sector SERIO 'Fabricación de productos metálicos'. Fundamento del subsector padre: Coincidencia directa y exacta uno a uno: el subsector SCIAN 332 ('Fabricación de productos metálicos') es, literalmente, uno de los 78 sectores oficiales del modelo SERIO ('Fabricación de productos metálicos'). No requiere inferencia económica adicional.",,,Confianza original en Crosswalk Maestro v0.1: ALTA.,v0.1,SCIAN-2018 (base SERIO); estructura verificada contra fixture INEGI SCIAN-2023 — ver README de spatial/warehouse,SERIO-78-2018,,scripts/build_crosswalk_maestro.py
3328,RAMA,Recubrimientos y terminados metálicos,332,Fabricación de productos metálicos,OFFICIAL,VERIFIED,LOW,EXACT,Crosswalk Maestro SCIAN→SERIO v0.1 (autoría Lattise),"Hereda la clasificación de su subsector padre SCIAN 332 ('Fabricación de productos metálicos'), asignado al sector SERIO 'Fabricación de productos metálicos'. Fundamento del subsector padre: Coincidencia directa y exacta uno a uno: el subsector SCIAN 332 ('Fabricación de productos metálicos') es, literalmente, uno de los 78 sectores oficiales del modelo SERIO ('Fabricación de productos metálicos'). No requiere inferencia económica adicional.",,,Confianza original en Crosswalk Maestro v0.1: ALTA.,v0.1,SCIAN-2018 (base SERIO); estructura verificada contra fixture INEGI SCIAN-2023 — ver README de spatial/warehouse,SERIO-78-2018,,scripts/build_crosswalk_maestro.py
3329,RAMA,Fabricación de otros productos metálicos,332,Fabricación de productos metálicos,OFFICIAL,VERIFIED,LOW,EXACT,Crosswalk Maestro SCIAN→SERIO v0.1 (autoría Lattise),"Hereda la clasificación de su subsector padre SCIAN 332 ('Fabricación de productos metálicos'), asignado al sector SERIO 'Fabricación de productos metálicos'. Fundamento del subsector padre: Coincidencia directa y exacta uno a uno: el subsector SCIAN 332 ('Fabricación de productos metálicos') es, literalmente, uno de los 78 sectores oficiales del modelo SERIO ('Fabricación de productos metálicos'). No requiere inferencia económica adicional.",,,Confianza original en Crosswalk Maestro v0.1: ALTA.,v0.1,SCIAN-2018 (base SERIO); estructura verificada contra fixture INEGI SCIAN-2023 — ver README de spatial/warehouse,SERIO-78-2018,,scripts/build_crosswalk_maestro.py
3331,RAMA,"Fabricación de maquinaria y equipo agropecuario, para la construcción y para la industria extractiva",333,Fabricación de maquinaria y equipo,OFFICIAL,VERIFIED,LOW,EXACT,Crosswalk Maestro SCIAN→SERIO v0.1 (autoría Lattise),"Hereda la clasificación de su subsector padre SCIAN 333 ('Fabricación de maquinaria y equipo'), asignado al sector SERIO 'Fabricación de maquinaria y equipo'. Fundamento del subsector padre: Coincidencia directa y exacta uno a uno: el subsector SCIAN 333 ('Fabricación de maquinaria y equipo') es, literalmente, uno de los 78 sectores oficiales del modelo SERIO ('Fabricación de maquinaria y equipo'). No requiere inferencia económica adicional.",,,Confianza original en Crosswalk Maestro v0.1: ALTA.,v0.1,SCIAN-2018 (base SERIO); estructura verificada contra fixture INEGI SCIAN-2023 — ver README de spatial/warehouse,SERIO-78-2018,,scripts/build_crosswalk_maestro.py
3332,RAMA,"Fabricación de maquinaria y equipo para las industrias manufactureras, excepto la metalmecánica",333,Fabricación de maquinaria y equipo,OFFICIAL,VERIFIED,LOW,EXACT,Crosswalk Maestro SCIAN→SERIO v0.1 (autoría Lattise),"Hereda la clasificación de su subsector padre SCIAN 333 ('Fabricación de maquinaria y equipo'), asignado al sector SERIO 'Fabricación de maquinaria y equipo'. Fundamento del subsector padre: Coincidencia directa y exacta uno a uno: el subsector SCIAN 333 ('Fabricación de maquinaria y equipo') es, literalmente, uno de los 78 sectores oficiales del modelo SERIO ('Fabricación de maquinaria y equipo'). No requiere inferencia económica adicional.",,,Confianza original en Crosswalk Maestro v0.1: ALTA.,v0.1,SCIAN-2018 (base SERIO); estructura verificada contra fixture INEGI SCIAN-2023 — ver README de spatial/warehouse,SERIO-78-2018,,scripts/build_crosswalk_maestro.py
3333,RAMA,Fabricación de maquinaria y equipo para el comercio y los servicios,333,Fabricación de maquinaria y equipo,OFFICIAL,VERIFIED,LOW,EXACT,Crosswalk Maestro SCIAN→SERIO v0.1 (autoría Lattise),"Hereda la clasificación de su subsector padre SCIAN 333 ('Fabricación de maquinaria y equipo'), asignado al sector SERIO 'Fabricación de maquinaria y equipo'. Fundamento del subsector padre: Coincidencia directa y exacta uno a uno: el subsector SCIAN 333 ('Fabricación de maquinaria y equipo') es, literalmente, uno de los 78 sectores oficiales del modelo SERIO ('Fabricación de maquinaria y equipo'). No requiere inferencia económica adicional.",,,Confianza original en Crosswalk Maestro v0.1: ALTA.,v0.1,SCIAN-2018 (base SERIO); estructura verificada contra fixture INEGI SCIAN-2023 — ver README de spatial/warehouse,SERIO-78-2018,,scripts/build_crosswalk_maestro.py
3334,RAMA,"Fabricación de equipo de aire acondicionado, calefacción, y de refrigeración industrial y comercial",333,Fabricación de maquinaria y equipo,OFFICIAL,VERIFIED,LOW,EXACT,Crosswalk Maestro SCIAN→SERIO v0.1 (autoría Lattise),"Hereda la clasificación de su subsector padre SCIAN 333 ('Fabricación de maquinaria y equipo'), asignado al sector SERIO 'Fabricación de maquinaria y equipo'. Fundamento del subsector padre: Coincidencia directa y exacta uno a uno: el subsector SCIAN 333 ('Fabricación de maquinaria y equipo') es, literalmente, uno de los 78 sectores oficiales del modelo SERIO ('Fabricación de maquinaria y equipo'). No requiere inferencia económica adicional.",,,Confianza original en Crosswalk Maestro v0.1: ALTA.,v0.1,SCIAN-2018 (base SERIO); estructura verificada contra fixture INEGI SCIAN-2023 — ver README de spatial/warehouse,SERIO-78-2018,,scripts/build_crosswalk_maestro.py
3335,RAMA,Fabricación de maquinaria y equipo para la industria metalmecánica,333,Fabricación de maquinaria y equipo,OFFICIAL,VERIFIED,LOW,EXACT,Crosswalk Maestro SCIAN→SERIO v0.1 (autoría Lattise),"Hereda la clasificación de su subsector padre SCIAN 333 ('Fabricación de maquinaria y equipo'), asignado al sector SERIO 'Fabricación de maquinaria y equipo'. Fundamento del subsector padre: Coincidencia directa y exacta uno a uno: el subsector SCIAN 333 ('Fabricación de maquinaria y equipo') es, literalmente, uno de los 78 sectores oficiales del modelo SERIO ('Fabricación de maquinaria y equipo'). No requiere inferencia económica adicional.",,,Confianza original en Crosswalk Maestro v0.1: ALTA.,v0.1,SCIAN-2018 (base SERIO); estructura verificada contra fixture INEGI SCIAN-2023 — ver README de spatial/warehouse,SERIO-78-2018,,scripts/build_crosswalk_maestro.py
3336,RAMA,"Fabricación de motores de combustión interna, turbinas y transmisiones",333,Fabricación de maquinaria y equipo,OFFICIAL,VERIFIED,LOW,EXACT,Crosswalk Maestro SCIAN→SERIO v0.1 (autoría Lattise),"Hereda la clasificación de su subsector padre SCIAN 333 ('Fabricación de maquinaria y equipo'), asignado al sector SERIO 'Fabricación de maquinaria y equipo'. Fundamento del subsector padre: Coincidencia directa y exacta uno a uno: el subsector SCIAN 333 ('Fabricación de maquinaria y equipo') es, literalmente, uno de los 78 sectores oficiales del modelo SERIO ('Fabricación de maquinaria y equipo'). No requiere inferencia económica adicional.",,,Confianza original en Crosswalk Maestro v0.1: ALTA.,v0.1,SCIAN-2018 (base SERIO); estructura verificada contra fixture INEGI SCIAN-2023 — ver README de spatial/warehouse,SERIO-78-2018,,scripts/build_crosswalk_maestro.py
3339,RAMA,Fabricación de otra maquinaria y equipo para la industria en general,333,Fabricación de maquinaria y equipo,OFFICIAL,VERIFIED,LOW,EXACT,Crosswalk Maestro SCIAN→SERIO v0.1 (autoría Lattise),"Hereda la clasificación de su subsector padre SCIAN 333 ('Fabricación de maquinaria y equipo'), asignado al sector SERIO 'Fabricación de maquinaria y equipo'. Fundamento del subsector padre: Coincidencia directa y exacta uno a uno: el subsector SCIAN 333 ('Fabricación de maquinaria y equipo') es, literalmente, uno de los 78 sectores oficiales del modelo SERIO ('Fabricación de maquinaria y equipo'). No requiere inferencia económica adicional.",,,Confianza original en Crosswalk Maestro v0.1: ALTA.,v0.1,SCIAN-2018 (base SERIO); estructura verificada contra fixture INEGI SCIAN-2023 — ver README de spatial/warehouse,SERIO-78-2018,,scripts/build_crosswalk_maestro.py
3341,RAMA,Fabricación de computadoras y equipo periférico,334,"Fabricación de equipo de computación, comunicación, medición y de otros equipos, componentes y accesorios electrónicos",OFFICIAL,VERIFIED,LOW,EXACT,Crosswalk Maestro SCIAN→SERIO v0.1 (autoría Lattise),"Hereda la clasificación de su subsector padre SCIAN 334 ('Fabricación de equipo de computación, comunicación, medición y de otros equipos, componentes y accesorios electrónicos'), asignado al sector SERIO 'Fabricación de equipo de computación, comunicación, medición y de otros equipos, componentes y accesorios electrónicos'. Fundamento del subsector padre: Coincidencia directa y exacta uno a uno: el subsector SCIAN 334 ('Fabricación de equipo de computación, comunicación, medición y de otros equipos, componentes y accesorios electrónicos') es, literalmente, uno de los 78 sectores oficiales del modelo SERIO ('Fabricación de equipo de computación, comunicación, medición y de otros equipos, componentes y accesorios electrónicos'). No requiere inferencia económica adicional.",,,Confianza original en Crosswalk Maestro v0.1: ALTA.,v0.1,SCIAN-2018 (base SERIO); estructura verificada contra fixture INEGI SCIAN-2023 — ver README de spatial/warehouse,SERIO-78-2018,,scripts/build_crosswalk_maestro.py
3342,RAMA,Fabricación de equipo de comunicación,334,"Fabricación de equipo de computación, comunicación, medición y de otros equipos, componentes y accesorios electrónicos",OFFICIAL,VERIFIED,LOW,EXACT,Crosswalk Maestro SCIAN→SERIO v0.1 (autoría Lattise),"Hereda la clasificación de su subsector padre SCIAN 334 ('Fabricación de equipo de computación, comunicación, medición y de otros equipos, componentes y accesorios electrónicos'), asignado al sector SERIO 'Fabricación de equipo de computación, comunicación, medición y de otros equipos, componentes y accesorios electrónicos'. Fundamento del subsector padre: Coincidencia directa y exacta uno a uno: el subsector SCIAN 334 ('Fabricación de equipo de computación, comunicación, medición y de otros equipos, componentes y accesorios electrónicos') es, literalmente, uno de los 78 sectores oficiales del modelo SERIO ('Fabricación de equipo de computación, comunicación, medición y de otros equipos, componentes y accesorios electrónicos'). No requiere inferencia económica adicional.",,,Confianza original en Crosswalk Maestro v0.1: ALTA.,v0.1,SCIAN-2018 (base SERIO); estructura verificada contra fixture INEGI SCIAN-2023 — ver README de spatial/warehouse,SERIO-78-2018,,scripts/build_crosswalk_maestro.py
3343,RAMA,Fabricación de equipo de audio y de video,334,"Fabricación de equipo de computación, comunicación, medición y de otros equipos, componentes y accesorios electrónicos",OFFICIAL,VERIFIED,LOW,EXACT,Crosswalk Maestro SCIAN→SERIO v0.1 (autoría Lattise),"Hereda la clasificación de su subsector padre SCIAN 334 ('Fabricación de equipo de computación, comunicación, medición y de otros equipos, componentes y accesorios electrónicos'), asignado al sector SERIO 'Fabricación de equipo de computación, comunicación, medición y de otros equipos, componentes y accesorios electrónicos'. Fundamento del subsector padre: Coincidencia directa y exacta uno a uno: el subsector SCIAN 334 ('Fabricación de equipo de computación, comunicación, medición y de otros equipos, componentes y accesorios electrónicos') es, literalmente, uno de los 78 sectores oficiales del modelo SERIO ('Fabricación de equipo de computación, comunicación, medición y de otros equipos, componentes y accesorios electrónicos'). No requiere inferencia económica adicional.",,,Confianza original en Crosswalk Maestro v0.1: ALTA.,v0.1,SCIAN-2018 (base SERIO); estructura verificada contra fixture INEGI SCIAN-2023 — ver README de spatial/warehouse,SERIO-78-2018,,scripts/build_crosswalk_maestro.py
3344,RAMA,Fabricación de componentes electrónicos,334,"Fabricación de equipo de computación, comunicación, medición y de otros equipos, componentes y accesorios electrónicos",OFFICIAL,VERIFIED,LOW,EXACT,Crosswalk Maestro SCIAN→SERIO v0.1 (autoría Lattise),"Hereda la clasificación de su subsector padre SCIAN 334 ('Fabricación de equipo de computación, comunicación, medición y de otros equipos, componentes y accesorios electrónicos'), asignado al sector SERIO 'Fabricación de equipo de computación, comunicación, medición y de otros equipos, componentes y accesorios electrónicos'. Fundamento del subsector padre: Coincidencia directa y exacta uno a uno: el subsector SCIAN 334 ('Fabricación de equipo de computación, comunicación, medición y de otros equipos, componentes y accesorios electrónicos') es, literalmente, uno de los 78 sectores oficiales del modelo SERIO ('Fabricación de equipo de computación, comunicación, medición y de otros equipos, componentes y accesorios electrónicos'). No requiere inferencia económica adicional.",,,Confianza original en Crosswalk Maestro v0.1: ALTA.,v0.1,SCIAN-2018 (base SERIO); estructura verificada contra fixture INEGI SCIAN-2023 — ver README de spatial/warehouse,SERIO-78-2018,,scripts/build_crosswalk_maestro.py
3345,RAMA,"Fabricación de instrumentos de medición, control, navegación, y equipo médico electrónico",334,"Fabricación de equipo de computación, comunicación, medición y de otros equipos, componentes y accesorios electrónicos",OFFICIAL,VERIFIED,LOW,EXACT,Crosswalk Maestro SCIAN→SERIO v0.1 (autoría Lattise),"Hereda la clasificación de su subsector padre SCIAN 334 ('Fabricación de equipo de computación, comunicación, medición y de otros equipos, componentes y accesorios electrónicos'), asignado al sector SERIO 'Fabricación de equipo de computación, comunicación, medición y de otros equipos, componentes y accesorios electrónicos'. Fundamento del subsector padre: Coincidencia directa y exacta uno a uno: el subsector SCIAN 334 ('Fabricación de equipo de computación, comunicación, medición y de otros equipos, componentes y accesorios electrónicos') es, literalmente, uno de los 78 sectores oficiales del modelo SERIO ('Fabricación de equipo de computación, comunicación, medición y de otros equipos, componentes y accesorios electrónicos'). No requiere inferencia económica adicional.",,,Confianza original en Crosswalk Maestro v0.1: ALTA.,v0.1,SCIAN-2018 (base SERIO); estructura verificada contra fixture INEGI SCIAN-2023 — ver README de spatial/warehouse,SERIO-78-2018,,scripts/build_crosswalk_maestro.py
3346,RAMA,Fabricación y reproducción de medios magnéticos y ópticos,334,"Fabricación de equipo de computación, comunicación, medición y de otros equipos, componentes y accesorios electrónicos",OFFICIAL,VERIFIED,LOW,EXACT,Crosswalk Maestro SCIAN→SERIO v0.1 (autoría Lattise),"Hereda la clasificación de su subsector padre SCIAN 334 ('Fabricación de equipo de computación, comunicación, medición y de otros equipos, componentes y accesorios electrónicos'), asignado al sector SERIO 'Fabricación de equipo de computación, comunicación, medición y de otros equipos, componentes y accesorios electrónicos'. Fundamento del subsector padre: Coincidencia directa y exacta uno a uno: el subsector SCIAN 334 ('Fabricación de equipo de computación, comunicación, medición y de otros equipos, componentes y accesorios electrónicos') es, literalmente, uno de los 78 sectores oficiales del modelo SERIO ('Fabricación de equipo de computación, comunicación, medición y de otros equipos, componentes y accesorios electrónicos'). No requiere inferencia económica adicional.",,,Confianza original en Crosswalk Maestro v0.1: ALTA.,v0.1,SCIAN-2018 (base SERIO); estructura verificada contra fixture INEGI SCIAN-2023 — ver README de spatial/warehouse,SERIO-78-2018,,scripts/build_crosswalk_maestro.py
3351,RAMA,Fabricación de accesorios de iluminación,335,"Fabricación de accesorios, aparatos eléctricos y equipo de generación de energía eléctrica",OFFICIAL,VERIFIED,LOW,EXACT,Crosswalk Maestro SCIAN→SERIO v0.1 (autoría Lattise),"Hereda la clasificación de su subsector padre SCIAN 335 ('Fabricación de accesorios, aparatos eléctricos y equipo de generación de energía eléctrica'), asignado al sector SERIO 'Fabricación de accesorios, aparatos eléctricos y equipo de generación de energía eléctrica'. Fundamento del subsector padre: Coincidencia directa y exacta uno a uno: el subsector SCIAN 335 ('Fabricación de accesorios, aparatos eléctricos y equipo de generación de energía eléctrica') es, literalmente, uno de los 78 sectores oficiales del modelo SERIO ('Fabricación de accesorios, aparatos eléctricos y equipo de generación de energía eléctrica'). No requiere inferencia económica adicional.",,,Confianza original en Crosswalk Maestro v0.1: ALTA.,v0.1,SCIAN-2018 (base SERIO); estructura verificada contra fixture INEGI SCIAN-2023 — ver README de spatial/warehouse,SERIO-78-2018,,scripts/build_crosswalk_maestro.py
3352,RAMA,Fabricación de aparatos eléctricos de uso doméstico,335,"Fabricación de accesorios, aparatos eléctricos y equipo de generación de energía eléctrica",OFFICIAL,VERIFIED,LOW,EXACT,Crosswalk Maestro SCIAN→SERIO v0.1 (autoría Lattise),"Hereda la clasificación de su subsector padre SCIAN 335 ('Fabricación de accesorios, aparatos eléctricos y equipo de generación de energía eléctrica'), asignado al sector SERIO 'Fabricación de accesorios, aparatos eléctricos y equipo de generación de energía eléctrica'. Fundamento del subsector padre: Coincidencia directa y exacta uno a uno: el subsector SCIAN 335 ('Fabricación de accesorios, aparatos eléctricos y equipo de generación de energía eléctrica') es, literalmente, uno de los 78 sectores oficiales del modelo SERIO ('Fabricación de accesorios, aparatos eléctricos y equipo de generación de energía eléctrica'). No requiere inferencia económica adicional.",,,Confianza original en Crosswalk Maestro v0.1: ALTA.,v0.1,SCIAN-2018 (base SERIO); estructura verificada contra fixture INEGI SCIAN-2023 — ver README de spatial/warehouse,SERIO-78-2018,,scripts/build_crosswalk_maestro.py
3353,RAMA,Fabricación de equipo de generación y distribución de energía eléctrica,335,"Fabricación de accesorios, aparatos eléctricos y equipo de generación de energía eléctrica",OFFICIAL,VERIFIED,LOW,EXACT,Crosswalk Maestro SCIAN→SERIO v0.1 (autoría Lattise),"Hereda la clasificación de su subsector padre SCIAN 335 ('Fabricación de accesorios, aparatos eléctricos y equipo de generación de energía eléctrica'), asignado al sector SERIO 'Fabricación de accesorios, aparatos eléctricos y equipo de generación de energía eléctrica'. Fundamento del subsector padre: Coincidencia directa y exacta uno a uno: el subsector SCIAN 335 ('Fabricación de accesorios, aparatos eléctricos y equipo de generación de energía eléctrica') es, literalmente, uno de los 78 sectores oficiales del modelo SERIO ('Fabricación de accesorios, aparatos eléctricos y equipo de generación de energía eléctrica'). No requiere inferencia económica adicional.",,,Confianza original en Crosswalk Maestro v0.1: ALTA.,v0.1,SCIAN-2018 (base SERIO); estructura verificada contra fixture INEGI SCIAN-2023 — ver README de spatial/warehouse,SERIO-78-2018,,scripts/build_crosswalk_maestro.py
3359,RAMA,Fabricación de otros equipos y accesorios eléctricos,335,"Fabricación de accesorios, aparatos eléctricos y equipo de generación de energía eléctrica",OFFICIAL,VERIFIED,LOW,EXACT,Crosswalk Maestro SCIAN→SERIO v0.1 (autoría Lattise),"Hereda la clasificación de su subsector padre SCIAN 335 ('Fabricación de accesorios, aparatos eléctricos y equipo de generación de energía eléctrica'), asignado al sector SERIO 'Fabricación de accesorios, aparatos eléctricos y equipo de generación de energía eléctrica'. Fundamento del subsector padre: Coincidencia directa y exacta uno a uno: el subsector SCIAN 335 ('Fabricación de accesorios, aparatos eléctricos y equipo de generación de energía eléctrica') es, literalmente, uno de los 78 sectores oficiales del modelo SERIO ('Fabricación de accesorios, aparatos eléctricos y equipo de generación de energía eléctrica'). No requiere inferencia económica adicional.",,,Confianza original en Crosswalk Maestro v0.1: ALTA.,v0.1,SCIAN-2018 (base SERIO); estructura verificada contra fixture INEGI SCIAN-2023 — ver README de spatial/warehouse,SERIO-78-2018,,scripts/build_crosswalk_maestro.py
3361,RAMA,Fabricación de automóviles y camiones,336,Fabricación de equipo de transporte,OFFICIAL,VERIFIED,LOW,EXACT,Crosswalk Maestro SCIAN→SERIO v0.1 (autoría Lattise),"Hereda la clasificación de su subsector padre SCIAN 336 ('Fabricación de equipo de transporte'), asignado al sector SERIO 'Fabricación de equipo de transporte'. Fundamento del subsector padre: Coincidencia directa y exacta uno a uno: el subsector SCIAN 336 ('Fabricación de equipo de transporte') es, literalmente, uno de los 78 sectores oficiales del modelo SERIO ('Fabricación de equipo de transporte'). No requiere inferencia económica adicional.",,,Confianza original en Crosswalk Maestro v0.1: ALTA.,v0.1,SCIAN-2018 (base SERIO); estructura verificada contra fixture INEGI SCIAN-2023 — ver README de spatial/warehouse,SERIO-78-2018,,scripts/build_crosswalk_maestro.py
3362,RAMA,Fabricación de carrocerías y remolques,336,Fabricación de equipo de transporte,OFFICIAL,VERIFIED,LOW,EXACT,Crosswalk Maestro SCIAN→SERIO v0.1 (autoría Lattise),"Hereda la clasificación de su subsector padre SCIAN 336 ('Fabricación de equipo de transporte'), asignado al sector SERIO 'Fabricación de equipo de transporte'. Fundamento del subsector padre: Coincidencia directa y exacta uno a uno: el subsector SCIAN 336 ('Fabricación de equipo de transporte') es, literalmente, uno de los 78 sectores oficiales del modelo SERIO ('Fabricación de equipo de transporte'). No requiere inferencia económica adicional.",,,Confianza original en Crosswalk Maestro v0.1: ALTA.,v0.1,SCIAN-2018 (base SERIO); estructura verificada contra fixture INEGI SCIAN-2023 — ver README de spatial/warehouse,SERIO-78-2018,,scripts/build_crosswalk_maestro.py
3363,RAMA,Fabricación de partes para vehículos automotores,336,Fabricación de equipo de transporte,OFFICIAL,VERIFIED,LOW,EXACT,Crosswalk Maestro SCIAN→SERIO v0.1 (autoría Lattise),"Hereda la clasificación de su subsector padre SCIAN 336 ('Fabricación de equipo de transporte'), asignado al sector SERIO 'Fabricación de equipo de transporte'. Fundamento del subsector padre: Coincidencia directa y exacta uno a uno: el subsector SCIAN 336 ('Fabricación de equipo de transporte') es, literalmente, uno de los 78 sectores oficiales del modelo SERIO ('Fabricación de equipo de transporte'). No requiere inferencia económica adicional.",,,Confianza original en Crosswalk Maestro v0.1: ALTA.,v0.1,SCIAN-2018 (base SERIO); estructura verificada contra fixture INEGI SCIAN-2023 — ver README de spatial/warehouse,SERIO-78-2018,,scripts/build_crosswalk_maestro.py
3364,RAMA,Fabricación de equipo aeroespacial,336,Fabricación de equipo de transporte,OFFICIAL,VERIFIED,LOW,EXACT,Crosswalk Maestro SCIAN→SERIO v0.1 (autoría Lattise),"Hereda la clasificación de su subsector padre SCIAN 336 ('Fabricación de equipo de transporte'), asignado al sector SERIO 'Fabricación de equipo de transporte'. Fundamento del subsector padre: Coincidencia directa y exacta uno a uno: el subsector SCIAN 336 ('Fabricación de equipo de transporte') es, literalmente, uno de los 78 sectores oficiales del modelo SERIO ('Fabricación de equipo de transporte'). No requiere inferencia económica adicional.",,,Confianza original en Crosswalk Maestro v0.1: ALTA.,v0.1,SCIAN-2018 (base SERIO); estructura verificada contra fixture INEGI SCIAN-2023 — ver README de spatial/warehouse,SERIO-78-2018,,scripts/build_crosswalk_maestro.py
3365,RAMA,Fabricación de equipo ferroviario,336,Fabricación de equipo de transporte,OFFICIAL,VERIFIED,LOW,EXACT,Crosswalk Maestro SCIAN→SERIO v0.1 (autoría Lattise),"Hereda la clasificación de su subsector padre SCIAN 336 ('Fabricación de equipo de transporte'), asignado al sector SERIO 'Fabricación de equipo de transporte'. Fundamento del subsector padre: Coincidencia directa y exacta uno a uno: el subsector SCIAN 336 ('Fabricación de equipo de transporte') es, literalmente, uno de los 78 sectores oficiales del modelo SERIO ('Fabricación de equipo de transporte'). No requiere inferencia económica adicional.",,,Confianza original en Crosswalk Maestro v0.1: ALTA.,v0.1,SCIAN-2018 (base SERIO); estructura verificada contra fixture INEGI SCIAN-2023 — ver README de spatial/warehouse,SERIO-78-2018,,scripts/build_crosswalk_maestro.py
3366,RAMA,Fabricación de embarcaciones,336,Fabricación de equipo de transporte,OFFICIAL,VERIFIED,LOW,EXACT,Crosswalk Maestro SCIAN→SERIO v0.1 (autoría Lattise),"Hereda la clasificación de su subsector padre SCIAN 336 ('Fabricación de equipo de transporte'), asignado al sector SERIO 'Fabricación de equipo de transporte'. Fundamento del subsector padre: Coincidencia directa y exacta uno a uno: el subsector SCIAN 336 ('Fabricación de equipo de transporte') es, literalmente, uno de los 78 sectores oficiales del modelo SERIO ('Fabricación de equipo de transporte'). No requiere inferencia económica adicional.",,,Confianza original en Crosswalk Maestro v0.1: ALTA.,v0.1,SCIAN-2018 (base SERIO); estructura verificada contra fixture INEGI SCIAN-2023 — ver README de spatial/warehouse,SERIO-78-2018,,scripts/build_crosswalk_maestro.py
3369,RAMA,Fabricación de otro equipo de transporte,336,Fabricación de equipo de transporte,OFFICIAL,VERIFIED,LOW,EXACT,Crosswalk Maestro SCIAN→SERIO v0.1 (autoría Lattise),"Hereda la clasificación de su subsector padre SCIAN 336 ('Fabricación de equipo de transporte'), asignado al sector SERIO 'Fabricación de equipo de transporte'. Fundamento del subsector padre: Coincidencia directa y exacta uno a uno: el subsector SCIAN 336 ('Fabricación de equipo de transporte') es, literalmente, uno de los 78 sectores oficiales del modelo SERIO ('Fabricación de equipo de transporte'). No requiere inferencia económica adicional.",,,Confianza original en Crosswalk Maestro v0.1: ALTA.,v0.1,SCIAN-2018 (base SERIO); estructura verificada contra fixture INEGI SCIAN-2023 — ver README de spatial/warehouse,SERIO-78-2018,,scripts/build_crosswalk_maestro.py
3371,RAMA,"Fabricación de muebles, excepto de oficina y estantería",337,"Fabricación de muebles, colchones y persianas",OFFICIAL,VERIFIED,LOW,EXACT,Crosswalk Maestro SCIAN→SERIO v0.1 (autoría Lattise),"Hereda la clasificación de su subsector padre SCIAN 337 ('Fabricación de muebles, colchones y persianas'), asignado al sector SERIO 'Fabricación de muebles, colchones y persianas'. Fundamento del subsector padre: Coincidencia directa y exacta uno a uno: el subsector SCIAN 337 ('Fabricación de muebles, colchones y persianas') es, literalmente, uno de los 78 sectores oficiales del modelo SERIO ('Fabricación de muebles, colchones y persianas'). No requiere inferencia económica adicional.",,,Confianza original en Crosswalk Maestro v0.1: ALTA.,v0.1,SCIAN-2018 (base SERIO); estructura verificada contra fixture INEGI SCIAN-2023 — ver README de spatial/warehouse,SERIO-78-2018,,scripts/build_crosswalk_maestro.py
3372,RAMA,Fabricación de muebles de oficina y estantería,337,"Fabricación de muebles, colchones y persianas",OFFICIAL,VERIFIED,LOW,EXACT,Crosswalk Maestro SCIAN→SERIO v0.1 (autoría Lattise),"Hereda la clasificación de su subsector padre SCIAN 337 ('Fabricación de muebles, colchones y persianas'), asignado al sector SERIO 'Fabricación de muebles, colchones y persianas'. Fundamento del subsector padre: Coincidencia directa y exacta uno a uno: el subsector SCIAN 337 ('Fabricación de muebles, colchones y persianas') es, literalmente, uno de los 78 sectores oficiales del modelo SERIO ('Fabricación de muebles, colchones y persianas'). No requiere inferencia económica adicional.",,,Confianza original en Crosswalk Maestro v0.1: ALTA.,v0.1,SCIAN-2018 (base SERIO); estructura verificada contra fixture INEGI SCIAN-2023 — ver README de spatial/warehouse,SERIO-78-2018,,scripts/build_crosswalk_maestro.py
3379,RAMA,"Fabricación de colchones, persianas y cortineros",337,"Fabricación de muebles, colchones y persianas",OFFICIAL,VERIFIED,LOW,EXACT,Crosswalk Maestro SCIAN→SERIO v0.1 (autoría Lattise),"Hereda la clasificación de su subsector padre SCIAN 337 ('Fabricación de muebles, colchones y persianas'), asignado al sector SERIO 'Fabricación de muebles, colchones y persianas'. Fundamento del subsector padre: Coincidencia directa y exacta uno a uno: el subsector SCIAN 337 ('Fabricación de muebles, colchones y persianas') es, literalmente, uno de los 78 sectores oficiales del modelo SERIO ('Fabricación de muebles, colchones y persianas'). No requiere inferencia económica adicional.",,,Confianza original en Crosswalk Maestro v0.1: ALTA.,v0.1,SCIAN-2018 (base SERIO); estructura verificada contra fixture INEGI SCIAN-2023 — ver README de spatial/warehouse,SERIO-78-2018,,scripts/build_crosswalk_maestro.py
3391,RAMA,"Fabricación de equipo no electrónico y material desechable de uso médico, dental y para laboratorio, y artículos oftálmicos",339,Otras industrias manufactureras,OFFICIAL,VERIFIED,LOW,EXACT,Crosswalk Maestro SCIAN→SERIO v0.1 (autoría Lattise),"Hereda la clasificación de su subsector padre SCIAN 339 ('Otras industrias manufactureras'), asignado al sector SERIO 'Otras industrias manufactureras'. Fundamento del subsector padre: Coincidencia directa y exacta uno a uno: el subsector SCIAN 339 ('Otras industrias manufactureras') es, literalmente, uno de los 78 sectores oficiales del modelo SERIO ('Otras industrias manufactureras'). No requiere inferencia económica adicional.",,,Confianza original en Crosswalk Maestro v0.1: ALTA.,v0.1,SCIAN-2018 (base SERIO); estructura verificada contra fixture INEGI SCIAN-2023 — ver README de spatial/warehouse,SERIO-78-2018,,scripts/build_crosswalk_maestro.py
3399,RAMA,Otras industrias manufactureras,339,Otras industrias manufactureras,OFFICIAL,VERIFIED,LOW,EXACT,Crosswalk Maestro SCIAN→SERIO v0.1 (autoría Lattise),"Hereda la clasificación de su subsector padre SCIAN 339 ('Otras industrias manufactureras'), asignado al sector SERIO 'Otras industrias manufactureras'. Fundamento del subsector padre: Coincidencia directa y exacta uno a uno: el subsector SCIAN 339 ('Otras industrias manufactureras') es, literalmente, uno de los 78 sectores oficiales del modelo SERIO ('Otras industrias manufactureras'). No requiere inferencia económica adicional.",,,Confianza original en Crosswalk Maestro v0.1: ALTA.,v0.1,SCIAN-2018 (base SERIO); estructura verificada contra fixture INEGI SCIAN-2023 — ver README de spatial/warehouse,SERIO-78-2018,,scripts/build_crosswalk_maestro.py
4311,RAMA,Comercio al por mayor de abarrotes y alimentos,431,"Comercio al por mayor de abarrotes, alimentos, bebidas, hielo y tabaco",OFFICIAL,VERIFIED,LOW,EXACT,Crosswalk Maestro SCIAN→SERIO v0.1 (autoría Lattise),"Hereda la clasificación de su subsector padre SCIAN 431 ('Comercio al por mayor de abarrotes, alimentos, bebidas, hielo y tabaco'), asignado al sector SERIO 'Comercio al por mayor de abarrotes, alimentos, bebidas, hielo y tabaco'. Fundamento del subsector padre: Coincidencia directa y exacta uno a uno: el subsector SCIAN 431 ('Comercio al por mayor de abarrotes, alimentos, bebidas, hielo y tabaco') es, literalmente, uno de los 78 sectores oficiales del modelo SERIO ('Comercio al por mayor de abarrotes, alimentos, bebidas, hielo y tabaco'). No requiere inferencia económica adicional.",,,Confianza original en Crosswalk Maestro v0.1: ALTA.,v0.1,SCIAN-2018 (base SERIO); estructura verificada contra fixture INEGI SCIAN-2023 — ver README de spatial/warehouse,SERIO-78-2018,,scripts/build_crosswalk_maestro.py
4312,RAMA,"Comercio al por mayor de bebidas, hielo y tabaco",431,"Comercio al por mayor de abarrotes, alimentos, bebidas, hielo y tabaco",OFFICIAL,VERIFIED,LOW,EXACT,Crosswalk Maestro SCIAN→SERIO v0.1 (autoría Lattise),"Hereda la clasificación de su subsector padre SCIAN 431 ('Comercio al por mayor de abarrotes, alimentos, bebidas, hielo y tabaco'), asignado al sector SERIO 'Comercio al por mayor de abarrotes, alimentos, bebidas, hielo y tabaco'. Fundamento del subsector padre: Coincidencia directa y exacta uno a uno: el subsector SCIAN 431 ('Comercio al por mayor de abarrotes, alimentos, bebidas, hielo y tabaco') es, literalmente, uno de los 78 sectores oficiales del modelo SERIO ('Comercio al por mayor de abarrotes, alimentos, bebidas, hielo y tabaco'). No requiere inferencia económica adicional.",,,Confianza original en Crosswalk Maestro v0.1: ALTA.,v0.1,SCIAN-2018 (base SERIO); estructura verificada contra fixture INEGI SCIAN-2023 — ver README de spatial/warehouse,SERIO-78-2018,,scripts/build_crosswalk_maestro.py
4321,RAMA,Comercio al por mayor de productos textiles y calzado,431,"Comercio al por mayor de abarrotes, alimentos, bebidas, hielo y tabaco",OFFICIAL,VERIFIED,LOW,EXACT,Crosswalk Maestro SCIAN→SERIO v0.1 (autoría Lattise),"Hereda la clasificación de su subsector padre SCIAN 432 ('Comercio al por mayor de productos textiles y calzado'), asignado al sector SERIO 'Comercio al por mayor de abarrotes, alimentos, bebidas, hielo y tabaco'. Fundamento del subsector padre: El modelo SERIO, siguiendo el tratamiento estándar de las matrices insumo-producto y del Sistema de Cuentas Nacionales de México, modela el comercio al por mayor (sector SCIAN 43 completo) como un único sector de margen comercial, sin desagregar por tipo de mercancía comerciada. El subsector 432 queda económicamente contenido en su totalidad dentro de esa actividad de margen, por lo que se asigna al sector SERIO representativo '431' con criterio de agregación metodológica explícita (no ambigüedad de contenido, solo de nivel de agregación).",,,Confianza original en Crosswalk Maestro v0.1: ALTA.,v0.1,SCIAN-2018 (base SERIO); estructura verificada contra fixture INEGI SCIAN-2023 — ver README de spatial/warehouse,SERIO-78-2018,,scripts/build_crosswalk_maestro.py
4331,RAMA,Comercio al por mayor de productos farmacéuticos,431,"Comercio al por mayor de abarrotes, alimentos, bebidas, hielo y tabaco",OFFICIAL,VERIFIED,LOW,EXACT,Crosswalk Maestro SCIAN→SERIO v0.1 (autoría Lattise),"Hereda la clasificación de su subsector padre SCIAN 433 ('Comercio al por mayor de productos farmacéuticos, de perfumería, artículos para el esparcimiento, electrodomésticos menores y aparatos de línea blanca'), asignado al sector SERIO 'Comercio al por mayor de abarrotes, alimentos, bebidas, hielo y tabaco'. Fundamento del subsector padre: El modelo SERIO, siguiendo el tratamiento estándar de las matrices insumo-producto y del Sistema de Cuentas Nacionales de México, modela el comercio al por mayor (sector SCIAN 43 completo) como un único sector de margen comercial, sin desagregar por tipo de mercancía comerciada. El subsector 433 queda económicamente contenido en su totalidad dentro de esa actividad de margen, por lo que se asigna al sector SERIO representativo '431' con criterio de agregación metodológica explícita (no ambigüedad de contenido, solo de nivel de agregación).",,,Confianza original en Crosswalk Maestro v0.1: ALTA.,v0.1,SCIAN-2018 (base SERIO); estructura verificada contra fixture INEGI SCIAN-2023 — ver README de spatial/warehouse,SERIO-78-2018,,scripts/build_crosswalk_maestro.py
4332,RAMA,"Comercio al por mayor de artículos de perfumería, cosméticos y joyería",431,"Comercio al por mayor de abarrotes, alimentos, bebidas, hielo y tabaco",OFFICIAL,VERIFIED,LOW,EXACT,Crosswalk Maestro SCIAN→SERIO v0.1 (autoría Lattise),"Hereda la clasificación de su subsector padre SCIAN 433 ('Comercio al por mayor de productos farmacéuticos, de perfumería, artículos para el esparcimiento, electrodomésticos menores y aparatos de línea blanca'), asignado al sector SERIO 'Comercio al por mayor de abarrotes, alimentos, bebidas, hielo y tabaco'. Fundamento del subsector padre: El modelo SERIO, siguiendo el tratamiento estándar de las matrices insumo-producto y del Sistema de Cuentas Nacionales de México, modela el comercio al por mayor (sector SCIAN 43 completo) como un único sector de margen comercial, sin desagregar por tipo de mercancía comerciada. El subsector 433 queda económicamente contenido en su totalidad dentro de esa actividad de margen, por lo que se asigna al sector SERIO representativo '431' con criterio de agregación metodológica explícita (no ambigüedad de contenido, solo de nivel de agregación).",,,Confianza original en Crosswalk Maestro v0.1: ALTA.,v0.1,SCIAN-2018 (base SERIO); estructura verificada contra fixture INEGI SCIAN-2023 — ver README de spatial/warehouse,SERIO-78-2018,,scripts/build_crosswalk_maestro.py
4333,RAMA,"Comercio al por mayor de grabaciones de audio y video en medios físicos, juguetes y artículos deportivos",431,"Comercio al por mayor de abarrotes, alimentos, bebidas, hielo y tabaco",OFFICIAL,VERIFIED,LOW,EXACT,Crosswalk Maestro SCIAN→SERIO v0.1 (autoría Lattise),"Hereda la clasificación de su subsector padre SCIAN 433 ('Comercio al por mayor de productos farmacéuticos, de perfumería, artículos para el esparcimiento, electrodomésticos menores y aparatos de línea blanca'), asignado al sector SERIO 'Comercio al por mayor de abarrotes, alimentos, bebidas, hielo y tabaco'. Fundamento del subsector padre: El modelo SERIO, siguiendo el tratamiento estándar de las matrices insumo-producto y del Sistema de Cuentas Nacionales de México, modela el comercio al por mayor (sector SCIAN 43 completo) como un único sector de margen comercial, sin desagregar por tipo de mercancía comerciada. El subsector 433 queda económicamente contenido en su totalidad dentro de esa actividad de margen, por lo que se asigna al sector SERIO representativo '431' con criterio de agregación metodológica explícita (no ambigüedad de contenido, solo de nivel de agregación).",,,Confianza original en Crosswalk Maestro v0.1: ALTA.,v0.1,SCIAN-2018 (base SERIO); estructura verificada contra fixture INEGI SCIAN-2023 — ver README de spatial/warehouse,SERIO-78-2018,,scripts/build_crosswalk_maestro.py
4334,RAMA,"Comercio al por mayor de artículos de papelería, libros, revistas y periódicos",431,"Comercio al por mayor de abarrotes, alimentos, bebidas, hielo y tabaco",OFFICIAL,VERIFIED,LOW,EXACT,Crosswalk Maestro SCIAN→SERIO v0.1 (autoría Lattise),"Hereda la clasificación de su subsector padre SCIAN 433 ('Comercio al por mayor de productos farmacéuticos, de perfumería, artículos para el esparcimiento, electrodomésticos menores y aparatos de línea blanca'), asignado al sector SERIO 'Comercio al por mayor de abarrotes, alimentos, bebidas, hielo y tabaco'. Fundamento del subsector padre: El modelo SERIO, siguiendo el tratamiento estándar de las matrices insumo-producto y del Sistema de Cuentas Nacionales de México, modela el comercio al por mayor (sector SCIAN 43 completo) como un único sector de margen comercial, sin desagregar por tipo de mercancía comerciada. El subsector 433 queda económicamente contenido en su totalidad dentro de esa actividad de margen, por lo que se asigna al sector SERIO representativo '431' con criterio de agregación metodológica explícita (no ambigüedad de contenido, solo de nivel de agregación).",,,Confianza original en Crosswalk Maestro v0.1: ALTA.,v0.1,SCIAN-2018 (base SERIO); estructura verificada contra fixture INEGI SCIAN-2023 — ver README de spatial/warehouse,SERIO-78-2018,,scripts/build_crosswalk_maestro.py
4335,RAMA,Comercio al por mayor de electrodomésticos menores y aparatos de línea blanca,431,"Comercio al por mayor de abarrotes, alimentos, bebidas, hielo y tabaco",OFFICIAL,VERIFIED,LOW,EXACT,Crosswalk Maestro SCIAN→SERIO v0.1 (autoría Lattise),"Hereda la clasificación de su subsector padre SCIAN 433 ('Comercio al por mayor de productos farmacéuticos, de perfumería, artículos para el esparcimiento, electrodomésticos menores y aparatos de línea blanca'), asignado al sector SERIO 'Comercio al por mayor de abarrotes, alimentos, bebidas, hielo y tabaco'. Fundamento del subsector padre: El modelo SERIO, siguiendo el tratamiento estándar de las matrices insumo-producto y del Sistema de Cuentas Nacionales de México, modela el comercio al por mayor (sector SCIAN 43 completo) como un único sector de margen comercial, sin desagregar por tipo de mercancía comerciada. El subsector 433 queda económicamente contenido en su totalidad dentro de esa actividad de margen, por lo que se asigna al sector SERIO representativo '431' con criterio de agregación metodológica explícita (no ambigüedad de contenido, solo de nivel de agregación).",,,Confianza original en Crosswalk Maestro v0.1: ALTA.,v0.1,SCIAN-2018 (base SERIO); estructura verificada contra fixture INEGI SCIAN-2023 — ver README de spatial/warehouse,SERIO-78-2018,,scripts/build_crosswalk_maestro.py
4341,RAMA,Comercio al por mayor de materias primas agropecuarias y forestales,431,"Comercio al por mayor de abarrotes, alimentos, bebidas, hielo y tabaco",OFFICIAL,VERIFIED,LOW,EXACT,Crosswalk Maestro SCIAN→SERIO v0.1 (autoría Lattise),"Hereda la clasificación de su subsector padre SCIAN 434 ('Comercio al por mayor de materias primas agropecuarias y forestales, para la industria, y materiales de desecho'), asignado al sector SERIO 'Comercio al por mayor de abarrotes, alimentos, bebidas, hielo y tabaco'. Fundamento del subsector padre: El modelo SERIO, siguiendo el tratamiento estándar de las matrices insumo-producto y del Sistema de Cuentas Nacionales de México, modela el comercio al por mayor (sector SCIAN 43 completo) como un único sector de margen comercial, sin desagregar por tipo de mercancía comerciada. El subsector 434 queda económicamente contenido en su totalidad dentro de esa actividad de margen, por lo que se asigna al sector SERIO representativo '431' con criterio de agregación metodológica explícita (no ambigüedad de contenido, solo de nivel de agregación).",,,Confianza original en Crosswalk Maestro v0.1: ALTA.,v0.1,SCIAN-2018 (base SERIO); estructura verificada contra fixture INEGI SCIAN-2023 — ver README de spatial/warehouse,SERIO-78-2018,,scripts/build_crosswalk_maestro.py
4342,RAMA,Comercio al por mayor de materias primas para la industria,431,"Comercio al por mayor de abarrotes, alimentos, bebidas, hielo y tabaco",OFFICIAL,VERIFIED,LOW,EXACT,Crosswalk Maestro SCIAN→SERIO v0.1 (autoría Lattise),"Hereda la clasificación de su subsector padre SCIAN 434 ('Comercio al por mayor de materias primas agropecuarias y forestales, para la industria, y materiales de desecho'), asignado al sector SERIO 'Comercio al por mayor de abarrotes, alimentos, bebidas, hielo y tabaco'. Fundamento del subsector padre: El modelo SERIO, siguiendo el tratamiento estándar de las matrices insumo-producto y del Sistema de Cuentas Nacionales de México, modela el comercio al por mayor (sector SCIAN 43 completo) como un único sector de margen comercial, sin desagregar por tipo de mercancía comerciada. El subsector 434 queda económicamente contenido en su totalidad dentro de esa actividad de margen, por lo que se asigna al sector SERIO representativo '431' con criterio de agregación metodológica explícita (no ambigüedad de contenido, solo de nivel de agregación).",,,Confianza original en Crosswalk Maestro v0.1: ALTA.,v0.1,SCIAN-2018 (base SERIO); estructura verificada contra fixture INEGI SCIAN-2023 — ver README de spatial/warehouse,SERIO-78-2018,,scripts/build_crosswalk_maestro.py
4343,RAMA,Comercio al por mayor de materiales de desecho,431,"Comercio al por mayor de abarrotes, alimentos, bebidas, hielo y tabaco",OFFICIAL,VERIFIED,LOW,EXACT,Crosswalk Maestro SCIAN→SERIO v0.1 (autoría Lattise),"Hereda la clasificación de su subsector padre SCIAN 434 ('Comercio al por mayor de materias primas agropecuarias y forestales, para la industria, y materiales de desecho'), asignado al sector SERIO 'Comercio al por mayor de abarrotes, alimentos, bebidas, hielo y tabaco'. Fundamento del subsector padre: El modelo SERIO, siguiendo el tratamiento estándar de las matrices insumo-producto y del Sistema de Cuentas Nacionales de México, modela el comercio al por mayor (sector SCIAN 43 completo) como un único sector de margen comercial, sin desagregar por tipo de mercancía comerciada. El subsector 434 queda económicamente contenido en su totalidad dentro de esa actividad de margen, por lo que se asigna al sector SERIO representativo '431' con criterio de agregación metodológica explícita (no ambigüedad de contenido, solo de nivel de agregación).",,,Confianza original en Crosswalk Maestro v0.1: ALTA.,v0.1,SCIAN-2018 (base SERIO); estructura verificada contra fixture INEGI SCIAN-2023 — ver README de spatial/warehouse,SERIO-78-2018,,scripts/build_crosswalk_maestro.py
4351,RAMA,"Comercio al por mayor de maquinaria y equipo agropecuario, forestal y para la pesca",431,"Comercio al por mayor de abarrotes, alimentos, bebidas, hielo y tabaco",OFFICIAL,VERIFIED,LOW,EXACT,Crosswalk Maestro SCIAN→SERIO v0.1 (autoría Lattise),"Hereda la clasificación de su subsector padre SCIAN 435 ('Comercio al por mayor de maquinaria, equipo y mobiliario para actividades agropecuarias, industriales, de servicios y comerciales, y de otra maquinaria y equipo de uso general'), asignado al sector SERIO 'Comercio al por mayor de abarrotes, alimentos, bebidas, hielo y tabaco'. Fundamento del subsector padre: El modelo SERIO, siguiendo el tratamiento estándar de las matrices insumo-producto y del Sistema de Cuentas Nacionales de México, modela el comercio al por mayor (sector SCIAN 43 completo) como un único sector de margen comercial, sin desagregar por tipo de mercancía comerciada. El subsector 435 queda económicamente contenido en su totalidad dentro de esa actividad de margen, por lo que se asigna al sector SERIO representativo '431' con criterio de agregación metodológica explícita (no ambigüedad de contenido, solo de nivel de agregación).",,,Confianza original en Crosswalk Maestro v0.1: ALTA.,v0.1,SCIAN-2018 (base SERIO); estructura verificada contra fixture INEGI SCIAN-2023 — ver README de spatial/warehouse,SERIO-78-2018,,scripts/build_crosswalk_maestro.py
4352,RAMA,Comercio al por mayor de maquinaria y equipo para la industria,431,"Comercio al por mayor de abarrotes, alimentos, bebidas, hielo y tabaco",OFFICIAL,VERIFIED,LOW,EXACT,Crosswalk Maestro SCIAN→SERIO v0.1 (autoría Lattise),"Hereda la clasificación de su subsector padre SCIAN 435 ('Comercio al por mayor de maquinaria, equipo y mobiliario para actividades agropecuarias, industriales, de servicios y comerciales, y de otra maquinaria y equipo de uso general'), asignado al sector SERIO 'Comercio al por mayor de abarrotes, alimentos, bebidas, hielo y tabaco'. Fundamento del subsector padre: El modelo SERIO, siguiendo el tratamiento estándar de las matrices insumo-producto y del Sistema de Cuentas Nacionales de México, modela el comercio al por mayor (sector SCIAN 43 completo) como un único sector de margen comercial, sin desagregar por tipo de mercancía comerciada. El subsector 435 queda económicamente contenido en su totalidad dentro de esa actividad de margen, por lo que se asigna al sector SERIO representativo '431' con criterio de agregación metodológica explícita (no ambigüedad de contenido, solo de nivel de agregación).",,,Confianza original en Crosswalk Maestro v0.1: ALTA.,v0.1,SCIAN-2018 (base SERIO); estructura verificada contra fixture INEGI SCIAN-2023 — ver README de spatial/warehouse,SERIO-78-2018,,scripts/build_crosswalk_maestro.py
4353,RAMA,Comercio al por mayor de maquinaria y equipo para los servicios y para actividades comerciales,431,"Comercio al por mayor de abarrotes, alimentos, bebidas, hielo y tabaco",OFFICIAL,VERIFIED,LOW,EXACT,Crosswalk Maestro SCIAN→SERIO v0.1 (autoría Lattise),"Hereda la clasificación de su subsector padre SCIAN 435 ('Comercio al por mayor de maquinaria, equipo y mobiliario para actividades agropecuarias, industriales, de servicios y comerciales, y de otra maquinaria y equipo de uso general'), asignado al sector SERIO 'Comercio al por mayor de abarrotes, alimentos, bebidas, hielo y tabaco'. Fundamento del subsector padre: El modelo SERIO, siguiendo el tratamiento estándar de las matrices insumo-producto y del Sistema de Cuentas Nacionales de México, modela el comercio al por mayor (sector SCIAN 43 completo) como un único sector de margen comercial, sin desagregar por tipo de mercancía comerciada. El subsector 435 queda económicamente contenido en su totalidad dentro de esa actividad de margen, por lo que se asigna al sector SERIO representativo '431' con criterio de agregación metodológica explícita (no ambigüedad de contenido, solo de nivel de agregación).",,,Confianza original en Crosswalk Maestro v0.1: ALTA.,v0.1,SCIAN-2018 (base SERIO); estructura verificada contra fixture INEGI SCIAN-2023 — ver README de spatial/warehouse,SERIO-78-2018,,scripts/build_crosswalk_maestro.py
4354,RAMA,"Comercio al por mayor de mobiliario y equipo de cómputo y de oficina, y de otra maquinaria y equipo de uso general",431,"Comercio al por mayor de abarrotes, alimentos, bebidas, hielo y tabaco",OFFICIAL,VERIFIED,LOW,EXACT,Crosswalk Maestro SCIAN→SERIO v0.1 (autoría Lattise),"Hereda la clasificación de su subsector padre SCIAN 435 ('Comercio al por mayor de maquinaria, equipo y mobiliario para actividades agropecuarias, industriales, de servicios y comerciales, y de otra maquinaria y equipo de uso general'), asignado al sector SERIO 'Comercio al por mayor de abarrotes, alimentos, bebidas, hielo y tabaco'. Fundamento del subsector padre: El modelo SERIO, siguiendo el tratamiento estándar de las matrices insumo-producto y del Sistema de Cuentas Nacionales de México, modela el comercio al por mayor (sector SCIAN 43 completo) como un único sector de margen comercial, sin desagregar por tipo de mercancía comerciada. El subsector 435 queda económicamente contenido en su totalidad dentro de esa actividad de margen, por lo que se asigna al sector SERIO representativo '431' con criterio de agregación metodológica explícita (no ambigüedad de contenido, solo de nivel de agregación).",,,Confianza original en Crosswalk Maestro v0.1: ALTA.,v0.1,SCIAN-2018 (base SERIO); estructura verificada contra fixture INEGI SCIAN-2023 — ver README de spatial/warehouse,SERIO-78-2018,,scripts/build_crosswalk_maestro.py
4361,RAMA,"Comercio al por mayor de camiones y de partes y refacciones nuevas para automóviles, camionetas y camiones",431,"Comercio al por mayor de abarrotes, alimentos, bebidas, hielo y tabaco",OFFICIAL,VERIFIED,LOW,EXACT,Crosswalk Maestro SCIAN→SERIO v0.1 (autoría Lattise),"Hereda la clasificación de su subsector padre SCIAN 436 ('Comercio al por mayor de camiones y de partes y refacciones nuevas para automóviles, camionetas y camiones'), asignado al sector SERIO 'Comercio al por mayor de abarrotes, alimentos, bebidas, hielo y tabaco'. Fundamento del subsector padre: El modelo SERIO, siguiendo el tratamiento estándar de las matrices insumo-producto y del Sistema de Cuentas Nacionales de México, modela el comercio al por mayor (sector SCIAN 43 completo) como un único sector de margen comercial, sin desagregar por tipo de mercancía comerciada. El subsector 436 queda económicamente contenido en su totalidad dentro de esa actividad de margen, por lo que se asigna al sector SERIO representativo '431' con criterio de agregación metodológica explícita (no ambigüedad de contenido, solo de nivel de agregación).",,,Confianza original en Crosswalk Maestro v0.1: ALTA.,v0.1,SCIAN-2018 (base SERIO); estructura verificada contra fixture INEGI SCIAN-2023 — ver README de spatial/warehouse,SERIO-78-2018,,scripts/build_crosswalk_maestro.py
4373,RAMA,Intermediación de comercio al por mayor,431,"Comercio al por mayor de abarrotes, alimentos, bebidas, hielo y tabaco",OFFICIAL,VERIFIED,LOW,EXACT,Crosswalk Maestro SCIAN→SERIO v0.1 (autoría Lattise),"Hereda la clasificación de su subsector padre SCIAN 437 ('Intermediación de comercio al por mayor'), asignado al sector SERIO 'Comercio al por mayor de abarrotes, alimentos, bebidas, hielo y tabaco'. Fundamento del subsector padre: El modelo SERIO, siguiendo el tratamiento estándar de las matrices insumo-producto y del Sistema de Cuentas Nacionales de México, modela el comercio al por mayor (sector SCIAN 43 completo) como un único sector de margen comercial, sin desagregar por tipo de mercancía comerciada. El subsector 437 queda económicamente contenido en su totalidad dentro de esa actividad de margen, por lo que se asigna al sector SERIO representativo '431' con criterio de agregación metodológica explícita (no ambigüedad de contenido, solo de nivel de agregación).",,,Confianza original en Crosswalk Maestro v0.1: ALTA.,v0.1,SCIAN-2018 (base SERIO); estructura verificada contra fixture INEGI SCIAN-2023 — ver README de spatial/warehouse,SERIO-78-2018,,scripts/build_crosswalk_maestro.py
4611,RAMA,Comercio al por menor de abarrotes y alimentos,461,"Comercio al por menor de abarrotes, alimentos, bebidas, hielo y tabaco",OFFICIAL,VERIFIED,LOW,EXACT,Crosswalk Maestro SCIAN→SERIO v0.1 (autoría Lattise),"Hereda la clasificación de su subsector padre SCIAN 461 ('Comercio al por menor de abarrotes, alimentos, bebidas, hielo y tabaco'), asignado al sector SERIO 'Comercio al por menor de abarrotes, alimentos, bebidas, hielo y tabaco'. Fundamento del subsector padre: Coincidencia directa y exacta uno a uno: el subsector SCIAN 461 ('Comercio al por menor de abarrotes, alimentos, bebidas, hielo y tabaco') es, literalmente, uno de los 78 sectores oficiales del modelo SERIO ('Comercio al por menor de abarrotes, alimentos, bebidas, hielo y tabaco'). No requiere inferencia económica adicional.",,,Confianza original en Crosswalk Maestro v0.1: ALTA.,v0.1,SCIAN-2018 (base SERIO); estructura verificada contra fixture INEGI SCIAN-2023 — ver README de spatial/warehouse,SERIO-78-2018,,scripts/build_crosswalk_maestro.py
4612,RAMA,"Comercio al por menor de bebidas, hielo y tabaco",461,"Comercio al por menor de abarrotes, alimentos, bebidas, hielo y tabaco",OFFICIAL,VERIFIED,LOW,EXACT,Crosswalk Maestro SCIAN→SERIO v0.1 (autoría Lattise),"Hereda la clasificación de su subsector padre SCIAN 461 ('Comercio al por menor de abarrotes, alimentos, bebidas, hielo y tabaco'), asignado al sector SERIO 'Comercio al por menor de abarrotes, alimentos, bebidas, hielo y tabaco'. Fundamento del subsector padre: Coincidencia directa y exacta uno a uno: el subsector SCIAN 461 ('Comercio al por menor de abarrotes, alimentos, bebidas, hielo y tabaco') es, literalmente, uno de los 78 sectores oficiales del modelo SERIO ('Comercio al por menor de abarrotes, alimentos, bebidas, hielo y tabaco'). No requiere inferencia económica adicional.",,,Confianza original en Crosswalk Maestro v0.1: ALTA.,v0.1,SCIAN-2018 (base SERIO); estructura verificada contra fixture INEGI SCIAN-2023 — ver README de spatial/warehouse,SERIO-78-2018,,scripts/build_crosswalk_maestro.py
4621,RAMA,Comercio al por menor en tiendas de autoservicio,461,"Comercio al por menor de abarrotes, alimentos, bebidas, hielo y tabaco",OFFICIAL,VERIFIED,LOW,EXACT,Crosswalk Maestro SCIAN→SERIO v0.1 (autoría Lattise),"Hereda la clasificación de su subsector padre SCIAN 462 ('Comercio al por menor en tiendas de autoservicio y departamentales'), asignado al sector SERIO 'Comercio al por menor de abarrotes, alimentos, bebidas, hielo y tabaco'. Fundamento del subsector padre: El modelo SERIO modela el comercio al por menor (sector SCIAN 46 completo) como un único sector de margen comercial, siguiendo el mismo criterio metodológico aplicado al comercio al por mayor. El subsector 462 queda contenido íntegramente en dicha actividad de margen y se asigna al sector SERIO representativo '461'.",,,Confianza original en Crosswalk Maestro v0.1: ALTA.,v0.1,SCIAN-2018 (base SERIO); estructura verificada contra fixture INEGI SCIAN-2023 — ver README de spatial/warehouse,SERIO-78-2018,,scripts/build_crosswalk_maestro.py
4622,RAMA,Comercio al por menor en tiendas departamentales,461,"Comercio al por menor de abarrotes, alimentos, bebidas, hielo y tabaco",OFFICIAL,VERIFIED,LOW,EXACT,Crosswalk Maestro SCIAN→SERIO v0.1 (autoría Lattise),"Hereda la clasificación de su subsector padre SCIAN 462 ('Comercio al por menor en tiendas de autoservicio y departamentales'), asignado al sector SERIO 'Comercio al por menor de abarrotes, alimentos, bebidas, hielo y tabaco'. Fundamento del subsector padre: El modelo SERIO modela el comercio al por menor (sector SCIAN 46 completo) como un único sector de margen comercial, siguiendo el mismo criterio metodológico aplicado al comercio al por mayor. El subsector 462 queda contenido íntegramente en dicha actividad de margen y se asigna al sector SERIO representativo '461'.",,,Confianza original en Crosswalk Maestro v0.1: ALTA.,v0.1,SCIAN-2018 (base SERIO); estructura verificada contra fixture INEGI SCIAN-2023 — ver README de spatial/warehouse,SERIO-78-2018,,scripts/build_crosswalk_maestro.py
4631,RAMA,"Comercio al por menor de productos textiles, excepto ropa",461,"Comercio al por menor de abarrotes, alimentos, bebidas, hielo y tabaco",OFFICIAL,VERIFIED,LOW,EXACT,Crosswalk Maestro SCIAN→SERIO v0.1 (autoría Lattise),"Hereda la clasificación de su subsector padre SCIAN 463 ('Comercio al por menor de productos textiles, bisutería, accesorios de vestir y calzado'), asignado al sector SERIO 'Comercio al por menor de abarrotes, alimentos, bebidas, hielo y tabaco'. Fundamento del subsector padre: El modelo SERIO modela el comercio al por menor (sector SCIAN 46 completo) como un único sector de margen comercial, siguiendo el mismo criterio metodológico aplicado al comercio al por mayor. El subsector 463 queda contenido íntegramente en dicha actividad de margen y se asigna al sector SERIO representativo '461'.",,,Confianza original en Crosswalk Maestro v0.1: ALTA.,v0.1,SCIAN-2018 (base SERIO); estructura verificada contra fixture INEGI SCIAN-2023 — ver README de spatial/warehouse,SERIO-78-2018,,scripts/build_crosswalk_maestro.py
4632,RAMA,"Comercio al por menor de ropa, bisutería y accesorios de vestir",461,"Comercio al por menor de abarrotes, alimentos, bebidas, hielo y tabaco",OFFICIAL,VERIFIED,LOW,EXACT,Crosswalk Maestro SCIAN→SERIO v0.1 (autoría Lattise),"Hereda la clasificación de su subsector padre SCIAN 463 ('Comercio al por menor de productos textiles, bisutería, accesorios de vestir y calzado'), asignado al sector SERIO 'Comercio al por menor de abarrotes, alimentos, bebidas, hielo y tabaco'. Fundamento del subsector padre: El modelo SERIO modela el comercio al por menor (sector SCIAN 46 completo) como un único sector de margen comercial, siguiendo el mismo criterio metodológico aplicado al comercio al por mayor. El subsector 463 queda contenido íntegramente en dicha actividad de margen y se asigna al sector SERIO representativo '461'.",,,Confianza original en Crosswalk Maestro v0.1: ALTA.,v0.1,SCIAN-2018 (base SERIO); estructura verificada contra fixture INEGI SCIAN-2023 — ver README de spatial/warehouse,SERIO-78-2018,,scripts/build_crosswalk_maestro.py
4633,RAMA,Comercio al por menor de calzado,461,"Comercio al por menor de abarrotes, alimentos, bebidas, hielo y tabaco",OFFICIAL,VERIFIED,LOW,EXACT,Crosswalk Maestro SCIAN→SERIO v0.1 (autoría Lattise),"Hereda la clasificación de su subsector padre SCIAN 463 ('Comercio al por menor de productos textiles, bisutería, accesorios de vestir y calzado'), asignado al sector SERIO 'Comercio al por menor de abarrotes, alimentos, bebidas, hielo y tabaco'. Fundamento del subsector padre: El modelo SERIO modela el comercio al por menor (sector SCIAN 46 completo) como un único sector de margen comercial, siguiendo el mismo criterio metodológico aplicado al comercio al por mayor. El subsector 463 queda contenido íntegramente en dicha actividad de margen y se asigna al sector SERIO representativo '461'.",,,Confianza original en Crosswalk Maestro v0.1: ALTA.,v0.1,SCIAN-2018 (base SERIO); estructura verificada contra fixture INEGI SCIAN-2023 — ver README de spatial/warehouse,SERIO-78-2018,,scripts/build_crosswalk_maestro.py
4641,RAMA,Comercio al por menor de artículos para el cuidado de la salud,461,"Comercio al por menor de abarrotes, alimentos, bebidas, hielo y tabaco",OFFICIAL,VERIFIED,LOW,EXACT,Crosswalk Maestro SCIAN→SERIO v0.1 (autoría Lattise),"Hereda la clasificación de su subsector padre SCIAN 464 ('Comercio al por menor de artículos para el cuidado de la salud'), asignado al sector SERIO 'Comercio al por menor de abarrotes, alimentos, bebidas, hielo y tabaco'. Fundamento del subsector padre: El modelo SERIO modela el comercio al por menor (sector SCIAN 46 completo) como un único sector de margen comercial, siguiendo el mismo criterio metodológico aplicado al comercio al por mayor. El subsector 464 queda contenido íntegramente en dicha actividad de margen y se asigna al sector SERIO representativo '461'.",,,Confianza original en Crosswalk Maestro v0.1: ALTA.,v0.1,SCIAN-2018 (base SERIO); estructura verificada contra fixture INEGI SCIAN-2023 — ver README de spatial/warehouse,SERIO-78-2018,,scripts/build_crosswalk_maestro.py
4651,RAMA,Comercio al por menor de artículos de perfumería y joyería,461,"Comercio al por menor de abarrotes, alimentos, bebidas, hielo y tabaco",OFFICIAL,VERIFIED,LOW,EXACT,Crosswalk Maestro SCIAN→SERIO v0.1 (autoría Lattise),"Hereda la clasificación de su subsector padre SCIAN 465 ('Comercio al por menor de artículos de papelería, para el esparcimiento y otros artículos de uso personal'), asignado al sector SERIO 'Comercio al por menor de abarrotes, alimentos, bebidas, hielo y tabaco'. Fundamento del subsector padre: El modelo SERIO modela el comercio al por menor (sector SCIAN 46 completo) como un único sector de margen comercial, siguiendo el mismo criterio metodológico aplicado al comercio al por mayor. El subsector 465 queda contenido íntegramente en dicha actividad de margen y se asigna al sector SERIO representativo '461'.",,,Confianza original en Crosswalk Maestro v0.1: ALTA.,v0.1,SCIAN-2018 (base SERIO); estructura verificada contra fixture INEGI SCIAN-2023 — ver README de spatial/warehouse,SERIO-78-2018,,scripts/build_crosswalk_maestro.py
4652,RAMA,Comercio al por menor de artículos para el esparcimiento,461,"Comercio al por menor de abarrotes, alimentos, bebidas, hielo y tabaco",OFFICIAL,VERIFIED,LOW,EXACT,Crosswalk Maestro SCIAN→SERIO v0.1 (autoría Lattise),"Hereda la clasificación de su subsector padre SCIAN 465 ('Comercio al por menor de artículos de papelería, para el esparcimiento y otros artículos de uso personal'), asignado al sector SERIO 'Comercio al por menor de abarrotes, alimentos, bebidas, hielo y tabaco'. Fundamento del subsector padre: El modelo SERIO modela el comercio al por menor (sector SCIAN 46 completo) como un único sector de margen comercial, siguiendo el mismo criterio metodológico aplicado al comercio al por mayor. El subsector 465 queda contenido íntegramente en dicha actividad de margen y se asigna al sector SERIO representativo '461'.",,,Confianza original en Crosswalk Maestro v0.1: ALTA.,v0.1,SCIAN-2018 (base SERIO); estructura verificada contra fixture INEGI SCIAN-2023 — ver README de spatial/warehouse,SERIO-78-2018,,scripts/build_crosswalk_maestro.py
4653,RAMA,"Comercio al por menor de artículos de papelería, libros, revistas y periódicos",461,"Comercio al por menor de abarrotes, alimentos, bebidas, hielo y tabaco",OFFICIAL,VERIFIED,LOW,EXACT,Crosswalk Maestro SCIAN→SERIO v0.1 (autoría Lattise),"Hereda la clasificación de su subsector padre SCIAN 465 ('Comercio al por menor de artículos de papelería, para el esparcimiento y otros artículos de uso personal'), asignado al sector SERIO 'Comercio al por menor de abarrotes, alimentos, bebidas, hielo y tabaco'. Fundamento del subsector padre: El modelo SERIO modela el comercio al por menor (sector SCIAN 46 completo) como un único sector de margen comercial, siguiendo el mismo criterio metodológico aplicado al comercio al por mayor. El subsector 465 queda contenido íntegramente en dicha actividad de margen y se asigna al sector SERIO representativo '461'.",,,Confianza original en Crosswalk Maestro v0.1: ALTA.,v0.1,SCIAN-2018 (base SERIO); estructura verificada contra fixture INEGI SCIAN-2023 — ver README de spatial/warehouse,SERIO-78-2018,,scripts/build_crosswalk_maestro.py
4659,RAMA,"Comercio al por menor de mascotas y sus accesorios, regalos, artículos religiosos, desechables, artesanías y otros artículos de uso personal",461,"Comercio al por menor de abarrotes, alimentos, bebidas, hielo y tabaco",OFFICIAL,VERIFIED,LOW,EXACT,Crosswalk Maestro SCIAN→SERIO v0.1 (autoría Lattise),"Hereda la clasificación de su subsector padre SCIAN 465 ('Comercio al por menor de artículos de papelería, para el esparcimiento y otros artículos de uso personal'), asignado al sector SERIO 'Comercio al por menor de abarrotes, alimentos, bebidas, hielo y tabaco'. Fundamento del subsector padre: El modelo SERIO modela el comercio al por menor (sector SCIAN 46 completo) como un único sector de margen comercial, siguiendo el mismo criterio metodológico aplicado al comercio al por mayor. El subsector 465 queda contenido íntegramente en dicha actividad de margen y se asigna al sector SERIO representativo '461'.",,,Confianza original en Crosswalk Maestro v0.1: ALTA.,v0.1,SCIAN-2018 (base SERIO); estructura verificada contra fixture INEGI SCIAN-2023 — ver README de spatial/warehouse,SERIO-78-2018,,scripts/build_crosswalk_maestro.py
4661,RAMA,Comercio al por menor de muebles para el hogar y otros enseres domésticos,461,"Comercio al por menor de abarrotes, alimentos, bebidas, hielo y tabaco",OFFICIAL,VERIFIED,LOW,EXACT,Crosswalk Maestro SCIAN→SERIO v0.1 (autoría Lattise),"Hereda la clasificación de su subsector padre SCIAN 466 ('Comercio al por menor de enseres domésticos, computadoras, artículos para la decoración de interiores y artículos usados'), asignado al sector SERIO 'Comercio al por menor de abarrotes, alimentos, bebidas, hielo y tabaco'. Fundamento del subsector padre: El modelo SERIO modela el comercio al por menor (sector SCIAN 46 completo) como un único sector de margen comercial, siguiendo el mismo criterio metodológico aplicado al comercio al por mayor. El subsector 466 queda contenido íntegramente en dicha actividad de margen y se asigna al sector SERIO representativo '461'.",,,Confianza original en Crosswalk Maestro v0.1: ALTA.,v0.1,SCIAN-2018 (base SERIO); estructura verificada contra fixture INEGI SCIAN-2023 — ver README de spatial/warehouse,SERIO-78-2018,,scripts/build_crosswalk_maestro.py
4662,RAMA,"Comercio al por menor de mobiliario, equipo y accesorios de cómputo, teléfonos y otros aparatos de comunicación",461,"Comercio al por menor de abarrotes, alimentos, bebidas, hielo y tabaco",OFFICIAL,VERIFIED,LOW,EXACT,Crosswalk Maestro SCIAN→SERIO v0.1 (autoría Lattise),"Hereda la clasificación de su subsector padre SCIAN 466 ('Comercio al por menor de enseres domésticos, computadoras, artículos para la decoración de interiores y artículos usados'), asignado al sector SERIO 'Comercio al por menor de abarrotes, alimentos, bebidas, hielo y tabaco'. Fundamento del subsector padre: El modelo SERIO modela el comercio al por menor (sector SCIAN 46 completo) como un único sector de margen comercial, siguiendo el mismo criterio metodológico aplicado al comercio al por mayor. El subsector 466 queda contenido íntegramente en dicha actividad de margen y se asigna al sector SERIO representativo '461'.",,,Confianza original en Crosswalk Maestro v0.1: ALTA.,v0.1,SCIAN-2018 (base SERIO); estructura verificada contra fixture INEGI SCIAN-2023 — ver README de spatial/warehouse,SERIO-78-2018,,scripts/build_crosswalk_maestro.py
4663,RAMA,Comercio al por menor de artículos para la decoración de interiores,461,"Comercio al por menor de abarrotes, alimentos, bebidas, hielo y tabaco",OFFICIAL,VERIFIED,LOW,EXACT,Crosswalk Maestro SCIAN→SERIO v0.1 (autoría Lattise),"Hereda la clasificación de su subsector padre SCIAN 466 ('Comercio al por menor de enseres domésticos, computadoras, artículos para la decoración de interiores y artículos usados'), asignado al sector SERIO 'Comercio al por menor de abarrotes, alimentos, bebidas, hielo y tabaco'. Fundamento del subsector padre: El modelo SERIO modela el comercio al por menor (sector SCIAN 46 completo) como un único sector de margen comercial, siguiendo el mismo criterio metodológico aplicado al comercio al por mayor. El subsector 466 queda contenido íntegramente en dicha actividad de margen y se asigna al sector SERIO representativo '461'.",,,Confianza original en Crosswalk Maestro v0.1: ALTA.,v0.1,SCIAN-2018 (base SERIO); estructura verificada contra fixture INEGI SCIAN-2023 — ver README de spatial/warehouse,SERIO-78-2018,,scripts/build_crosswalk_maestro.py
4664,RAMA,Comercio al por menor de artículos usados,461,"Comercio al por menor de abarrotes, alimentos, bebidas, hielo y tabaco",OFFICIAL,VERIFIED,LOW,EXACT,Crosswalk Maestro SCIAN→SERIO v0.1 (autoría Lattise),"Hereda la clasificación de su subsector padre SCIAN 466 ('Comercio al por menor de enseres domésticos, computadoras, artículos para la decoración de interiores y artículos usados'), asignado al sector SERIO 'Comercio al por menor de abarrotes, alimentos, bebidas, hielo y tabaco'. Fundamento del subsector padre: El modelo SERIO modela el comercio al por menor (sector SCIAN 46 completo) como un único sector de margen comercial, siguiendo el mismo criterio metodológico aplicado al comercio al por mayor. El subsector 466 queda contenido íntegramente en dicha actividad de margen y se asigna al sector SERIO representativo '461'.",,,Confianza original en Crosswalk Maestro v0.1: ALTA.,v0.1,SCIAN-2018 (base SERIO); estructura verificada contra fixture INEGI SCIAN-2023 — ver README de spatial/warehouse,SERIO-78-2018,,scripts/build_crosswalk_maestro.py
4671,RAMA,"Comercio al por menor de artículos de ferretería, tlapalería y vidrios",461,"Comercio al por menor de abarrotes, alimentos, bebidas, hielo y tabaco",OFFICIAL,VERIFIED,LOW,EXACT,Crosswalk Maestro SCIAN→SERIO v0.1 (autoría Lattise),"Hereda la clasificación de su subsector padre SCIAN 467 ('Comercio al por menor de artículos de ferretería, tlapalería y vidrios'), asignado al sector SERIO 'Comercio al por menor de abarrotes, alimentos, bebidas, hielo y tabaco'. Fundamento del subsector padre: El modelo SERIO modela el comercio al por menor (sector SCIAN 46 completo) como un único sector de margen comercial, siguiendo el mismo criterio metodológico aplicado al comercio al por mayor. El subsector 467 queda contenido íntegramente en dicha actividad de margen y se asigna al sector SERIO representativo '461'.",,,Confianza original en Crosswalk Maestro v0.1: ALTA.,v0.1,SCIAN-2018 (base SERIO); estructura verificada contra fixture INEGI SCIAN-2023 — ver README de spatial/warehouse,SERIO-78-2018,,scripts/build_crosswalk_maestro.py
4681,RAMA,Comercio al por menor de automóviles y camionetas,461,"Comercio al por menor de abarrotes, alimentos, bebidas, hielo y tabaco",OFFICIAL,VERIFIED,LOW,EXACT,Crosswalk Maestro SCIAN→SERIO v0.1 (autoría Lattise),"Hereda la clasificación de su subsector padre SCIAN 468 ('Comercio al por menor de vehículos de motor, refacciones, combustibles y lubricantes'), asignado al sector SERIO 'Comercio al por menor de abarrotes, alimentos, bebidas, hielo y tabaco'. Fundamento del subsector padre: El modelo SERIO modela el comercio al por menor (sector SCIAN 46 completo) como un único sector de margen comercial, siguiendo el mismo criterio metodológico aplicado al comercio al por mayor. El subsector 468 queda contenido íntegramente en dicha actividad de margen y se asigna al sector SERIO representativo '461'.",,,Confianza original en Crosswalk Maestro v0.1: ALTA.,v0.1,SCIAN-2018 (base SERIO); estructura verificada contra fixture INEGI SCIAN-2023 — ver README de spatial/warehouse,SERIO-78-2018,,scripts/build_crosswalk_maestro.py
4682,RAMA,"Comercio al por menor de partes y refacciones para automóviles, camionetas y camiones",461,"Comercio al por menor de abarrotes, alimentos, bebidas, hielo y tabaco",OFFICIAL,VERIFIED,LOW,EXACT,Crosswalk Maestro SCIAN→SERIO v0.1 (autoría Lattise),"Hereda la clasificación de su subsector padre SCIAN 468 ('Comercio al por menor de vehículos de motor, refacciones, combustibles y lubricantes'), asignado al sector SERIO 'Comercio al por menor de abarrotes, alimentos, bebidas, hielo y tabaco'. Fundamento del subsector padre: El modelo SERIO modela el comercio al por menor (sector SCIAN 46 completo) como un único sector de margen comercial, siguiendo el mismo criterio metodológico aplicado al comercio al por mayor. El subsector 468 queda contenido íntegramente en dicha actividad de margen y se asigna al sector SERIO representativo '461'.",,,Confianza original en Crosswalk Maestro v0.1: ALTA.,v0.1,SCIAN-2018 (base SERIO); estructura verificada contra fixture INEGI SCIAN-2023 — ver README de spatial/warehouse,SERIO-78-2018,,scripts/build_crosswalk_maestro.py
4683,RAMA,Comercio al por menor de motocicletas y otros vehículos de motor,461,"Comercio al por menor de abarrotes, alimentos, bebidas, hielo y tabaco",OFFICIAL,VERIFIED,LOW,EXACT,Crosswalk Maestro SCIAN→SERIO v0.1 (autoría Lattise),"Hereda la clasificación de su subsector padre SCIAN 468 ('Comercio al por menor de vehículos de motor, refacciones, combustibles y lubricantes'), asignado al sector SERIO 'Comercio al por menor de abarrotes, alimentos, bebidas, hielo y tabaco'. Fundamento del subsector padre: El modelo SERIO modela el comercio al por menor (sector SCIAN 46 completo) como un único sector de margen comercial, siguiendo el mismo criterio metodológico aplicado al comercio al por mayor. El subsector 468 queda contenido íntegramente en dicha actividad de margen y se asigna al sector SERIO representativo '461'.",,,Confianza original en Crosswalk Maestro v0.1: ALTA.,v0.1,SCIAN-2018 (base SERIO); estructura verificada contra fixture INEGI SCIAN-2023 — ver README de spatial/warehouse,SERIO-78-2018,,scripts/build_crosswalk_maestro.py
4684,RAMA,"Comercio al por menor de combustibles, aceites y grasas lubricantes",461,"Comercio al por menor de abarrotes, alimentos, bebidas, hielo y tabaco",OFFICIAL,VERIFIED,LOW,EXACT,Crosswalk Maestro SCIAN→SERIO v0.1 (autoría Lattise),"Hereda la clasificación de su subsector padre SCIAN 468 ('Comercio al por menor de vehículos de motor, refacciones, combustibles y lubricantes'), asignado al sector SERIO 'Comercio al por menor de abarrotes, alimentos, bebidas, hielo y tabaco'. Fundamento del subsector padre: El modelo SERIO modela el comercio al por menor (sector SCIAN 46 completo) como un único sector de margen comercial, siguiendo el mismo criterio metodológico aplicado al comercio al por mayor. El subsector 468 queda contenido íntegramente en dicha actividad de margen y se asigna al sector SERIO representativo '461'.",,,Confianza original en Crosswalk Maestro v0.1: ALTA.,v0.1,SCIAN-2018 (base SERIO); estructura verificada contra fixture INEGI SCIAN-2023 — ver README de spatial/warehouse,SERIO-78-2018,,scripts/build_crosswalk_maestro.py
4691,RAMA,"Intermediación de comercio al por menor, y comercio al por menor a través de catálogos impresos, televisión y similares",461,"Comercio al por menor de abarrotes, alimentos, bebidas, hielo y tabaco",OFFICIAL,VERIFIED,LOW,EXACT,Crosswalk Maestro SCIAN→SERIO v0.1 (autoría Lattise),"Hereda la clasificación de su subsector padre SCIAN 469 ('Intermediación de comercio al por menor, y comercio al por menor a través de catálogos impresos, televisión y similares'), asignado al sector SERIO 'Comercio al por menor de abarrotes, alimentos, bebidas, hielo y tabaco'. Fundamento del subsector padre: El modelo SERIO modela el comercio al por menor (sector SCIAN 46 completo) como un único sector de margen comercial, siguiendo el mismo criterio metodológico aplicado al comercio al por mayor. El subsector 469 queda contenido íntegramente en dicha actividad de margen y se asigna al sector SERIO representativo '461'.",,,Confianza original en Crosswalk Maestro v0.1: ALTA.,v0.1,SCIAN-2018 (base SERIO); estructura verificada contra fixture INEGI SCIAN-2023 — ver README de spatial/warehouse,SERIO-78-2018,,scripts/build_crosswalk_maestro.py
4811,RAMA,Transporte aéreo regular,481,Transporte aéreo,OFFICIAL,VERIFIED,LOW,EXACT,Crosswalk Maestro SCIAN→SERIO v0.1 (autoría Lattise),"Hereda la clasificación de su subsector padre SCIAN 481 ('Transporte aéreo'), asignado al sector SERIO 'Transporte aéreo'. Fundamento del subsector padre: Coincidencia directa y exacta uno a uno: el subsector SCIAN 481 ('Transporte aéreo') es, literalmente, uno de los 78 sectores oficiales del modelo SERIO ('Transporte aéreo'). No requiere inferencia económica adicional.",,,Confianza original en Crosswalk Maestro v0.1: ALTA.,v0.1,SCIAN-2018 (base SERIO); estructura verificada contra fixture INEGI SCIAN-2023 — ver README de spatial/warehouse,SERIO-78-2018,,scripts/build_crosswalk_maestro.py
4812,RAMA,Transporte aéreo no regular,481,Transporte aéreo,OFFICIAL,VERIFIED,LOW,EXACT,Crosswalk Maestro SCIAN→SERIO v0.1 (autoría Lattise),"Hereda la clasificación de su subsector padre SCIAN 481 ('Transporte aéreo'), asignado al sector SERIO 'Transporte aéreo'. Fundamento del subsector padre: Coincidencia directa y exacta uno a uno: el subsector SCIAN 481 ('Transporte aéreo') es, literalmente, uno de los 78 sectores oficiales del modelo SERIO ('Transporte aéreo'). No requiere inferencia económica adicional.",,,Confianza original en Crosswalk Maestro v0.1: ALTA.,v0.1,SCIAN-2018 (base SERIO); estructura verificada contra fixture INEGI SCIAN-2023 — ver README de spatial/warehouse,SERIO-78-2018,,scripts/build_crosswalk_maestro.py
4821,RAMA,Transporte por ferrocarril,482,Transporte por ferrocarril,OFFICIAL,VERIFIED,LOW,EXACT,Crosswalk Maestro SCIAN→SERIO v0.1 (autoría Lattise),"Hereda la clasificación de su subsector padre SCIAN 482 ('Transporte por ferrocarril'), asignado al sector SERIO 'Transporte por ferrocarril'. Fundamento del subsector padre: Coincidencia directa y exacta uno a uno: el subsector SCIAN 482 ('Transporte por ferrocarril') es, literalmente, uno de los 78 sectores oficiales del modelo SERIO ('Transporte por ferrocarril'). No requiere inferencia económica adicional.",,,Confianza original en Crosswalk Maestro v0.1: ALTA.,v0.1,SCIAN-2018 (base SERIO); estructura verificada contra fixture INEGI SCIAN-2023 — ver README de spatial/warehouse,SERIO-78-2018,,scripts/build_crosswalk_maestro.py
4831,RAMA,Transporte marítimo,483,Transporte por agua,OFFICIAL,VERIFIED,LOW,EXACT,Crosswalk Maestro SCIAN→SERIO v0.1 (autoría Lattise),"Hereda la clasificación de su subsector padre SCIAN 483 ('Transporte por agua'), asignado al sector SERIO 'Transporte por agua'. Fundamento del subsector padre: Coincidencia directa y exacta uno a uno: el subsector SCIAN 483 ('Transporte por agua') es, literalmente, uno de los 78 sectores oficiales del modelo SERIO ('Transporte por agua'). No requiere inferencia económica adicional.",,,Confianza original en Crosswalk Maestro v0.1: ALTA.,v0.1,SCIAN-2018 (base SERIO); estructura verificada contra fixture INEGI SCIAN-2023 — ver README de spatial/warehouse,SERIO-78-2018,,scripts/build_crosswalk_maestro.py
4832,RAMA,Transporte por aguas interiores,483,Transporte por agua,OFFICIAL,VERIFIED,LOW,EXACT,Crosswalk Maestro SCIAN→SERIO v0.1 (autoría Lattise),"Hereda la clasificación de su subsector padre SCIAN 483 ('Transporte por agua'), asignado al sector SERIO 'Transporte por agua'. Fundamento del subsector padre: Coincidencia directa y exacta uno a uno: el subsector SCIAN 483 ('Transporte por agua') es, literalmente, uno de los 78 sectores oficiales del modelo SERIO ('Transporte por agua'). No requiere inferencia económica adicional.",,,Confianza original en Crosswalk Maestro v0.1: ALTA.,v0.1,SCIAN-2018 (base SERIO); estructura verificada contra fixture INEGI SCIAN-2023 — ver README de spatial/warehouse,SERIO-78-2018,,scripts/build_crosswalk_maestro.py
4841,RAMA,Autotransporte de carga general,484,Autotransporte de carga,OFFICIAL,VERIFIED,LOW,EXACT,Crosswalk Maestro SCIAN→SERIO v0.1 (autoría Lattise),"Hereda la clasificación de su subsector padre SCIAN 484 ('Autotransporte de carga'), asignado al sector SERIO 'Autotransporte de carga'. Fundamento del subsector padre: Coincidencia directa y exacta uno a uno: el subsector SCIAN 484 ('Autotransporte de carga') es, literalmente, uno de los 78 sectores oficiales del modelo SERIO ('Autotransporte de carga'). No requiere inferencia económica adicional.",,,Confianza original en Crosswalk Maestro v0.1: ALTA.,v0.1,SCIAN-2018 (base SERIO); estructura verificada contra fixture INEGI SCIAN-2023 — ver README de spatial/warehouse,SERIO-78-2018,,scripts/build_crosswalk_maestro.py
4842,RAMA,Autotransporte de carga especializado,484,Autotransporte de carga,OFFICIAL,VERIFIED,LOW,EXACT,Crosswalk Maestro SCIAN→SERIO v0.1 (autoría Lattise),"Hereda la clasificación de su subsector padre SCIAN 484 ('Autotransporte de carga'), asignado al sector SERIO 'Autotransporte de carga'. Fundamento del subsector padre: Coincidencia directa y exacta uno a uno: el subsector SCIAN 484 ('Autotransporte de carga') es, literalmente, uno de los 78 sectores oficiales del modelo SERIO ('Autotransporte de carga'). No requiere inferencia económica adicional.",,,Confianza original en Crosswalk Maestro v0.1: ALTA.,v0.1,SCIAN-2018 (base SERIO); estructura verificada contra fixture INEGI SCIAN-2023 — ver README de spatial/warehouse,SERIO-78-2018,,scripts/build_crosswalk_maestro.py
4851,RAMA,Transporte colectivo urbano y suburbano de pasajeros de ruta fija,485,"Transporte terrestre de pasajeros, excepto por ferrocarril",OFFICIAL,VERIFIED,LOW,EXACT,Crosswalk Maestro SCIAN→SERIO v0.1 (autoría Lattise),"Hereda la clasificación de su subsector padre SCIAN 485 ('Transporte terrestre de pasajeros, excepto por ferrocarril'), asignado al sector SERIO 'Transporte terrestre de pasajeros, excepto por ferrocarril'. Fundamento del subsector padre: Coincidencia directa y exacta uno a uno: el subsector SCIAN 485 ('Transporte terrestre de pasajeros, excepto por ferrocarril') es, literalmente, uno de los 78 sectores oficiales del modelo SERIO ('Transporte terrestre de pasajeros, excepto por ferrocarril'). No requiere inferencia económica adicional.",,,Confianza original en Crosswalk Maestro v0.1: ALTA.,v0.1,SCIAN-2018 (base SERIO); estructura verificada contra fixture INEGI SCIAN-2023 — ver README de spatial/warehouse,SERIO-78-2018,,scripts/build_crosswalk_maestro.py
4852,RAMA,Transporte colectivo foráneo de pasajeros de ruta fija,485,"Transporte terrestre de pasajeros, excepto por ferrocarril",OFFICIAL,VERIFIED,LOW,EXACT,Crosswalk Maestro SCIAN→SERIO v0.1 (autoría Lattise),"Hereda la clasificación de su subsector padre SCIAN 485 ('Transporte terrestre de pasajeros, excepto por ferrocarril'), asignado al sector SERIO 'Transporte terrestre de pasajeros, excepto por ferrocarril'. Fundamento del subsector padre: Coincidencia directa y exacta uno a uno: el subsector SCIAN 485 ('Transporte terrestre de pasajeros, excepto por ferrocarril') es, literalmente, uno de los 78 sectores oficiales del modelo SERIO ('Transporte terrestre de pasajeros, excepto por ferrocarril'). No requiere inferencia económica adicional.",,,Confianza original en Crosswalk Maestro v0.1: ALTA.,v0.1,SCIAN-2018 (base SERIO); estructura verificada contra fixture INEGI SCIAN-2023 — ver README de spatial/warehouse,SERIO-78-2018,,scripts/build_crosswalk_maestro.py
4853,RAMA,Servicio de taxis y limusinas,485,"Transporte terrestre de pasajeros, excepto por ferrocarril",OFFICIAL,VERIFIED,LOW,EXACT,Crosswalk Maestro SCIAN→SERIO v0.1 (autoría Lattise),"Hereda la clasificación de su subsector padre SCIAN 485 ('Transporte terrestre de pasajeros, excepto por ferrocarril'), asignado al sector SERIO 'Transporte terrestre de pasajeros, excepto por ferrocarril'. Fundamento del subsector padre: Coincidencia directa y exacta uno a uno: el subsector SCIAN 485 ('Transporte terrestre de pasajeros, excepto por ferrocarril') es, literalmente, uno de los 78 sectores oficiales del modelo SERIO ('Transporte terrestre de pasajeros, excepto por ferrocarril'). No requiere inferencia económica adicional.",,,Confianza original en Crosswalk Maestro v0.1: ALTA.,v0.1,SCIAN-2018 (base SERIO); estructura verificada contra fixture INEGI SCIAN-2023 — ver README de spatial/warehouse,SERIO-78-2018,,scripts/build_crosswalk_maestro.py
4854,RAMA,Transporte escolar y de personal,485,"Transporte terrestre de pasajeros, excepto por ferrocarril",OFFICIAL,VERIFIED,LOW,EXACT,Crosswalk Maestro SCIAN→SERIO v0.1 (autoría Lattise),"Hereda la clasificación de su subsector padre SCIAN 485 ('Transporte terrestre de pasajeros, excepto por ferrocarril'), asignado al sector SERIO 'Transporte terrestre de pasajeros, excepto por ferrocarril'. Fundamento del subsector padre: Coincidencia directa y exacta uno a uno: el subsector SCIAN 485 ('Transporte terrestre de pasajeros, excepto por ferrocarril') es, literalmente, uno de los 78 sectores oficiales del modelo SERIO ('Transporte terrestre de pasajeros, excepto por ferrocarril'). No requiere inferencia económica adicional.",,,Confianza original en Crosswalk Maestro v0.1: ALTA.,v0.1,SCIAN-2018 (base SERIO); estructura verificada contra fixture INEGI SCIAN-2023 — ver README de spatial/warehouse,SERIO-78-2018,,scripts/build_crosswalk_maestro.py
4855,RAMA,Alquiler de autobuses con chofer,485,"Transporte terrestre de pasajeros, excepto por ferrocarril",OFFICIAL,VERIFIED,LOW,EXACT,Crosswalk Maestro SCIAN→SERIO v0.1 (autoría Lattise),"Hereda la clasificación de su subsector padre SCIAN 485 ('Transporte terrestre de pasajeros, excepto por ferrocarril'), asignado al sector SERIO 'Transporte terrestre de pasajeros, excepto por ferrocarril'. Fundamento del subsector padre: Coincidencia directa y exacta uno a uno: el subsector SCIAN 485 ('Transporte terrestre de pasajeros, excepto por ferrocarril') es, literalmente, uno de los 78 sectores oficiales del modelo SERIO ('Transporte terrestre de pasajeros, excepto por ferrocarril'). No requiere inferencia económica adicional.",,,Confianza original en Crosswalk Maestro v0.1: ALTA.,v0.1,SCIAN-2018 (base SERIO); estructura verificada contra fixture INEGI SCIAN-2023 — ver README de spatial/warehouse,SERIO-78-2018,,scripts/build_crosswalk_maestro.py
4859,RAMA,Otro transporte terrestre de pasajeros,485,"Transporte terrestre de pasajeros, excepto por ferrocarril",OFFICIAL,VERIFIED,LOW,EXACT,Crosswalk Maestro SCIAN→SERIO v0.1 (autoría Lattise),"Hereda la clasificación de su subsector padre SCIAN 485 ('Transporte terrestre de pasajeros, excepto por ferrocarril'), asignado al sector SERIO 'Transporte terrestre de pasajeros, excepto por ferrocarril'. Fundamento del subsector padre: Coincidencia directa y exacta uno a uno: el subsector SCIAN 485 ('Transporte terrestre de pasajeros, excepto por ferrocarril') es, literalmente, uno de los 78 sectores oficiales del modelo SERIO ('Transporte terrestre de pasajeros, excepto por ferrocarril'). No requiere inferencia económica adicional.",,,Confianza original en Crosswalk Maestro v0.1: ALTA.,v0.1,SCIAN-2018 (base SERIO); estructura verificada contra fixture INEGI SCIAN-2023 — ver README de spatial/warehouse,SERIO-78-2018,,scripts/build_crosswalk_maestro.py
4861,RAMA,Transporte de petróleo crudo por ductos,486,Transporte por ductos,OFFICIAL,VERIFIED,LOW,EXACT,Crosswalk Maestro SCIAN→SERIO v0.1 (autoría Lattise),"Hereda la clasificación de su subsector padre SCIAN 486 ('Transporte por ductos'), asignado al sector SERIO 'Transporte por ductos'. Fundamento del subsector padre: Coincidencia directa y exacta uno a uno: el subsector SCIAN 486 ('Transporte por ductos') es, literalmente, uno de los 78 sectores oficiales del modelo SERIO ('Transporte por ductos'). No requiere inferencia económica adicional.",,,Confianza original en Crosswalk Maestro v0.1: ALTA.,v0.1,SCIAN-2018 (base SERIO); estructura verificada contra fixture INEGI SCIAN-2023 — ver README de spatial/warehouse,SERIO-78-2018,,scripts/build_crosswalk_maestro.py
4862,RAMA,Transporte de gas natural por ductos,486,Transporte por ductos,OFFICIAL,VERIFIED,LOW,EXACT,Crosswalk Maestro SCIAN→SERIO v0.1 (autoría Lattise),"Hereda la clasificación de su subsector padre SCIAN 486 ('Transporte por ductos'), asignado al sector SERIO 'Transporte por ductos'. Fundamento del subsector padre: Coincidencia directa y exacta uno a uno: el subsector SCIAN 486 ('Transporte por ductos') es, literalmente, uno de los 78 sectores oficiales del modelo SERIO ('Transporte por ductos'). No requiere inferencia económica adicional.",,,Confianza original en Crosswalk Maestro v0.1: ALTA.,v0.1,SCIAN-2018 (base SERIO); estructura verificada contra fixture INEGI SCIAN-2023 — ver README de spatial/warehouse,SERIO-78-2018,,scripts/build_crosswalk_maestro.py
4869,RAMA,Transporte por ductos de otros productos,486,Transporte por ductos,OFFICIAL,VERIFIED,LOW,EXACT,Crosswalk Maestro SCIAN→SERIO v0.1 (autoría Lattise),"Hereda la clasificación de su subsector padre SCIAN 486 ('Transporte por ductos'), asignado al sector SERIO 'Transporte por ductos'. Fundamento del subsector padre: Coincidencia directa y exacta uno a uno: el subsector SCIAN 486 ('Transporte por ductos') es, literalmente, uno de los 78 sectores oficiales del modelo SERIO ('Transporte por ductos'). No requiere inferencia económica adicional.",,,Confianza original en Crosswalk Maestro v0.1: ALTA.,v0.1,SCIAN-2018 (base SERIO); estructura verificada contra fixture INEGI SCIAN-2023 — ver README de spatial/warehouse,SERIO-78-2018,,scripts/build_crosswalk_maestro.py
4871,RAMA,Transporte turístico por tierra,487,Transporte turístico,OFFICIAL,VERIFIED,LOW,EXACT,Crosswalk Maestro SCIAN→SERIO v0.1 (autoría Lattise),"Hereda la clasificación de su subsector padre SCIAN 487 ('Transporte turístico'), asignado al sector SERIO 'Transporte turístico'. Fundamento del subsector padre: Coincidencia directa y exacta uno a uno: el subsector SCIAN 487 ('Transporte turístico') es, literalmente, uno de los 78 sectores oficiales del modelo SERIO ('Transporte turístico'). No requiere inferencia económica adicional.",,,Confianza original en Crosswalk Maestro v0.1: ALTA.,v0.1,SCIAN-2018 (base SERIO); estructura verificada contra fixture INEGI SCIAN-2023 — ver README de spatial/warehouse,SERIO-78-2018,,scripts/build_crosswalk_maestro.py
4872,RAMA,Transporte turístico por agua,487,Transporte turístico,OFFICIAL,VERIFIED,LOW,EXACT,Crosswalk Maestro SCIAN→SERIO v0.1 (autoría Lattise),"Hereda la clasificación de su subsector padre SCIAN 487 ('Transporte turístico'), asignado al sector SERIO 'Transporte turístico'. Fundamento del subsector padre: Coincidencia directa y exacta uno a uno: el subsector SCIAN 487 ('Transporte turístico') es, literalmente, uno de los 78 sectores oficiales del modelo SERIO ('Transporte turístico'). No requiere inferencia económica adicional.",,,Confianza original en Crosswalk Maestro v0.1: ALTA.,v0.1,SCIAN-2018 (base SERIO); estructura verificada contra fixture INEGI SCIAN-2023 — ver README de spatial/warehouse,SERIO-78-2018,,scripts/build_crosswalk_maestro.py
4879,RAMA,Otro transporte turístico,487,Transporte turístico,OFFICIAL,VERIFIED,LOW,EXACT,Crosswalk Maestro SCIAN→SERIO v0.1 (autoría Lattise),"Hereda la clasificación de su subsector padre SCIAN 487 ('Transporte turístico'), asignado al sector SERIO 'Transporte turístico'. Fundamento del subsector padre: Coincidencia directa y exacta uno a uno: el subsector SCIAN 487 ('Transporte turístico') es, literalmente, uno de los 78 sectores oficiales del modelo SERIO ('Transporte turístico'). No requiere inferencia económica adicional.",,,Confianza original en Crosswalk Maestro v0.1: ALTA.,v0.1,SCIAN-2018 (base SERIO); estructura verificada contra fixture INEGI SCIAN-2023 — ver README de spatial/warehouse,SERIO-78-2018,,scripts/build_crosswalk_maestro.py
4881,RAMA,Servicios relacionados con el transporte aéreo,488,Servicios relacionados con el transporte,OFFICIAL,VERIFIED,LOW,EXACT,Crosswalk Maestro SCIAN→SERIO v0.1 (autoría Lattise),"Hereda la clasificación de su subsector padre SCIAN 488 ('Servicios relacionados con el transporte'), asignado al sector SERIO 'Servicios relacionados con el transporte'. Fundamento del subsector padre: Coincidencia directa y exacta uno a uno: el subsector SCIAN 488 ('Servicios relacionados con el transporte') es, literalmente, uno de los 78 sectores oficiales del modelo SERIO ('Servicios relacionados con el transporte'). No requiere inferencia económica adicional.",,,Confianza original en Crosswalk Maestro v0.1: ALTA.,v0.1,SCIAN-2018 (base SERIO); estructura verificada contra fixture INEGI SCIAN-2023 — ver README de spatial/warehouse,SERIO-78-2018,,scripts/build_crosswalk_maestro.py
4882,RAMA,Servicios relacionados con el transporte por ferrocarril,488,Servicios relacionados con el transporte,OFFICIAL,VERIFIED,LOW,EXACT,Crosswalk Maestro SCIAN→SERIO v0.1 (autoría Lattise),"Hereda la clasificación de su subsector padre SCIAN 488 ('Servicios relacionados con el transporte'), asignado al sector SERIO 'Servicios relacionados con el transporte'. Fundamento del subsector padre: Coincidencia directa y exacta uno a uno: el subsector SCIAN 488 ('Servicios relacionados con el transporte') es, literalmente, uno de los 78 sectores oficiales del modelo SERIO ('Servicios relacionados con el transporte'). No requiere inferencia económica adicional.",,,Confianza original en Crosswalk Maestro v0.1: ALTA.,v0.1,SCIAN-2018 (base SERIO); estructura verificada contra fixture INEGI SCIAN-2023 — ver README de spatial/warehouse,SERIO-78-2018,,scripts/build_crosswalk_maestro.py
4883,RAMA,Servicios relacionados con el transporte por agua,488,Servicios relacionados con el transporte,OFFICIAL,VERIFIED,LOW,EXACT,Crosswalk Maestro SCIAN→SERIO v0.1 (autoría Lattise),"Hereda la clasificación de su subsector padre SCIAN 488 ('Servicios relacionados con el transporte'), asignado al sector SERIO 'Servicios relacionados con el transporte'. Fundamento del subsector padre: Coincidencia directa y exacta uno a uno: el subsector SCIAN 488 ('Servicios relacionados con el transporte') es, literalmente, uno de los 78 sectores oficiales del modelo SERIO ('Servicios relacionados con el transporte'). No requiere inferencia económica adicional.",,,Confianza original en Crosswalk Maestro v0.1: ALTA.,v0.1,SCIAN-2018 (base SERIO); estructura verificada contra fixture INEGI SCIAN-2023 — ver README de spatial/warehouse,SERIO-78-2018,,scripts/build_crosswalk_maestro.py
4884,RAMA,Servicios relacionados con el transporte por carretera,488,Servicios relacionados con el transporte,OFFICIAL,VERIFIED,LOW,EXACT,Crosswalk Maestro SCIAN→SERIO v0.1 (autoría Lattise),"Hereda la clasificación de su subsector padre SCIAN 488 ('Servicios relacionados con el transporte'), asignado al sector SERIO 'Servicios relacionados con el transporte'. Fundamento del subsector padre: Coincidencia directa y exacta uno a uno: el subsector SCIAN 488 ('Servicios relacionados con el transporte') es, literalmente, uno de los 78 sectores oficiales del modelo SERIO ('Servicios relacionados con el transporte'). No requiere inferencia económica adicional.",,,Confianza original en Crosswalk Maestro v0.1: ALTA.,v0.1,SCIAN-2018 (base SERIO); estructura verificada contra fixture INEGI SCIAN-2023 — ver README de spatial/warehouse,SERIO-78-2018,,scripts/build_crosswalk_maestro.py
4885,RAMA,Servicios de intermediación para el transporte de carga,488,Servicios relacionados con el transporte,OFFICIAL,VERIFIED,LOW,EXACT,Crosswalk Maestro SCIAN→SERIO v0.1 (autoría Lattise),"Hereda la clasificación de su subsector padre SCIAN 488 ('Servicios relacionados con el transporte'), asignado al sector SERIO 'Servicios relacionados con el transporte'. Fundamento del subsector padre: Coincidencia directa y exacta uno a uno: el subsector SCIAN 488 ('Servicios relacionados con el transporte') es, literalmente, uno de los 78 sectores oficiales del modelo SERIO ('Servicios relacionados con el transporte'). No requiere inferencia económica adicional.",,,Confianza original en Crosswalk Maestro v0.1: ALTA.,v0.1,SCIAN-2018 (base SERIO); estructura verificada contra fixture INEGI SCIAN-2023 — ver README de spatial/warehouse,SERIO-78-2018,,scripts/build_crosswalk_maestro.py
4889,RAMA,Otros servicios relacionados con el transporte,488,Servicios relacionados con el transporte,OFFICIAL,VERIFIED,LOW,EXACT,Crosswalk Maestro SCIAN→SERIO v0.1 (autoría Lattise),"Hereda la clasificación de su subsector padre SCIAN 488 ('Servicios relacionados con el transporte'), asignado al sector SERIO 'Servicios relacionados con el transporte'. Fundamento del subsector padre: Coincidencia directa y exacta uno a uno: el subsector SCIAN 488 ('Servicios relacionados con el transporte') es, literalmente, uno de los 78 sectores oficiales del modelo SERIO ('Servicios relacionados con el transporte'). No requiere inferencia económica adicional.",,,Confianza original en Crosswalk Maestro v0.1: ALTA.,v0.1,SCIAN-2018 (base SERIO); estructura verificada contra fixture INEGI SCIAN-2023 — ver README de spatial/warehouse,SERIO-78-2018,,scripts/build_crosswalk_maestro.py
4911,RAMA,Servicios postales,491,Servicios postales,OFFICIAL,VERIFIED,LOW,EXACT,Crosswalk Maestro SCIAN→SERIO v0.1 (autoría Lattise),"Hereda la clasificación de su subsector padre SCIAN 491 ('Servicios postales'), asignado al sector SERIO 'Servicios postales'. Fundamento del subsector padre: Coincidencia directa y exacta uno a uno: el subsector SCIAN 491 ('Servicios postales') es, literalmente, uno de los 78 sectores oficiales del modelo SERIO ('Servicios postales'). No requiere inferencia económica adicional.",,,Confianza original en Crosswalk Maestro v0.1: ALTA.,v0.1,SCIAN-2018 (base SERIO); estructura verificada contra fixture INEGI SCIAN-2023 — ver README de spatial/warehouse,SERIO-78-2018,,scripts/build_crosswalk_maestro.py
4921,RAMA,Servicios de mensajería y paquetería foránea,492,Servicios de mensajería y paquetería,OFFICIAL,VERIFIED,LOW,EXACT,Crosswalk Maestro SCIAN→SERIO v0.1 (autoría Lattise),"Hereda la clasificación de su subsector padre SCIAN 492 ('Servicios de mensajería y paquetería'), asignado al sector SERIO 'Servicios de mensajería y paquetería'. Fundamento del subsector padre: Coincidencia directa y exacta uno a uno: el subsector SCIAN 492 ('Servicios de mensajería y paquetería') es, literalmente, uno de los 78 sectores oficiales del modelo SERIO ('Servicios de mensajería y paquetería'). No requiere inferencia económica adicional.",,,Confianza original en Crosswalk Maestro v0.1: ALTA.,v0.1,SCIAN-2018 (base SERIO); estructura verificada contra fixture INEGI SCIAN-2023 — ver README de spatial/warehouse,SERIO-78-2018,,scripts/build_crosswalk_maestro.py
4922,RAMA,Servicios de mensajería y paquetería local,492,Servicios de mensajería y paquetería,OFFICIAL,VERIFIED,LOW,EXACT,Crosswalk Maestro SCIAN→SERIO v0.1 (autoría Lattise),"Hereda la clasificación de su subsector padre SCIAN 492 ('Servicios de mensajería y paquetería'), asignado al sector SERIO 'Servicios de mensajería y paquetería'. Fundamento del subsector padre: Coincidencia directa y exacta uno a uno: el subsector SCIAN 492 ('Servicios de mensajería y paquetería') es, literalmente, uno de los 78 sectores oficiales del modelo SERIO ('Servicios de mensajería y paquetería'). No requiere inferencia económica adicional.",,,Confianza original en Crosswalk Maestro v0.1: ALTA.,v0.1,SCIAN-2018 (base SERIO); estructura verificada contra fixture INEGI SCIAN-2023 — ver README de spatial/warehouse,SERIO-78-2018,,scripts/build_crosswalk_maestro.py
4931,RAMA,Servicios de almacenamiento,493,Servicios de almacenamiento,OFFICIAL,VERIFIED,LOW,EXACT,Crosswalk Maestro SCIAN→SERIO v0.1 (autoría Lattise),"Hereda la clasificación de su subsector padre SCIAN 493 ('Servicios de almacenamiento'), asignado al sector SERIO 'Servicios de almacenamiento'. Fundamento del subsector padre: Coincidencia directa y exacta uno a uno: el subsector SCIAN 493 ('Servicios de almacenamiento') es, literalmente, uno de los 78 sectores oficiales del modelo SERIO ('Servicios de almacenamiento'). No requiere inferencia económica adicional.",,,Confianza original en Crosswalk Maestro v0.1: ALTA.,v0.1,SCIAN-2018 (base SERIO); estructura verificada contra fixture INEGI SCIAN-2023 — ver README de spatial/warehouse,SERIO-78-2018,,scripts/build_crosswalk_maestro.py
5121,RAMA,Industria fílmica y del video,512,"Industria fílmica y del video, e industria del sonido",OFFICIAL,VERIFIED,LOW,EXACT,Crosswalk Maestro SCIAN→SERIO v0.1 (autoría Lattise),"Hereda la clasificación de su subsector padre SCIAN 512 ('Industria fílmica y del video, e industria del sonido'), asignado al sector SERIO 'Industria fílmica y del video, e industria del sonido'. Fundamento del subsector padre: Coincidencia directa y exacta uno a uno: el subsector SCIAN 512 ('Industria fílmica y del video, e industria del sonido') es, literalmente, uno de los 78 sectores oficiales del modelo SERIO ('Industria fílmica y del video, e industria del sonido'). No requiere inferencia económica adicional.",,,Confianza original en Crosswalk Maestro v0.1: ALTA.,v0.1,SCIAN-2018 (base SERIO); estructura verificada contra fixture INEGI SCIAN-2023 — ver README de spatial/warehouse,SERIO-78-2018,,scripts/build_crosswalk_maestro.py
5122,RAMA,Industria del sonido,512,"Industria fílmica y del video, e industria del sonido",OFFICIAL,VERIFIED,LOW,EXACT,Crosswalk Maestro SCIAN→SERIO v0.1 (autoría Lattise),"Hereda la clasificación de su subsector padre SCIAN 512 ('Industria fílmica y del video, e industria del sonido'), asignado al sector SERIO 'Industria fílmica y del video, e industria del sonido'. Fundamento del subsector padre: Coincidencia directa y exacta uno a uno: el subsector SCIAN 512 ('Industria fílmica y del video, e industria del sonido') es, literalmente, uno de los 78 sectores oficiales del modelo SERIO ('Industria fílmica y del video, e industria del sonido'). No requiere inferencia económica adicional.",,,Confianza original en Crosswalk Maestro v0.1: ALTA.,v0.1,SCIAN-2018 (base SERIO); estructura verificada contra fixture INEGI SCIAN-2023 — ver README de spatial/warehouse,SERIO-78-2018,,scripts/build_crosswalk_maestro.py
5131,RAMA,"Edición de periódicos, revistas, libros, directorios y otros materiales",,,EXPERT,REVIEW_REQUIRED,HIGH,PARTIAL,Crosswalk Maestro SCIAN→SERIO v0.1 (autoría Lattise),"Hereda la clasificación de su subsector padre SCIAN 513 ('Edición de periódicos, revistas, libros, directorios, software y otros materiales'), asignado al sector SERIO 'Edición de periódicos, revistas, libros, software y otros materiales, y edición de estas publicaciones integrada con la impresión'. Fundamento del subsector padre: La actualización SCIAN reorganizó el subsector 511 (SCIAN base 2018: 'Edición de periódicos, revistas, libros, software y otros materiales, y edición de estas publicaciones integrada con la impresión') en el subsector 513, separando en una rama distinta la edición de software. El contenido económico central (edición de publicaciones) corresponde al sector SERIO 511, pero se marca para revisión porque SERIO opera sobre la codificación SCIAN 2018 y debe confirmarse la equivalencia exacta a nivel de rama antes de heredar la asignación de forma automática.",,,"Candidato sugerido en Crosswalk Maestro v0.1: 'Edición de periódicos, revistas, libros, software y otros materiales, y edición de estas publicaciones integrada con la impresión' (confianza MEDIA). Requiere confirmación humana explícita (cambiar status a VERIFIED) antes de usarse en el lookup compilado.",v0.1,SCIAN-2018 (base SERIO); estructura verificada contra fixture INEGI SCIAN-2023 — ver README de spatial/warehouse,SERIO-78-2018,,scripts/build_crosswalk_maestro.py
5132,RAMA,Edición de software,,,EXPERT,REVIEW_REQUIRED,HIGH,PARTIAL,Crosswalk Maestro SCIAN→SERIO v0.1 (autoría Lattise),"Hereda la clasificación de su subsector padre SCIAN 513 ('Edición de periódicos, revistas, libros, directorios, software y otros materiales'), asignado al sector SERIO 'Edición de periódicos, revistas, libros, software y otros materiales, y edición de estas publicaciones integrada con la impresión'. Fundamento del subsector padre: La actualización SCIAN reorganizó el subsector 511 (SCIAN base 2018: 'Edición de periódicos, revistas, libros, software y otros materiales, y edición de estas publicaciones integrada con la impresión') en el subsector 513, separando en una rama distinta la edición de software. El contenido económico central (edición de publicaciones) corresponde al sector SERIO 511, pero se marca para revisión porque SERIO opera sobre la codificación SCIAN 2018 y debe confirmarse la equivalencia exacta a nivel de rama antes de heredar la asignación de forma automática.",,,"Candidato sugerido en Crosswalk Maestro v0.1: 'Edición de periódicos, revistas, libros, software y otros materiales, y edición de estas publicaciones integrada con la impresión' (confianza MEDIA). Requiere confirmación humana explícita (cambiar status a VERIFIED) antes de usarse en el lookup compilado.",v0.1,SCIAN-2018 (base SERIO); estructura verificada contra fixture INEGI SCIAN-2023 — ver README de spatial/warehouse,SERIO-78-2018,,scripts/build_crosswalk_maestro.py
5161,RAMA,Estaciones de transmisión de programas de radio y televisión,,,EXPERT,REVIEW_REQUIRED,HIGH,PARTIAL,Crosswalk Maestro SCIAN→SERIO v0.1 (autoría Lattise),"Hereda la clasificación de su subsector padre SCIAN 516 ('Radio y televisión y provisión de contenido'), asignado al sector SERIO 'Radio y televisión'. Fundamento del subsector padre: La actualización SCIAN renombró y renumeró el subsector 515 (SCIAN base 2018: 'Radio y televisión') como subsector 516 ('Radio y televisión y provisión de contenido'), incorporando explícitamente streaming y redes sociales de contenido audiovisual. El núcleo económico corresponde al sector SERIO 515, pero se marca para revisión por el mismo motivo de vigencia de catálogo (SERIO usa base SCIAN 2018) y porque las nuevas ramas de streaming podrían ameritar discusión sobre si pertenecen a 515 o deben tratarse aparte.",,,Candidato sugerido en Crosswalk Maestro v0.1: 'Radio y televisión' (confianza MEDIA). Requiere confirmación humana explícita (cambiar status a VERIFIED) antes de usarse en el lookup compilado.,v0.1,SCIAN-2018 (base SERIO); estructura verificada contra fixture INEGI SCIAN-2023 — ver README de spatial/warehouse,SERIO-78-2018,,scripts/build_crosswalk_maestro.py
5162,RAMA,"Servicios de distribución de audio y video en tiempo real (streaming), redes sociales, cadenas de radio y televisión y otros proveedores de contenido",,,EXPERT,REVIEW_REQUIRED,HIGH,PARTIAL,Crosswalk Maestro SCIAN→SERIO v0.1 (autoría Lattise),"Hereda la clasificación de su subsector padre SCIAN 516 ('Radio y televisión y provisión de contenido'), asignado al sector SERIO 'Radio y televisión'. Fundamento del subsector padre: La actualización SCIAN renombró y renumeró el subsector 515 (SCIAN base 2018: 'Radio y televisión') como subsector 516 ('Radio y televisión y provisión de contenido'), incorporando explícitamente streaming y redes sociales de contenido audiovisual. El núcleo económico corresponde al sector SERIO 515, pero se marca para revisión por el mismo motivo de vigencia de catálogo (SERIO usa base SCIAN 2018) y porque las nuevas ramas de streaming podrían ameritar discusión sobre si pertenecen a 515 o deben tratarse aparte.",,,Candidato sugerido en Crosswalk Maestro v0.1: 'Radio y televisión' (confianza MEDIA). Requiere confirmación humana explícita (cambiar status a VERIFIED) antes de usarse en el lookup compilado.,v0.1,SCIAN-2018 (base SERIO); estructura verificada contra fixture INEGI SCIAN-2023 — ver README de spatial/warehouse,SERIO-78-2018,,scripts/build_crosswalk_maestro.py
5173,RAMA,Operadores de servicios de telecomunicaciones alámbricas e inalámbricas,517,Telecomunicaciones,OFFICIAL,VERIFIED,LOW,EXACT,Crosswalk Maestro SCIAN→SERIO v0.1 (autoría Lattise),"Hereda la clasificación de su subsector padre SCIAN 517 ('Telecomunicaciones'), asignado al sector SERIO 'Telecomunicaciones'. Fundamento del subsector padre: Coincidencia directa y exacta uno a uno: el subsector SCIAN 517 ('Telecomunicaciones') es, literalmente, uno de los 78 sectores oficiales del modelo SERIO ('Telecomunicaciones'). No requiere inferencia económica adicional.",,,Confianza original en Crosswalk Maestro v0.1: ALTA.,v0.1,SCIAN-2018 (base SERIO); estructura verificada contra fixture INEGI SCIAN-2023 — ver README de spatial/warehouse,SERIO-78-2018,,scripts/build_crosswalk_maestro.py
5174,RAMA,Operadores de servicios de telecomunicaciones vía satélite,517,Telecomunicaciones,OFFICIAL,VERIFIED,LOW,EXACT,Crosswalk Maestro SCIAN→SERIO v0.1 (autoría Lattise),"Hereda la clasificación de su subsector padre SCIAN 517 ('Telecomunicaciones'), asignado al sector SERIO 'Telecomunicaciones'. Fundamento del subsector padre: Coincidencia directa y exacta uno a uno: el subsector SCIAN 517 ('Telecomunicaciones') es, literalmente, uno de los 78 sectores oficiales del modelo SERIO ('Telecomunicaciones'). No requiere inferencia económica adicional.",,,Confianza original en Crosswalk Maestro v0.1: ALTA.,v0.1,SCIAN-2018 (base SERIO); estructura verificada contra fixture INEGI SCIAN-2023 — ver README de spatial/warehouse,SERIO-78-2018,,scripts/build_crosswalk_maestro.py
5179,RAMA,Otros servicios de telecomunicaciones,517,Telecomunicaciones,OFFICIAL,VERIFIED,LOW,EXACT,Crosswalk Maestro SCIAN→SERIO v0.1 (autoría Lattise),"Hereda la clasificación de su subsector padre SCIAN 517 ('Telecomunicaciones'), asignado al sector SERIO 'Telecomunicaciones'. Fundamento del subsector padre: Coincidencia directa y exacta uno a uno: el subsector SCIAN 517 ('Telecomunicaciones') es, literalmente, uno de los 78 sectores oficiales del modelo SERIO ('Telecomunicaciones'). No requiere inferencia económica adicional.",,,Confianza original en Crosswalk Maestro v0.1: ALTA.,v0.1,SCIAN-2018 (base SERIO); estructura verificada contra fixture INEGI SCIAN-2023 — ver README de spatial/warehouse,SERIO-78-2018,,scripts/build_crosswalk_maestro.py
5182,RAMA,"Provisión de infraestructura de servicios de cómputo, procesamiento de datos, hospedaje de páginas de internet y otros servicios relacionados",518,"Procesamiento electrónico de información, hospedaje y otros servicios relacionados",OFFICIAL,VERIFIED,LOW,EXACT,Crosswalk Maestro SCIAN→SERIO v0.1 (autoría Lattise),"Hereda la clasificación de su subsector padre SCIAN 518 ('Provisión de infraestructura de servicios de cómputo, procesamiento de datos, hospedaje de páginas de internet y otros servicios relacionados'), asignado al sector SERIO 'Procesamiento electrónico de información, hospedaje y otros servicios relacionados'. Fundamento del subsector padre: Coincidencia directa y exacta uno a uno: el subsector SCIAN 518 ('Provisión de infraestructura de servicios de cómputo, procesamiento de datos, hospedaje de páginas de internet y otros servicios relacionados') es, literalmente, uno de los 78 sectores oficiales del modelo SERIO ('Procesamiento electrónico de información, hospedaje y otros servicios relacionados'). No requiere inferencia económica adicional.",,,Confianza original en Crosswalk Maestro v0.1: ALTA.,v0.1,SCIAN-2018 (base SERIO); estructura verificada contra fixture INEGI SCIAN-2023 — ver README de spatial/warehouse,SERIO-78-2018,,scripts/build_crosswalk_maestro.py
5192,RAMA,"Bibliotecas, archivos, portales de búsqueda en la red y otros servicios de suministro de información",519,Otros servicios de información,OFFICIAL,VERIFIED,LOW,EXACT,Crosswalk Maestro SCIAN→SERIO v0.1 (autoría Lattise),"Hereda la clasificación de su subsector padre SCIAN 519 ('Bibliotecas, archivos, portales de búsqueda en la red y otros servicios de suministro de información'), asignado al sector SERIO 'Otros servicios de información'. Fundamento del subsector padre: Coincidencia directa y exacta uno a uno: el subsector SCIAN 519 ('Bibliotecas, archivos, portales de búsqueda en la red y otros servicios de suministro de información') es, literalmente, uno de los 78 sectores oficiales del modelo SERIO ('Otros servicios de información'). No requiere inferencia económica adicional.",,,Confianza original en Crosswalk Maestro v0.1: ALTA.,v0.1,SCIAN-2018 (base SERIO); estructura verificada contra fixture INEGI SCIAN-2023 — ver README de spatial/warehouse,SERIO-78-2018,,scripts/build_crosswalk_maestro.py
5211,RAMA,Banca central,521,Banca central,OFFICIAL,VERIFIED,LOW,EXACT,Crosswalk Maestro SCIAN→SERIO v0.1 (autoría Lattise),"Hereda la clasificación de su subsector padre SCIAN 521 ('Banca central'), asignado al sector SERIO 'Banca central'. Fundamento del subsector padre: Coincidencia directa y exacta uno a uno: el subsector SCIAN 521 ('Banca central') es, literalmente, uno de los 78 sectores oficiales del modelo SERIO ('Banca central'). No requiere inferencia económica adicional.",,,Confianza original en Crosswalk Maestro v0.1: ALTA.,v0.1,SCIAN-2018 (base SERIO); estructura verificada contra fixture INEGI SCIAN-2023 — ver README de spatial/warehouse,SERIO-78-2018,,scripts/build_crosswalk_maestro.py
5221,RAMA,Banca múltiple,522,Instituciones de intermediación crediticia y financiera no bursátil,OFFICIAL,VERIFIED,LOW,EXACT,Crosswalk Maestro SCIAN→SERIO v0.1 (autoría Lattise),"Hereda la clasificación de su subsector padre SCIAN 522 ('Instituciones de intermediación crediticia y financiera no bursátil'), asignado al sector SERIO 'Instituciones de intermediación crediticia y financiera no bursátil'. Fundamento del subsector padre: Coincidencia directa y exacta uno a uno: el subsector SCIAN 522 ('Instituciones de intermediación crediticia y financiera no bursátil') es, literalmente, uno de los 78 sectores oficiales del modelo SERIO ('Instituciones de intermediación crediticia y financiera no bursátil'). No requiere inferencia económica adicional.",,,Confianza original en Crosswalk Maestro v0.1: ALTA.,v0.1,SCIAN-2018 (base SERIO); estructura verificada contra fixture INEGI SCIAN-2023 — ver README de spatial/warehouse,SERIO-78-2018,,scripts/build_crosswalk_maestro.py
5222,RAMA,Instituciones financieras de fomento económico,522,Instituciones de intermediación crediticia y financiera no bursátil,OFFICIAL,VERIFIED,LOW,EXACT,Crosswalk Maestro SCIAN→SERIO v0.1 (autoría Lattise),"Hereda la clasificación de su subsector padre SCIAN 522 ('Instituciones de intermediación crediticia y financiera no bursátil'), asignado al sector SERIO 'Instituciones de intermediación crediticia y financiera no bursátil'. Fundamento del subsector padre: Coincidencia directa y exacta uno a uno: el subsector SCIAN 522 ('Instituciones de intermediación crediticia y financiera no bursátil') es, literalmente, uno de los 78 sectores oficiales del modelo SERIO ('Instituciones de intermediación crediticia y financiera no bursátil'). No requiere inferencia económica adicional.",,,Confianza original en Crosswalk Maestro v0.1: ALTA.,v0.1,SCIAN-2018 (base SERIO); estructura verificada contra fixture INEGI SCIAN-2023 — ver README de spatial/warehouse,SERIO-78-2018,,scripts/build_crosswalk_maestro.py
5223,RAMA,Uniones de crédito e instituciones de ahorro,522,Instituciones de intermediación crediticia y financiera no bursátil,OFFICIAL,VERIFIED,LOW,EXACT,Crosswalk Maestro SCIAN→SERIO v0.1 (autoría Lattise),"Hereda la clasificación de su subsector padre SCIAN 522 ('Instituciones de intermediación crediticia y financiera no bursátil'), asignado al sector SERIO 'Instituciones de intermediación crediticia y financiera no bursátil'. Fundamento del subsector padre: Coincidencia directa y exacta uno a uno: el subsector SCIAN 522 ('Instituciones de intermediación crediticia y financiera no bursátil') es, literalmente, uno de los 78 sectores oficiales del modelo SERIO ('Instituciones de intermediación crediticia y financiera no bursátil'). No requiere inferencia económica adicional.",,,Confianza original en Crosswalk Maestro v0.1: ALTA.,v0.1,SCIAN-2018 (base SERIO); estructura verificada contra fixture INEGI SCIAN-2023 — ver README de spatial/warehouse,SERIO-78-2018,,scripts/build_crosswalk_maestro.py
5224,RAMA,Otras instituciones de intermediación crediticia y financiera no bursátil,522,Instituciones de intermediación crediticia y financiera no bursátil,OFFICIAL,VERIFIED,LOW,EXACT,Crosswalk Maestro SCIAN→SERIO v0.1 (autoría Lattise),"Hereda la clasificación de su subsector padre SCIAN 522 ('Instituciones de intermediación crediticia y financiera no bursátil'), asignado al sector SERIO 'Instituciones de intermediación crediticia y financiera no bursátil'. Fundamento del subsector padre: Coincidencia directa y exacta uno a uno: el subsector SCIAN 522 ('Instituciones de intermediación crediticia y financiera no bursátil') es, literalmente, uno de los 78 sectores oficiales del modelo SERIO ('Instituciones de intermediación crediticia y financiera no bursátil'). No requiere inferencia económica adicional.",,,Confianza original en Crosswalk Maestro v0.1: ALTA.,v0.1,SCIAN-2018 (base SERIO); estructura verificada contra fixture INEGI SCIAN-2023 — ver README de spatial/warehouse,SERIO-78-2018,,scripts/build_crosswalk_maestro.py
5225,RAMA,Servicios relacionados con la intermediación crediticia no bursátil,522,Instituciones de intermediación crediticia y financiera no bursátil,OFFICIAL,VERIFIED,LOW,EXACT,Crosswalk Maestro SCIAN→SERIO v0.1 (autoría Lattise),"Hereda la clasificación de su subsector padre SCIAN 522 ('Instituciones de intermediación crediticia y financiera no bursátil'), asignado al sector SERIO 'Instituciones de intermediación crediticia y financiera no bursátil'. Fundamento del subsector padre: Coincidencia directa y exacta uno a uno: el subsector SCIAN 522 ('Instituciones de intermediación crediticia y financiera no bursátil') es, literalmente, uno de los 78 sectores oficiales del modelo SERIO ('Instituciones de intermediación crediticia y financiera no bursátil'). No requiere inferencia económica adicional.",,,Confianza original en Crosswalk Maestro v0.1: ALTA.,v0.1,SCIAN-2018 (base SERIO); estructura verificada contra fixture INEGI SCIAN-2023 — ver README de spatial/warehouse,SERIO-78-2018,,scripts/build_crosswalk_maestro.py
5231,RAMA,"Casas de bolsa, casas de cambio y centros cambiarios",523,"Actividades bursátiles, cambiarias y de inversión financiera",OFFICIAL,VERIFIED,LOW,EXACT,Crosswalk Maestro SCIAN→SERIO v0.1 (autoría Lattise),"Hereda la clasificación de su subsector padre SCIAN 523 ('Actividades bursátiles, cambiarias y de inversión financiera'), asignado al sector SERIO 'Actividades bursátiles, cambiarias y de inversión financiera'. Fundamento del subsector padre: Coincidencia directa y exacta uno a uno: el subsector SCIAN 523 ('Actividades bursátiles, cambiarias y de inversión financiera') es, literalmente, uno de los 78 sectores oficiales del modelo SERIO ('Actividades bursátiles, cambiarias y de inversión financiera'). No requiere inferencia económica adicional.",,,Confianza original en Crosswalk Maestro v0.1: ALTA.,v0.1,SCIAN-2018 (base SERIO); estructura verificada contra fixture INEGI SCIAN-2023 — ver README de spatial/warehouse,SERIO-78-2018,,scripts/build_crosswalk_maestro.py
5232,RAMA,Bolsa de valores,523,"Actividades bursátiles, cambiarias y de inversión financiera",OFFICIAL,VERIFIED,LOW,EXACT,Crosswalk Maestro SCIAN→SERIO v0.1 (autoría Lattise),"Hereda la clasificación de su subsector padre SCIAN 523 ('Actividades bursátiles, cambiarias y de inversión financiera'), asignado al sector SERIO 'Actividades bursátiles, cambiarias y de inversión financiera'. Fundamento del subsector padre: Coincidencia directa y exacta uno a uno: el subsector SCIAN 523 ('Actividades bursátiles, cambiarias y de inversión financiera') es, literalmente, uno de los 78 sectores oficiales del modelo SERIO ('Actividades bursátiles, cambiarias y de inversión financiera'). No requiere inferencia económica adicional.",,,Confianza original en Crosswalk Maestro v0.1: ALTA.,v0.1,SCIAN-2018 (base SERIO); estructura verificada contra fixture INEGI SCIAN-2023 — ver README de spatial/warehouse,SERIO-78-2018,,scripts/build_crosswalk_maestro.py
5239,RAMA,Asesoría en inversiones y otros servicios relacionados con la intermediación bursátil,523,"Actividades bursátiles, cambiarias y de inversión financiera",OFFICIAL,VERIFIED,LOW,EXACT,Crosswalk Maestro SCIAN→SERIO v0.1 (autoría Lattise),"Hereda la clasificación de su subsector padre SCIAN 523 ('Actividades bursátiles, cambiarias y de inversión financiera'), asignado al sector SERIO 'Actividades bursátiles, cambiarias y de inversión financiera'. Fundamento del subsector padre: Coincidencia directa y exacta uno a uno: el subsector SCIAN 523 ('Actividades bursátiles, cambiarias y de inversión financiera') es, literalmente, uno de los 78 sectores oficiales del modelo SERIO ('Actividades bursátiles, cambiarias y de inversión financiera'). No requiere inferencia económica adicional.",,,Confianza original en Crosswalk Maestro v0.1: ALTA.,v0.1,SCIAN-2018 (base SERIO); estructura verificada contra fixture INEGI SCIAN-2023 — ver README de spatial/warehouse,SERIO-78-2018,,scripts/build_crosswalk_maestro.py
5241,RAMA,Compañías de seguros y fianzas,524,"Compañías de seguros, fianzas, y administración de fondos para el retiro",OFFICIAL,VERIFIED,LOW,EXACT,Crosswalk Maestro SCIAN→SERIO v0.1 (autoría Lattise),"Hereda la clasificación de su subsector padre SCIAN 524 ('Compañías de seguros, fianzas, y administración de fondos para el retiro'), asignado al sector SERIO 'Compañías de seguros, fianzas, y administración de fondos para el retiro'. Fundamento del subsector padre: Coincidencia directa y exacta uno a uno: el subsector SCIAN 524 ('Compañías de seguros, fianzas, y administración de fondos para el retiro') es, literalmente, uno de los 78 sectores oficiales del modelo SERIO ('Compañías de seguros, fianzas, y administración de fondos para el retiro'). No requiere inferencia económica adicional.",,,Confianza original en Crosswalk Maestro v0.1: ALTA.,v0.1,SCIAN-2018 (base SERIO); estructura verificada contra fixture INEGI SCIAN-2023 — ver README de spatial/warehouse,SERIO-78-2018,,scripts/build_crosswalk_maestro.py
5242,RAMA,"Servicios relacionados con los seguros y las fianzas, y administración de fondos para el retiro",524,"Compañías de seguros, fianzas, y administración de fondos para el retiro",OFFICIAL,VERIFIED,LOW,EXACT,Crosswalk Maestro SCIAN→SERIO v0.1 (autoría Lattise),"Hereda la clasificación de su subsector padre SCIAN 524 ('Compañías de seguros, fianzas, y administración de fondos para el retiro'), asignado al sector SERIO 'Compañías de seguros, fianzas, y administración de fondos para el retiro'. Fundamento del subsector padre: Coincidencia directa y exacta uno a uno: el subsector SCIAN 524 ('Compañías de seguros, fianzas, y administración de fondos para el retiro') es, literalmente, uno de los 78 sectores oficiales del modelo SERIO ('Compañías de seguros, fianzas, y administración de fondos para el retiro'). No requiere inferencia económica adicional.",,,Confianza original en Crosswalk Maestro v0.1: ALTA.,v0.1,SCIAN-2018 (base SERIO); estructura verificada contra fixture INEGI SCIAN-2023 — ver README de spatial/warehouse,SERIO-78-2018,,scripts/build_crosswalk_maestro.py
5251,RAMA,Sociedades de inversión especializadas en fondos para el retiro,524,"Compañías de seguros, fianzas, y administración de fondos para el retiro",EXPERT,VERIFIED,MEDIUM,EXACT,Crosswalk Maestro SCIAN→SERIO v0.1 (autoría Lattise),"Hereda la clasificación de su subsector padre SCIAN 525 ('Sociedades de inversión especializadas en fondos para el retiro y fondos de inversión'), asignado al sector SERIO 'Compañías de seguros, fianzas, y administración de fondos para el retiro'. Fundamento del subsector padre: Las sociedades de inversión especializadas en fondos para el retiro y los fondos de inversión (525) constituyen una extensión funcional directa de la administración de fondos para el retiro ya contenida en la definición oficial del sector SERIO 524 ('Compañías de seguros, fianzas, y administración de fondos para el retiro'). Ambas actividades pertenecen a la misma cadena de intermediación del ahorro para el retiro (AFORE/SIEFORE) dentro del sistema financiero mexicano. Se asigna con confianza media porque es una decisión de agregación razonable pero no una identidad textual exacta; no se marca para revisión porque no existe ambigüedad real de pertenencia sectorial (no podría pertenecer, por ejemplo, a servicios inmobiliarios o servicios profesionales).",,,Confianza original en Crosswalk Maestro v0.1: MEDIA.,v0.1,SCIAN-2018 (base SERIO); estructura verificada contra fixture INEGI SCIAN-2023 — ver README de spatial/warehouse,SERIO-78-2018,,scripts/build_crosswalk_maestro.py
5252,RAMA,Fondos de inversión,524,"Compañías de seguros, fianzas, y administración de fondos para el retiro",EXPERT,VERIFIED,MEDIUM,EXACT,Crosswalk Maestro SCIAN→SERIO v0.1 (autoría Lattise),"Hereda la clasificación de su subsector padre SCIAN 525 ('Sociedades de inversión especializadas en fondos para el retiro y fondos de inversión'), asignado al sector SERIO 'Compañías de seguros, fianzas, y administración de fondos para el retiro'. Fundamento del subsector padre: Las sociedades de inversión especializadas en fondos para el retiro y los fondos de inversión (525) constituyen una extensión funcional directa de la administración de fondos para el retiro ya contenida en la definición oficial del sector SERIO 524 ('Compañías de seguros, fianzas, y administración de fondos para el retiro'). Ambas actividades pertenecen a la misma cadena de intermediación del ahorro para el retiro (AFORE/SIEFORE) dentro del sistema financiero mexicano. Se asigna con confianza media porque es una decisión de agregación razonable pero no una identidad textual exacta; no se marca para revisión porque no existe ambigüedad real de pertenencia sectorial (no podría pertenecer, por ejemplo, a servicios inmobiliarios o servicios profesionales).",,,Confianza original en Crosswalk Maestro v0.1: MEDIA.,v0.1,SCIAN-2018 (base SERIO); estructura verificada contra fixture INEGI SCIAN-2023 — ver README de spatial/warehouse,SERIO-78-2018,,scripts/build_crosswalk_maestro.py
5311,RAMA,Alquiler sin intermediación de bienes raíces,531,Servicios inmobiliarios,OFFICIAL,VERIFIED,LOW,EXACT,Crosswalk Maestro SCIAN→SERIO v0.1 (autoría Lattise),"Hereda la clasificación de su subsector padre SCIAN 531 ('Servicios inmobiliarios'), asignado al sector SERIO 'Servicios inmobiliarios'. Fundamento del subsector padre: Coincidencia directa y exacta uno a uno: el subsector SCIAN 531 ('Servicios inmobiliarios') es, literalmente, uno de los 78 sectores oficiales del modelo SERIO ('Servicios inmobiliarios'). No requiere inferencia económica adicional.",,,Confianza original en Crosswalk Maestro v0.1: ALTA.,v0.1,SCIAN-2018 (base SERIO); estructura verificada contra fixture INEGI SCIAN-2023 — ver README de spatial/warehouse,SERIO-78-2018,,scripts/build_crosswalk_maestro.py
5312,RAMA,Inmobiliarias y corredores de bienes raíces,531,Servicios inmobiliarios,OFFICIAL,VERIFIED,LOW,EXACT,Crosswalk Maestro SCIAN→SERIO v0.1 (autoría Lattise),"Hereda la clasificación de su subsector padre SCIAN 531 ('Servicios inmobiliarios'), asignado al sector SERIO 'Servicios inmobiliarios'. Fundamento del subsector padre: Coincidencia directa y exacta uno a uno: el subsector SCIAN 531 ('Servicios inmobiliarios') es, literalmente, uno de los 78 sectores oficiales del modelo SERIO ('Servicios inmobiliarios'). No requiere inferencia económica adicional.",,,Confianza original en Crosswalk Maestro v0.1: ALTA.,v0.1,SCIAN-2018 (base SERIO); estructura verificada contra fixture INEGI SCIAN-2023 — ver README de spatial/warehouse,SERIO-78-2018,,scripts/build_crosswalk_maestro.py
5313,RAMA,Servicios relacionados con los servicios inmobiliarios,531,Servicios inmobiliarios,OFFICIAL,VERIFIED,LOW,EXACT,Crosswalk Maestro SCIAN→SERIO v0.1 (autoría Lattise),"Hereda la clasificación de su subsector padre SCIAN 531 ('Servicios inmobiliarios'), asignado al sector SERIO 'Servicios inmobiliarios'. Fundamento del subsector padre: Coincidencia directa y exacta uno a uno: el subsector SCIAN 531 ('Servicios inmobiliarios') es, literalmente, uno de los 78 sectores oficiales del modelo SERIO ('Servicios inmobiliarios'). No requiere inferencia económica adicional.",,,Confianza original en Crosswalk Maestro v0.1: ALTA.,v0.1,SCIAN-2018 (base SERIO); estructura verificada contra fixture INEGI SCIAN-2023 — ver README de spatial/warehouse,SERIO-78-2018,,scripts/build_crosswalk_maestro.py
5321,RAMA,"Alquiler de automóviles, camiones y otros transportes terrestres",532,Servicios de alquiler de bienes muebles,OFFICIAL,VERIFIED,LOW,EXACT,Crosswalk Maestro SCIAN→SERIO v0.1 (autoría Lattise),"Hereda la clasificación de su subsector padre SCIAN 532 ('Servicios de alquiler de bienes muebles'), asignado al sector SERIO 'Servicios de alquiler de bienes muebles'. Fundamento del subsector padre: Coincidencia directa y exacta uno a uno: el subsector SCIAN 532 ('Servicios de alquiler de bienes muebles') es, literalmente, uno de los 78 sectores oficiales del modelo SERIO ('Servicios de alquiler de bienes muebles'). No requiere inferencia económica adicional.",,,Confianza original en Crosswalk Maestro v0.1: ALTA.,v0.1,SCIAN-2018 (base SERIO); estructura verificada contra fixture INEGI SCIAN-2023 — ver README de spatial/warehouse,SERIO-78-2018,,scripts/build_crosswalk_maestro.py
5322,RAMA,Alquiler de artículos para el hogar y personales,532,Servicios de alquiler de bienes muebles,OFFICIAL,VERIFIED,LOW,EXACT,Crosswalk Maestro SCIAN→SERIO v0.1 (autoría Lattise),"Hereda la clasificación de su subsector padre SCIAN 532 ('Servicios de alquiler de bienes muebles'), asignado al sector SERIO 'Servicios de alquiler de bienes muebles'. Fundamento del subsector padre: Coincidencia directa y exacta uno a uno: el subsector SCIAN 532 ('Servicios de alquiler de bienes muebles') es, literalmente, uno de los 78 sectores oficiales del modelo SERIO ('Servicios de alquiler de bienes muebles'). No requiere inferencia económica adicional.",,,Confianza original en Crosswalk Maestro v0.1: ALTA.,v0.1,SCIAN-2018 (base SERIO); estructura verificada contra fixture INEGI SCIAN-2023 — ver README de spatial/warehouse,SERIO-78-2018,,scripts/build_crosswalk_maestro.py
5323,RAMA,Centros generales de alquiler,532,Servicios de alquiler de bienes muebles,OFFICIAL,VERIFIED,LOW,EXACT,Crosswalk Maestro SCIAN→SERIO v0.1 (autoría Lattise),"Hereda la clasificación de su subsector padre SCIAN 532 ('Servicios de alquiler de bienes muebles'), asignado al sector SERIO 'Servicios de alquiler de bienes muebles'. Fundamento del subsector padre: Coincidencia directa y exacta uno a uno: el subsector SCIAN 532 ('Servicios de alquiler de bienes muebles') es, literalmente, uno de los 78 sectores oficiales del modelo SERIO ('Servicios de alquiler de bienes muebles'). No requiere inferencia económica adicional.",,,Confianza original en Crosswalk Maestro v0.1: ALTA.,v0.1,SCIAN-2018 (base SERIO); estructura verificada contra fixture INEGI SCIAN-2023 — ver README de spatial/warehouse,SERIO-78-2018,,scripts/build_crosswalk_maestro.py
5324,RAMA,"Alquiler de maquinaria y equipo agropecuario, pesquero, industrial, comercial y de servicios",532,Servicios de alquiler de bienes muebles,OFFICIAL,VERIFIED,LOW,EXACT,Crosswalk Maestro SCIAN→SERIO v0.1 (autoría Lattise),"Hereda la clasificación de su subsector padre SCIAN 532 ('Servicios de alquiler de bienes muebles'), asignado al sector SERIO 'Servicios de alquiler de bienes muebles'. Fundamento del subsector padre: Coincidencia directa y exacta uno a uno: el subsector SCIAN 532 ('Servicios de alquiler de bienes muebles') es, literalmente, uno de los 78 sectores oficiales del modelo SERIO ('Servicios de alquiler de bienes muebles'). No requiere inferencia económica adicional.",,,Confianza original en Crosswalk Maestro v0.1: ALTA.,v0.1,SCIAN-2018 (base SERIO); estructura verificada contra fixture INEGI SCIAN-2023 — ver README de spatial/warehouse,SERIO-78-2018,,scripts/build_crosswalk_maestro.py
5331,RAMA,"Servicios de alquiler de marcas registradas, patentes y franquicias",533,"Servicios de alquiler de marcas registradas, patentes y franquicias",OFFICIAL,VERIFIED,LOW,EXACT,Crosswalk Maestro SCIAN→SERIO v0.1 (autoría Lattise),"Hereda la clasificación de su subsector padre SCIAN 533 ('Servicios de alquiler de marcas registradas, patentes y franquicias'), asignado al sector SERIO 'Servicios de alquiler de marcas registradas, patentes y franquicias'. Fundamento del subsector padre: Coincidencia directa y exacta uno a uno: el subsector SCIAN 533 ('Servicios de alquiler de marcas registradas, patentes y franquicias') es, literalmente, uno de los 78 sectores oficiales del modelo SERIO ('Servicios de alquiler de marcas registradas, patentes y franquicias'). No requiere inferencia económica adicional.",,,Confianza original en Crosswalk Maestro v0.1: ALTA.,v0.1,SCIAN-2018 (base SERIO); estructura verificada contra fixture INEGI SCIAN-2023 — ver README de spatial/warehouse,SERIO-78-2018,,scripts/build_crosswalk_maestro.py
5411,RAMA,Servicios legales,541,"Servicios profesionales, científicos y técnicos",OFFICIAL,VERIFIED,LOW,EXACT,Crosswalk Maestro SCIAN→SERIO v0.1 (autoría Lattise),"Hereda la clasificación de su subsector padre SCIAN 541 ('Servicios profesionales, científicos y técnicos'), asignado al sector SERIO 'Servicios profesionales, científicos y técnicos'. Fundamento del subsector padre: Coincidencia directa y exacta uno a uno: el subsector SCIAN 541 ('Servicios profesionales, científicos y técnicos') es, literalmente, uno de los 78 sectores oficiales del modelo SERIO ('Servicios profesionales, científicos y técnicos'). No requiere inferencia económica adicional.",,,Confianza original en Crosswalk Maestro v0.1: ALTA.,v0.1,SCIAN-2018 (base SERIO); estructura verificada contra fixture INEGI SCIAN-2023 — ver README de spatial/warehouse,SERIO-78-2018,,scripts/build_crosswalk_maestro.py
5412,RAMA,"Servicios de contabilidad, auditoría y servicios relacionados",541,"Servicios profesionales, científicos y técnicos",OFFICIAL,VERIFIED,LOW,EXACT,Crosswalk Maestro SCIAN→SERIO v0.1 (autoría Lattise),"Hereda la clasificación de su subsector padre SCIAN 541 ('Servicios profesionales, científicos y técnicos'), asignado al sector SERIO 'Servicios profesionales, científicos y técnicos'. Fundamento del subsector padre: Coincidencia directa y exacta uno a uno: el subsector SCIAN 541 ('Servicios profesionales, científicos y técnicos') es, literalmente, uno de los 78 sectores oficiales del modelo SERIO ('Servicios profesionales, científicos y técnicos'). No requiere inferencia económica adicional.",,,Confianza original en Crosswalk Maestro v0.1: ALTA.,v0.1,SCIAN-2018 (base SERIO); estructura verificada contra fixture INEGI SCIAN-2023 — ver README de spatial/warehouse,SERIO-78-2018,,scripts/build_crosswalk_maestro.py
5413,RAMA,"Servicios de arquitectura, ingeniería y actividades relacionadas",541,"Servicios profesionales, científicos y técnicos",OFFICIAL,VERIFIED,LOW,EXACT,Crosswalk Maestro SCIAN→SERIO v0.1 (autoría Lattise),"Hereda la clasificación de su subsector padre SCIAN 541 ('Servicios profesionales, científicos y técnicos'), asignado al sector SERIO 'Servicios profesionales, científicos y técnicos'. Fundamento del subsector padre: Coincidencia directa y exacta uno a uno: el subsector SCIAN 541 ('Servicios profesionales, científicos y técnicos') es, literalmente, uno de los 78 sectores oficiales del modelo SERIO ('Servicios profesionales, científicos y técnicos'). No requiere inferencia económica adicional.",,,Confianza original en Crosswalk Maestro v0.1: ALTA.,v0.1,SCIAN-2018 (base SERIO); estructura verificada contra fixture INEGI SCIAN-2023 — ver README de spatial/warehouse,SERIO-78-2018,,scripts/build_crosswalk_maestro.py
5414,RAMA,Diseño especializado,541,"Servicios profesionales, científicos y técnicos",OFFICIAL,VERIFIED,LOW,EXACT,Crosswalk Maestro SCIAN→SERIO v0.1 (autoría Lattise),"Hereda la clasificación de su subsector padre SCIAN 541 ('Servicios profesionales, científicos y técnicos'), asignado al sector SERIO 'Servicios profesionales, científicos y técnicos'. Fundamento del subsector padre: Coincidencia directa y exacta uno a uno: el subsector SCIAN 541 ('Servicios profesionales, científicos y técnicos') es, literalmente, uno de los 78 sectores oficiales del modelo SERIO ('Servicios profesionales, científicos y técnicos'). No requiere inferencia económica adicional.",,,Confianza original en Crosswalk Maestro v0.1: ALTA.,v0.1,SCIAN-2018 (base SERIO); estructura verificada contra fixture INEGI SCIAN-2023 — ver README de spatial/warehouse,SERIO-78-2018,,scripts/build_crosswalk_maestro.py
5415,RAMA,Servicios de diseño de sistemas de cómputo y servicios relacionados,541,"Servicios profesionales, científicos y técnicos",OFFICIAL,VERIFIED,LOW,EXACT,Crosswalk Maestro SCIAN→SERIO v0.1 (autoría Lattise),"Hereda la clasificación de su subsector padre SCIAN 541 ('Servicios profesionales, científicos y técnicos'), asignado al sector SERIO 'Servicios profesionales, científicos y técnicos'. Fundamento del subsector padre: Coincidencia directa y exacta uno a uno: el subsector SCIAN 541 ('Servicios profesionales, científicos y técnicos') es, literalmente, uno de los 78 sectores oficiales del modelo SERIO ('Servicios profesionales, científicos y técnicos'). No requiere inferencia económica adicional.",,,Confianza original en Crosswalk Maestro v0.1: ALTA.,v0.1,SCIAN-2018 (base SERIO); estructura verificada contra fixture INEGI SCIAN-2023 — ver README de spatial/warehouse,SERIO-78-2018,,scripts/build_crosswalk_maestro.py
5416,RAMA,"Servicios de consultoría administrativa, científica y técnica",541,"Servicios profesionales, científicos y técnicos",OFFICIAL,VERIFIED,LOW,EXACT,Crosswalk Maestro SCIAN→SERIO v0.1 (autoría Lattise),"Hereda la clasificación de su subsector padre SCIAN 541 ('Servicios profesionales, científicos y técnicos'), asignado al sector SERIO 'Servicios profesionales, científicos y técnicos'. Fundamento del subsector padre: Coincidencia directa y exacta uno a uno: el subsector SCIAN 541 ('Servicios profesionales, científicos y técnicos') es, literalmente, uno de los 78 sectores oficiales del modelo SERIO ('Servicios profesionales, científicos y técnicos'). No requiere inferencia económica adicional.",,,Confianza original en Crosswalk Maestro v0.1: ALTA.,v0.1,SCIAN-2018 (base SERIO); estructura verificada contra fixture INEGI SCIAN-2023 — ver README de spatial/warehouse,SERIO-78-2018,,scripts/build_crosswalk_maestro.py
5417,RAMA,Servicios de investigación científica y desarrollo,541,"Servicios profesionales, científicos y técnicos",OFFICIAL,VERIFIED,LOW,EXACT,Crosswalk Maestro SCIAN→SERIO v0.1 (autoría Lattise),"Hereda la clasificación de su subsector padre SCIAN 541 ('Servicios profesionales, científicos y técnicos'), asignado al sector SERIO 'Servicios profesionales, científicos y técnicos'. Fundamento del subsector padre: Coincidencia directa y exacta uno a uno: el subsector SCIAN 541 ('Servicios profesionales, científicos y técnicos') es, literalmente, uno de los 78 sectores oficiales del modelo SERIO ('Servicios profesionales, científicos y técnicos'). No requiere inferencia económica adicional.",,,Confianza original en Crosswalk Maestro v0.1: ALTA.,v0.1,SCIAN-2018 (base SERIO); estructura verificada contra fixture INEGI SCIAN-2023 — ver README de spatial/warehouse,SERIO-78-2018,,scripts/build_crosswalk_maestro.py
5418,RAMA,Servicios de publicidad y actividades relacionadas,541,"Servicios profesionales, científicos y técnicos",OFFICIAL,VERIFIED,LOW,EXACT,Crosswalk Maestro SCIAN→SERIO v0.1 (autoría Lattise),"Hereda la clasificación de su subsector padre SCIAN 541 ('Servicios profesionales, científicos y técnicos'), asignado al sector SERIO 'Servicios profesionales, científicos y técnicos'. Fundamento del subsector padre: Coincidencia directa y exacta uno a uno: el subsector SCIAN 541 ('Servicios profesionales, científicos y técnicos') es, literalmente, uno de los 78 sectores oficiales del modelo SERIO ('Servicios profesionales, científicos y técnicos'). No requiere inferencia económica adicional.",,,Confianza original en Crosswalk Maestro v0.1: ALTA.,v0.1,SCIAN-2018 (base SERIO); estructura verificada contra fixture INEGI SCIAN-2023 — ver README de spatial/warehouse,SERIO-78-2018,,scripts/build_crosswalk_maestro.py
5419,RAMA,"Otros servicios profesionales, científicos y técnicos",541,"Servicios profesionales, científicos y técnicos",OFFICIAL,VERIFIED,LOW,EXACT,Crosswalk Maestro SCIAN→SERIO v0.1 (autoría Lattise),"Hereda la clasificación de su subsector padre SCIAN 541 ('Servicios profesionales, científicos y técnicos'), asignado al sector SERIO 'Servicios profesionales, científicos y técnicos'. Fundamento del subsector padre: Coincidencia directa y exacta uno a uno: el subsector SCIAN 541 ('Servicios profesionales, científicos y técnicos') es, literalmente, uno de los 78 sectores oficiales del modelo SERIO ('Servicios profesionales, científicos y técnicos'). No requiere inferencia económica adicional.",,,Confianza original en Crosswalk Maestro v0.1: ALTA.,v0.1,SCIAN-2018 (base SERIO); estructura verificada contra fixture INEGI SCIAN-2023 — ver README de spatial/warehouse,SERIO-78-2018,,scripts/build_crosswalk_maestro.py
5511,RAMA,Dirección y administración de grupos empresariales o corporativos,551,Corporativos,OFFICIAL,VERIFIED,LOW,EXACT,Crosswalk Maestro SCIAN→SERIO v0.1 (autoría Lattise),"Hereda la clasificación de su subsector padre SCIAN 551 ('Dirección y administración de grupos empresariales o corporativos'), asignado al sector SERIO 'Corporativos'. Fundamento del subsector padre: Coincidencia directa y exacta uno a uno: el subsector SCIAN 551 ('Dirección y administración de grupos empresariales o corporativos') es, literalmente, uno de los 78 sectores oficiales del modelo SERIO ('Corporativos'). No requiere inferencia económica adicional.",,,Confianza original en Crosswalk Maestro v0.1: ALTA.,v0.1,SCIAN-2018 (base SERIO); estructura verificada contra fixture INEGI SCIAN-2023 — ver README de spatial/warehouse,SERIO-78-2018,,scripts/build_crosswalk_maestro.py
5611,RAMA,Servicios de administración de negocios,561,Servicios de apoyo a los negocios,OFFICIAL,VERIFIED,LOW,EXACT,Crosswalk Maestro SCIAN→SERIO v0.1 (autoría Lattise),"Hereda la clasificación de su subsector padre SCIAN 561 ('Servicios de apoyo a los negocios'), asignado al sector SERIO 'Servicios de apoyo a los negocios'. Fundamento del subsector padre: Coincidencia directa y exacta uno a uno: el subsector SCIAN 561 ('Servicios de apoyo a los negocios') es, literalmente, uno de los 78 sectores oficiales del modelo SERIO ('Servicios de apoyo a los negocios'). No requiere inferencia económica adicional.",,,Confianza original en Crosswalk Maestro v0.1: ALTA.,v0.1,SCIAN-2018 (base SERIO); estructura verificada contra fixture INEGI SCIAN-2023 — ver README de spatial/warehouse,SERIO-78-2018,,scripts/build_crosswalk_maestro.py
5612,RAMA,Servicios integrales de apoyo a los negocios en instalaciones,561,Servicios de apoyo a los negocios,OFFICIAL,VERIFIED,LOW,EXACT,Crosswalk Maestro SCIAN→SERIO v0.1 (autoría Lattise),"Hereda la clasificación de su subsector padre SCIAN 561 ('Servicios de apoyo a los negocios'), asignado al sector SERIO 'Servicios de apoyo a los negocios'. Fundamento del subsector padre: Coincidencia directa y exacta uno a uno: el subsector SCIAN 561 ('Servicios de apoyo a los negocios') es, literalmente, uno de los 78 sectores oficiales del modelo SERIO ('Servicios de apoyo a los negocios'). No requiere inferencia económica adicional.",,,Confianza original en Crosswalk Maestro v0.1: ALTA.,v0.1,SCIAN-2018 (base SERIO); estructura verificada contra fixture INEGI SCIAN-2023 — ver README de spatial/warehouse,SERIO-78-2018,,scripts/build_crosswalk_maestro.py
5613,RAMA,Servicios de empleo,561,Servicios de apoyo a los negocios,OFFICIAL,VERIFIED,LOW,EXACT,Crosswalk Maestro SCIAN→SERIO v0.1 (autoría Lattise),"Hereda la clasificación de su subsector padre SCIAN 561 ('Servicios de apoyo a los negocios'), asignado al sector SERIO 'Servicios de apoyo a los negocios'. Fundamento del subsector padre: Coincidencia directa y exacta uno a uno: el subsector SCIAN 561 ('Servicios de apoyo a los negocios') es, literalmente, uno de los 78 sectores oficiales del modelo SERIO ('Servicios de apoyo a los negocios'). No requiere inferencia económica adicional.",,,Confianza original en Crosswalk Maestro v0.1: ALTA.,v0.1,SCIAN-2018 (base SERIO); estructura verificada contra fixture INEGI SCIAN-2023 — ver README de spatial/warehouse,SERIO-78-2018,,scripts/build_crosswalk_maestro.py
5614,RAMA,"Servicios de apoyo secretarial, fotocopiado, cobranza, investigación crediticia y similares",561,Servicios de apoyo a los negocios,OFFICIAL,VERIFIED,LOW,EXACT,Crosswalk Maestro SCIAN→SERIO v0.1 (autoría Lattise),"Hereda la clasificación de su subsector padre SCIAN 561 ('Servicios de apoyo a los negocios'), asignado al sector SERIO 'Servicios de apoyo a los negocios'. Fundamento del subsector padre: Coincidencia directa y exacta uno a uno: el subsector SCIAN 561 ('Servicios de apoyo a los negocios') es, literalmente, uno de los 78 sectores oficiales del modelo SERIO ('Servicios de apoyo a los negocios'). No requiere inferencia económica adicional.",,,Confianza original en Crosswalk Maestro v0.1: ALTA.,v0.1,SCIAN-2018 (base SERIO); estructura verificada contra fixture INEGI SCIAN-2023 — ver README de spatial/warehouse,SERIO-78-2018,,scripts/build_crosswalk_maestro.py
5615,RAMA,Agencias de viajes y servicios de reservaciones,561,Servicios de apoyo a los negocios,OFFICIAL,VERIFIED,LOW,EXACT,Crosswalk Maestro SCIAN→SERIO v0.1 (autoría Lattise),"Hereda la clasificación de su subsector padre SCIAN 561 ('Servicios de apoyo a los negocios'), asignado al sector SERIO 'Servicios de apoyo a los negocios'. Fundamento del subsector padre: Coincidencia directa y exacta uno a uno: el subsector SCIAN 561 ('Servicios de apoyo a los negocios') es, literalmente, uno de los 78 sectores oficiales del modelo SERIO ('Servicios de apoyo a los negocios'). No requiere inferencia económica adicional.",,,Confianza original en Crosswalk Maestro v0.1: ALTA.,v0.1,SCIAN-2018 (base SERIO); estructura verificada contra fixture INEGI SCIAN-2023 — ver README de spatial/warehouse,SERIO-78-2018,,scripts/build_crosswalk_maestro.py
5616,RAMA,"Servicios de investigación, protección y seguridad",561,Servicios de apoyo a los negocios,OFFICIAL,VERIFIED,LOW,EXACT,Crosswalk Maestro SCIAN→SERIO v0.1 (autoría Lattise),"Hereda la clasificación de su subsector padre SCIAN 561 ('Servicios de apoyo a los negocios'), asignado al sector SERIO 'Servicios de apoyo a los negocios'. Fundamento del subsector padre: Coincidencia directa y exacta uno a uno: el subsector SCIAN 561 ('Servicios de apoyo a los negocios') es, literalmente, uno de los 78 sectores oficiales del modelo SERIO ('Servicios de apoyo a los negocios'). No requiere inferencia económica adicional.",,,Confianza original en Crosswalk Maestro v0.1: ALTA.,v0.1,SCIAN-2018 (base SERIO); estructura verificada contra fixture INEGI SCIAN-2023 — ver README de spatial/warehouse,SERIO-78-2018,,scripts/build_crosswalk_maestro.py
5617,RAMA,Servicios de limpieza,561,Servicios de apoyo a los negocios,OFFICIAL,VERIFIED,LOW,EXACT,Crosswalk Maestro SCIAN→SERIO v0.1 (autoría Lattise),"Hereda la clasificación de su subsector padre SCIAN 561 ('Servicios de apoyo a los negocios'), asignado al sector SERIO 'Servicios de apoyo a los negocios'. Fundamento del subsector padre: Coincidencia directa y exacta uno a uno: el subsector SCIAN 561 ('Servicios de apoyo a los negocios') es, literalmente, uno de los 78 sectores oficiales del modelo SERIO ('Servicios de apoyo a los negocios'). No requiere inferencia económica adicional.",,,Confianza original en Crosswalk Maestro v0.1: ALTA.,v0.1,SCIAN-2018 (base SERIO); estructura verificada contra fixture INEGI SCIAN-2023 — ver README de spatial/warehouse,SERIO-78-2018,,scripts/build_crosswalk_maestro.py
5619,RAMA,Otros servicios de apoyo a los negocios,561,Servicios de apoyo a los negocios,OFFICIAL,VERIFIED,LOW,EXACT,Crosswalk Maestro SCIAN→SERIO v0.1 (autoría Lattise),"Hereda la clasificación de su subsector padre SCIAN 561 ('Servicios de apoyo a los negocios'), asignado al sector SERIO 'Servicios de apoyo a los negocios'. Fundamento del subsector padre: Coincidencia directa y exacta uno a uno: el subsector SCIAN 561 ('Servicios de apoyo a los negocios') es, literalmente, uno de los 78 sectores oficiales del modelo SERIO ('Servicios de apoyo a los negocios'). No requiere inferencia económica adicional.",,,Confianza original en Crosswalk Maestro v0.1: ALTA.,v0.1,SCIAN-2018 (base SERIO); estructura verificada contra fixture INEGI SCIAN-2023 — ver README de spatial/warehouse,SERIO-78-2018,,scripts/build_crosswalk_maestro.py
5621,RAMA,Recolección de residuos,562,Manejo de residuos y servicios de remediación,OFFICIAL,VERIFIED,LOW,EXACT,Crosswalk Maestro SCIAN→SERIO v0.1 (autoría Lattise),"Hereda la clasificación de su subsector padre SCIAN 562 ('Manejo de residuos y servicios de remediación'), asignado al sector SERIO 'Manejo de residuos y servicios de remediación'. Fundamento del subsector padre: Coincidencia directa y exacta uno a uno: el subsector SCIAN 562 ('Manejo de residuos y servicios de remediación') es, literalmente, uno de los 78 sectores oficiales del modelo SERIO ('Manejo de residuos y servicios de remediación'). No requiere inferencia económica adicional.",,,Confianza original en Crosswalk Maestro v0.1: ALTA.,v0.1,SCIAN-2018 (base SERIO); estructura verificada contra fixture INEGI SCIAN-2023 — ver README de spatial/warehouse,SERIO-78-2018,,scripts/build_crosswalk_maestro.py
5622,RAMA,Tratamiento y disposición final de residuos,562,Manejo de residuos y servicios de remediación,OFFICIAL,VERIFIED,LOW,EXACT,Crosswalk Maestro SCIAN→SERIO v0.1 (autoría Lattise),"Hereda la clasificación de su subsector padre SCIAN 562 ('Manejo de residuos y servicios de remediación'), asignado al sector SERIO 'Manejo de residuos y servicios de remediación'. Fundamento del subsector padre: Coincidencia directa y exacta uno a uno: el subsector SCIAN 562 ('Manejo de residuos y servicios de remediación') es, literalmente, uno de los 78 sectores oficiales del modelo SERIO ('Manejo de residuos y servicios de remediación'). No requiere inferencia económica adicional.",,,Confianza original en Crosswalk Maestro v0.1: ALTA.,v0.1,SCIAN-2018 (base SERIO); estructura verificada contra fixture INEGI SCIAN-2023 — ver README de spatial/warehouse,SERIO-78-2018,,scripts/build_crosswalk_maestro.py
5629,RAMA,"Servicios de remediación, recuperación, y otros servicios de manejo de residuos",562,Manejo de residuos y servicios de remediación,OFFICIAL,VERIFIED,LOW,EXACT,Crosswalk Maestro SCIAN→SERIO v0.1 (autoría Lattise),"Hereda la clasificación de su subsector padre SCIAN 562 ('Manejo de residuos y servicios de remediación'), asignado al sector SERIO 'Manejo de residuos y servicios de remediación'. Fundamento del subsector padre: Coincidencia directa y exacta uno a uno: el subsector SCIAN 562 ('Manejo de residuos y servicios de remediación') es, literalmente, uno de los 78 sectores oficiales del modelo SERIO ('Manejo de residuos y servicios de remediación'). No requiere inferencia económica adicional.",,,Confianza original en Crosswalk Maestro v0.1: ALTA.,v0.1,SCIAN-2018 (base SERIO); estructura verificada contra fixture INEGI SCIAN-2023 — ver README de spatial/warehouse,SERIO-78-2018,,scripts/build_crosswalk_maestro.py
6111,RAMA,"Escuelas de educación básica, media y para necesidades especiales",611,Servicios educativos,OFFICIAL,VERIFIED,LOW,EXACT,Crosswalk Maestro SCIAN→SERIO v0.1 (autoría Lattise),"Hereda la clasificación de su subsector padre SCIAN 611 ('Servicios educativos'), asignado al sector SERIO 'Servicios educativos'. Fundamento del subsector padre: Coincidencia directa y exacta uno a uno: el subsector SCIAN 611 ('Servicios educativos') es, literalmente, uno de los 78 sectores oficiales del modelo SERIO ('Servicios educativos'). No requiere inferencia económica adicional.",,,Confianza original en Crosswalk Maestro v0.1: ALTA.,v0.1,SCIAN-2018 (base SERIO); estructura verificada contra fixture INEGI SCIAN-2023 — ver README de spatial/warehouse,SERIO-78-2018,,scripts/build_crosswalk_maestro.py
6112,RAMA,Escuelas de educación técnica superior,611,Servicios educativos,OFFICIAL,VERIFIED,LOW,EXACT,Crosswalk Maestro SCIAN→SERIO v0.1 (autoría Lattise),"Hereda la clasificación de su subsector padre SCIAN 611 ('Servicios educativos'), asignado al sector SERIO 'Servicios educativos'. Fundamento del subsector padre: Coincidencia directa y exacta uno a uno: el subsector SCIAN 611 ('Servicios educativos') es, literalmente, uno de los 78 sectores oficiales del modelo SERIO ('Servicios educativos'). No requiere inferencia económica adicional.",,,Confianza original en Crosswalk Maestro v0.1: ALTA.,v0.1,SCIAN-2018 (base SERIO); estructura verificada contra fixture INEGI SCIAN-2023 — ver README de spatial/warehouse,SERIO-78-2018,,scripts/build_crosswalk_maestro.py
6113,RAMA,Escuelas de educación superior,611,Servicios educativos,OFFICIAL,VERIFIED,LOW,EXACT,Crosswalk Maestro SCIAN→SERIO v0.1 (autoría Lattise),"Hereda la clasificación de su subsector padre SCIAN 611 ('Servicios educativos'), asignado al sector SERIO 'Servicios educativos'. Fundamento del subsector padre: Coincidencia directa y exacta uno a uno: el subsector SCIAN 611 ('Servicios educativos') es, literalmente, uno de los 78 sectores oficiales del modelo SERIO ('Servicios educativos'). No requiere inferencia económica adicional.",,,Confianza original en Crosswalk Maestro v0.1: ALTA.,v0.1,SCIAN-2018 (base SERIO); estructura verificada contra fixture INEGI SCIAN-2023 — ver README de spatial/warehouse,SERIO-78-2018,,scripts/build_crosswalk_maestro.py
6114,RAMA,"Escuelas comerciales, de computación y de capacitación para ejecutivos",611,Servicios educativos,OFFICIAL,VERIFIED,LOW,EXACT,Crosswalk Maestro SCIAN→SERIO v0.1 (autoría Lattise),"Hereda la clasificación de su subsector padre SCIAN 611 ('Servicios educativos'), asignado al sector SERIO 'Servicios educativos'. Fundamento del subsector padre: Coincidencia directa y exacta uno a uno: el subsector SCIAN 611 ('Servicios educativos') es, literalmente, uno de los 78 sectores oficiales del modelo SERIO ('Servicios educativos'). No requiere inferencia económica adicional.",,,Confianza original en Crosswalk Maestro v0.1: ALTA.,v0.1,SCIAN-2018 (base SERIO); estructura verificada contra fixture INEGI SCIAN-2023 — ver README de spatial/warehouse,SERIO-78-2018,,scripts/build_crosswalk_maestro.py
6115,RAMA,Escuelas de oficios,611,Servicios educativos,OFFICIAL,VERIFIED,LOW,EXACT,Crosswalk Maestro SCIAN→SERIO v0.1 (autoría Lattise),"Hereda la clasificación de su subsector padre SCIAN 611 ('Servicios educativos'), asignado al sector SERIO 'Servicios educativos'. Fundamento del subsector padre: Coincidencia directa y exacta uno a uno: el subsector SCIAN 611 ('Servicios educativos') es, literalmente, uno de los 78 sectores oficiales del modelo SERIO ('Servicios educativos'). No requiere inferencia económica adicional.",,,Confianza original en Crosswalk Maestro v0.1: ALTA.,v0.1,SCIAN-2018 (base SERIO); estructura verificada contra fixture INEGI SCIAN-2023 — ver README de spatial/warehouse,SERIO-78-2018,,scripts/build_crosswalk_maestro.py
6116,RAMA,Otros servicios educativos,611,Servicios educativos,OFFICIAL,VERIFIED,LOW,EXACT,Crosswalk Maestro SCIAN→SERIO v0.1 (autoría Lattise),"Hereda la clasificación de su subsector padre SCIAN 611 ('Servicios educativos'), asignado al sector SERIO 'Servicios educativos'. Fundamento del subsector padre: Coincidencia directa y exacta uno a uno: el subsector SCIAN 611 ('Servicios educativos') es, literalmente, uno de los 78 sectores oficiales del modelo SERIO ('Servicios educativos'). No requiere inferencia económica adicional.",,,Confianza original en Crosswalk Maestro v0.1: ALTA.,v0.1,SCIAN-2018 (base SERIO); estructura verificada contra fixture INEGI SCIAN-2023 — ver README de spatial/warehouse,SERIO-78-2018,,scripts/build_crosswalk_maestro.py
6117,RAMA,Servicios de apoyo a la educación,611,Servicios educativos,OFFICIAL,VERIFIED,LOW,EXACT,Crosswalk Maestro SCIAN→SERIO v0.1 (autoría Lattise),"Hereda la clasificación de su subsector padre SCIAN 611 ('Servicios educativos'), asignado al sector SERIO 'Servicios educativos'. Fundamento del subsector padre: Coincidencia directa y exacta uno a uno: el subsector SCIAN 611 ('Servicios educativos') es, literalmente, uno de los 78 sectores oficiales del modelo SERIO ('Servicios educativos'). No requiere inferencia económica adicional.",,,Confianza original en Crosswalk Maestro v0.1: ALTA.,v0.1,SCIAN-2018 (base SERIO); estructura verificada contra fixture INEGI SCIAN-2023 — ver README de spatial/warehouse,SERIO-78-2018,,scripts/build_crosswalk_maestro.py
6211,RAMA,Consultorios médicos,621,Servicios médicos de consulta externa y servicios relacionados,OFFICIAL,VERIFIED,LOW,EXACT,Crosswalk Maestro SCIAN→SERIO v0.1 (autoría Lattise),"Hereda la clasificación de su subsector padre SCIAN 621 ('Servicios médicos de consulta externa y servicios relacionados'), asignado al sector SERIO 'Servicios médicos de consulta externa y servicios relacionados'. Fundamento del subsector padre: Coincidencia directa y exacta uno a uno: el subsector SCIAN 621 ('Servicios médicos de consulta externa y servicios relacionados') es, literalmente, uno de los 78 sectores oficiales del modelo SERIO ('Servicios médicos de consulta externa y servicios relacionados'). No requiere inferencia económica adicional.",,,Confianza original en Crosswalk Maestro v0.1: ALTA.,v0.1,SCIAN-2018 (base SERIO); estructura verificada contra fixture INEGI SCIAN-2023 — ver README de spatial/warehouse,SERIO-78-2018,,scripts/build_crosswalk_maestro.py
6212,RAMA,Consultorios dentales,621,Servicios médicos de consulta externa y servicios relacionados,OFFICIAL,VERIFIED,LOW,EXACT,Crosswalk Maestro SCIAN→SERIO v0.1 (autoría Lattise),"Hereda la clasificación de su subsector padre SCIAN 621 ('Servicios médicos de consulta externa y servicios relacionados'), asignado al sector SERIO 'Servicios médicos de consulta externa y servicios relacionados'. Fundamento del subsector padre: Coincidencia directa y exacta uno a uno: el subsector SCIAN 621 ('Servicios médicos de consulta externa y servicios relacionados') es, literalmente, uno de los 78 sectores oficiales del modelo SERIO ('Servicios médicos de consulta externa y servicios relacionados'). No requiere inferencia económica adicional.",,,Confianza original en Crosswalk Maestro v0.1: ALTA.,v0.1,SCIAN-2018 (base SERIO); estructura verificada contra fixture INEGI SCIAN-2023 — ver README de spatial/warehouse,SERIO-78-2018,,scripts/build_crosswalk_maestro.py
6213,RAMA,Otros consultorios para el cuidado de la salud,621,Servicios médicos de consulta externa y servicios relacionados,OFFICIAL,VERIFIED,LOW,EXACT,Crosswalk Maestro SCIAN→SERIO v0.1 (autoría Lattise),"Hereda la clasificación de su subsector padre SCIAN 621 ('Servicios médicos de consulta externa y servicios relacionados'), asignado al sector SERIO 'Servicios médicos de consulta externa y servicios relacionados'. Fundamento del subsector padre: Coincidencia directa y exacta uno a uno: el subsector SCIAN 621 ('Servicios médicos de consulta externa y servicios relacionados') es, literalmente, uno de los 78 sectores oficiales del modelo SERIO ('Servicios médicos de consulta externa y servicios relacionados'). No requiere inferencia económica adicional.",,,Confianza original en Crosswalk Maestro v0.1: ALTA.,v0.1,SCIAN-2018 (base SERIO); estructura verificada contra fixture INEGI SCIAN-2023 — ver README de spatial/warehouse,SERIO-78-2018,,scripts/build_crosswalk_maestro.py
6214,RAMA,Centros para la atención de pacientes que no requieren hospitalización,621,Servicios médicos de consulta externa y servicios relacionados,OFFICIAL,VERIFIED,LOW,EXACT,Crosswalk Maestro SCIAN→SERIO v0.1 (autoría Lattise),"Hereda la clasificación de su subsector padre SCIAN 621 ('Servicios médicos de consulta externa y servicios relacionados'), asignado al sector SERIO 'Servicios médicos de consulta externa y servicios relacionados'. Fundamento del subsector padre: Coincidencia directa y exacta uno a uno: el subsector SCIAN 621 ('Servicios médicos de consulta externa y servicios relacionados') es, literalmente, uno de los 78 sectores oficiales del modelo SERIO ('Servicios médicos de consulta externa y servicios relacionados'). No requiere inferencia económica adicional.",,,Confianza original en Crosswalk Maestro v0.1: ALTA.,v0.1,SCIAN-2018 (base SERIO); estructura verificada contra fixture INEGI SCIAN-2023 — ver README de spatial/warehouse,SERIO-78-2018,,scripts/build_crosswalk_maestro.py
6215,RAMA,Laboratorios médicos y de diagnóstico,621,Servicios médicos de consulta externa y servicios relacionados,OFFICIAL,VERIFIED,LOW,EXACT,Crosswalk Maestro SCIAN→SERIO v0.1 (autoría Lattise),"Hereda la clasificación de su subsector padre SCIAN 621 ('Servicios médicos de consulta externa y servicios relacionados'), asignado al sector SERIO 'Servicios médicos de consulta externa y servicios relacionados'. Fundamento del subsector padre: Coincidencia directa y exacta uno a uno: el subsector SCIAN 621 ('Servicios médicos de consulta externa y servicios relacionados') es, literalmente, uno de los 78 sectores oficiales del modelo SERIO ('Servicios médicos de consulta externa y servicios relacionados'). No requiere inferencia económica adicional.",,,Confianza original en Crosswalk Maestro v0.1: ALTA.,v0.1,SCIAN-2018 (base SERIO); estructura verificada contra fixture INEGI SCIAN-2023 — ver README de spatial/warehouse,SERIO-78-2018,,scripts/build_crosswalk_maestro.py
6216,RAMA,Servicios de enfermería a domicilio,621,Servicios médicos de consulta externa y servicios relacionados,OFFICIAL,VERIFIED,LOW,EXACT,Crosswalk Maestro SCIAN→SERIO v0.1 (autoría Lattise),"Hereda la clasificación de su subsector padre SCIAN 621 ('Servicios médicos de consulta externa y servicios relacionados'), asignado al sector SERIO 'Servicios médicos de consulta externa y servicios relacionados'. Fundamento del subsector padre: Coincidencia directa y exacta uno a uno: el subsector SCIAN 621 ('Servicios médicos de consulta externa y servicios relacionados') es, literalmente, uno de los 78 sectores oficiales del modelo SERIO ('Servicios médicos de consulta externa y servicios relacionados'). No requiere inferencia económica adicional.",,,Confianza original en Crosswalk Maestro v0.1: ALTA.,v0.1,SCIAN-2018 (base SERIO); estructura verificada contra fixture INEGI SCIAN-2023 — ver README de spatial/warehouse,SERIO-78-2018,,scripts/build_crosswalk_maestro.py
6219,RAMA,"Servicios de ambulancias, de bancos de órganos y otros servicios auxiliares al tratamiento médico",621,Servicios médicos de consulta externa y servicios relacionados,OFFICIAL,VERIFIED,LOW,EXACT,Crosswalk Maestro SCIAN→SERIO v0.1 (autoría Lattise),"Hereda la clasificación de su subsector padre SCIAN 621 ('Servicios médicos de consulta externa y servicios relacionados'), asignado al sector SERIO 'Servicios médicos de consulta externa y servicios relacionados'. Fundamento del subsector padre: Coincidencia directa y exacta uno a uno: el subsector SCIAN 621 ('Servicios médicos de consulta externa y servicios relacionados') es, literalmente, uno de los 78 sectores oficiales del modelo SERIO ('Servicios médicos de consulta externa y servicios relacionados'). No requiere inferencia económica adicional.",,,Confianza original en Crosswalk Maestro v0.1: ALTA.,v0.1,SCIAN-2018 (base SERIO); estructura verificada contra fixture INEGI SCIAN-2023 — ver README de spatial/warehouse,SERIO-78-2018,,scripts/build_crosswalk_maestro.py
6221,RAMA,Hospitales generales,622,Hospitales,OFFICIAL,VERIFIED,LOW,EXACT,Crosswalk Maestro SCIAN→SERIO v0.1 (autoría Lattise),"Hereda la clasificación de su subsector padre SCIAN 622 ('Hospitales'), asignado al sector SERIO 'Hospitales'. Fundamento del subsector padre: Coincidencia directa y exacta uno a uno: el subsector SCIAN 622 ('Hospitales') es, literalmente, uno de los 78 sectores oficiales del modelo SERIO ('Hospitales'). No requiere inferencia económica adicional.",,,Confianza original en Crosswalk Maestro v0.1: ALTA.,v0.1,SCIAN-2018 (base SERIO); estructura verificada contra fixture INEGI SCIAN-2023 — ver README de spatial/warehouse,SERIO-78-2018,,scripts/build_crosswalk_maestro.py
6222,RAMA,Hospitales psiquiátricos y para el tratamiento por adicción,622,Hospitales,OFFICIAL,VERIFIED,LOW,EXACT,Crosswalk Maestro SCIAN→SERIO v0.1 (autoría Lattise),"Hereda la clasificación de su subsector padre SCIAN 622 ('Hospitales'), asignado al sector SERIO 'Hospitales'. Fundamento del subsector padre: Coincidencia directa y exacta uno a uno: el subsector SCIAN 622 ('Hospitales') es, literalmente, uno de los 78 sectores oficiales del modelo SERIO ('Hospitales'). No requiere inferencia económica adicional.",,,Confianza original en Crosswalk Maestro v0.1: ALTA.,v0.1,SCIAN-2018 (base SERIO); estructura verificada contra fixture INEGI SCIAN-2023 — ver README de spatial/warehouse,SERIO-78-2018,,scripts/build_crosswalk_maestro.py
6223,RAMA,Hospitales de otras especialidades médicas,622,Hospitales,OFFICIAL,VERIFIED,LOW,EXACT,Crosswalk Maestro SCIAN→SERIO v0.1 (autoría Lattise),"Hereda la clasificación de su subsector padre SCIAN 622 ('Hospitales'), asignado al sector SERIO 'Hospitales'. Fundamento del subsector padre: Coincidencia directa y exacta uno a uno: el subsector SCIAN 622 ('Hospitales') es, literalmente, uno de los 78 sectores oficiales del modelo SERIO ('Hospitales'). No requiere inferencia económica adicional.",,,Confianza original en Crosswalk Maestro v0.1: ALTA.,v0.1,SCIAN-2018 (base SERIO); estructura verificada contra fixture INEGI SCIAN-2023 — ver README de spatial/warehouse,SERIO-78-2018,,scripts/build_crosswalk_maestro.py
6231,RAMA,"Residencias con cuidados de enfermeras para enfermos convalecientes, en rehabilitación, incurables y terminales",623,Residencias de asistencia social y para el cuidado de la salud,OFFICIAL,VERIFIED,LOW,EXACT,Crosswalk Maestro SCIAN→SERIO v0.1 (autoría Lattise),"Hereda la clasificación de su subsector padre SCIAN 623 ('Residencias de asistencia social y para el cuidado de la salud'), asignado al sector SERIO 'Residencias de asistencia social y para el cuidado de la salud'. Fundamento del subsector padre: Coincidencia directa y exacta uno a uno: el subsector SCIAN 623 ('Residencias de asistencia social y para el cuidado de la salud') es, literalmente, uno de los 78 sectores oficiales del modelo SERIO ('Residencias de asistencia social y para el cuidado de la salud'). No requiere inferencia económica adicional.",,,Confianza original en Crosswalk Maestro v0.1: ALTA.,v0.1,SCIAN-2018 (base SERIO); estructura verificada contra fixture INEGI SCIAN-2023 — ver README de spatial/warehouse,SERIO-78-2018,,scripts/build_crosswalk_maestro.py
6232,RAMA,"Residencias para el cuidado de personas con problemas de retardo mental, trastorno mental y adicciones",623,Residencias de asistencia social y para el cuidado de la salud,OFFICIAL,VERIFIED,LOW,EXACT,Crosswalk Maestro SCIAN→SERIO v0.1 (autoría Lattise),"Hereda la clasificación de su subsector padre SCIAN 623 ('Residencias de asistencia social y para el cuidado de la salud'), asignado al sector SERIO 'Residencias de asistencia social y para el cuidado de la salud'. Fundamento del subsector padre: Coincidencia directa y exacta uno a uno: el subsector SCIAN 623 ('Residencias de asistencia social y para el cuidado de la salud') es, literalmente, uno de los 78 sectores oficiales del modelo SERIO ('Residencias de asistencia social y para el cuidado de la salud'). No requiere inferencia económica adicional.",,,Confianza original en Crosswalk Maestro v0.1: ALTA.,v0.1,SCIAN-2018 (base SERIO); estructura verificada contra fixture INEGI SCIAN-2023 — ver README de spatial/warehouse,SERIO-78-2018,,scripts/build_crosswalk_maestro.py
6233,RAMA,Asilos y otras residencias para el cuidado de ancianos,623,Residencias de asistencia social y para el cuidado de la salud,OFFICIAL,VERIFIED,LOW,EXACT,Crosswalk Maestro SCIAN→SERIO v0.1 (autoría Lattise),"Hereda la clasificación de su subsector padre SCIAN 623 ('Residencias de asistencia social y para el cuidado de la salud'), asignado al sector SERIO 'Residencias de asistencia social y para el cuidado de la salud'. Fundamento del subsector padre: Coincidencia directa y exacta uno a uno: el subsector SCIAN 623 ('Residencias de asistencia social y para el cuidado de la salud') es, literalmente, uno de los 78 sectores oficiales del modelo SERIO ('Residencias de asistencia social y para el cuidado de la salud'). No requiere inferencia económica adicional.",,,Confianza original en Crosswalk Maestro v0.1: ALTA.,v0.1,SCIAN-2018 (base SERIO); estructura verificada contra fixture INEGI SCIAN-2023 — ver README de spatial/warehouse,SERIO-78-2018,,scripts/build_crosswalk_maestro.py
6239,RAMA,Orfanatos y otras residencias de asistencia social,623,Residencias de asistencia social y para el cuidado de la salud,OFFICIAL,VERIFIED,LOW,EXACT,Crosswalk Maestro SCIAN→SERIO v0.1 (autoría Lattise),"Hereda la clasificación de su subsector padre SCIAN 623 ('Residencias de asistencia social y para el cuidado de la salud'), asignado al sector SERIO 'Residencias de asistencia social y para el cuidado de la salud'. Fundamento del subsector padre: Coincidencia directa y exacta uno a uno: el subsector SCIAN 623 ('Residencias de asistencia social y para el cuidado de la salud') es, literalmente, uno de los 78 sectores oficiales del modelo SERIO ('Residencias de asistencia social y para el cuidado de la salud'). No requiere inferencia económica adicional.",,,Confianza original en Crosswalk Maestro v0.1: ALTA.,v0.1,SCIAN-2018 (base SERIO); estructura verificada contra fixture INEGI SCIAN-2023 — ver README de spatial/warehouse,SERIO-78-2018,,scripts/build_crosswalk_maestro.py
6241,RAMA,Servicios de orientación y trabajo social,624,Otros servicios de asistencia social,OFFICIAL,VERIFIED,LOW,EXACT,Crosswalk Maestro SCIAN→SERIO v0.1 (autoría Lattise),"Hereda la clasificación de su subsector padre SCIAN 624 ('Otros servicios de asistencia social'), asignado al sector SERIO 'Otros servicios de asistencia social'. Fundamento del subsector padre: Coincidencia directa y exacta uno a uno: el subsector SCIAN 624 ('Otros servicios de asistencia social') es, literalmente, uno de los 78 sectores oficiales del modelo SERIO ('Otros servicios de asistencia social'). No requiere inferencia económica adicional.",,,Confianza original en Crosswalk Maestro v0.1: ALTA.,v0.1,SCIAN-2018 (base SERIO); estructura verificada contra fixture INEGI SCIAN-2023 — ver README de spatial/warehouse,SERIO-78-2018,,scripts/build_crosswalk_maestro.py
6242,RAMA,"Servicios comunitarios de alimentación, refugio y emergencia",624,Otros servicios de asistencia social,OFFICIAL,VERIFIED,LOW,EXACT,Crosswalk Maestro SCIAN→SERIO v0.1 (autoría Lattise),"Hereda la clasificación de su subsector padre SCIAN 624 ('Otros servicios de asistencia social'), asignado al sector SERIO 'Otros servicios de asistencia social'. Fundamento del subsector padre: Coincidencia directa y exacta uno a uno: el subsector SCIAN 624 ('Otros servicios de asistencia social') es, literalmente, uno de los 78 sectores oficiales del modelo SERIO ('Otros servicios de asistencia social'). No requiere inferencia económica adicional.",,,Confianza original en Crosswalk Maestro v0.1: ALTA.,v0.1,SCIAN-2018 (base SERIO); estructura verificada contra fixture INEGI SCIAN-2023 — ver README de spatial/warehouse,SERIO-78-2018,,scripts/build_crosswalk_maestro.py
6243,RAMA,"Servicios de capacitación para el trabajo para personas desempleadas, subempleadas o con discapacidad",624,Otros servicios de asistencia social,OFFICIAL,VERIFIED,LOW,EXACT,Crosswalk Maestro SCIAN→SERIO v0.1 (autoría Lattise),"Hereda la clasificación de su subsector padre SCIAN 624 ('Otros servicios de asistencia social'), asignado al sector SERIO 'Otros servicios de asistencia social'. Fundamento del subsector padre: Coincidencia directa y exacta uno a uno: el subsector SCIAN 624 ('Otros servicios de asistencia social') es, literalmente, uno de los 78 sectores oficiales del modelo SERIO ('Otros servicios de asistencia social'). No requiere inferencia económica adicional.",,,Confianza original en Crosswalk Maestro v0.1: ALTA.,v0.1,SCIAN-2018 (base SERIO); estructura verificada contra fixture INEGI SCIAN-2023 — ver README de spatial/warehouse,SERIO-78-2018,,scripts/build_crosswalk_maestro.py
6244,RAMA,Guarderías,624,Otros servicios de asistencia social,OFFICIAL,VERIFIED,LOW,EXACT,Crosswalk Maestro SCIAN→SERIO v0.1 (autoría Lattise),"Hereda la clasificación de su subsector padre SCIAN 624 ('Otros servicios de asistencia social'), asignado al sector SERIO 'Otros servicios de asistencia social'. Fundamento del subsector padre: Coincidencia directa y exacta uno a uno: el subsector SCIAN 624 ('Otros servicios de asistencia social') es, literalmente, uno de los 78 sectores oficiales del modelo SERIO ('Otros servicios de asistencia social'). No requiere inferencia económica adicional.",,,Confianza original en Crosswalk Maestro v0.1: ALTA.,v0.1,SCIAN-2018 (base SERIO); estructura verificada contra fixture INEGI SCIAN-2023 — ver README de spatial/warehouse,SERIO-78-2018,,scripts/build_crosswalk_maestro.py
7111,RAMA,Compañías y grupos de espectáculos artísticos y culturales,711,"Servicios artísticos, culturales y deportivos, y otros servicios relacionados",OFFICIAL,VERIFIED,LOW,EXACT,Crosswalk Maestro SCIAN→SERIO v0.1 (autoría Lattise),"Hereda la clasificación de su subsector padre SCIAN 711 ('Servicios artísticos, culturales y deportivos, y otros servicios relacionados'), asignado al sector SERIO 'Servicios artísticos, culturales y deportivos, y otros servicios relacionados'. Fundamento del subsector padre: Coincidencia directa y exacta uno a uno: el subsector SCIAN 711 ('Servicios artísticos, culturales y deportivos, y otros servicios relacionados') es, literalmente, uno de los 78 sectores oficiales del modelo SERIO ('Servicios artísticos, culturales y deportivos, y otros servicios relacionados'). No requiere inferencia económica adicional.",,,Confianza original en Crosswalk Maestro v0.1: ALTA.,v0.1,SCIAN-2018 (base SERIO); estructura verificada contra fixture INEGI SCIAN-2023 — ver README de spatial/warehouse,SERIO-78-2018,,scripts/build_crosswalk_maestro.py
7112,RAMA,Deportistas y equipos deportivos profesionales,711,"Servicios artísticos, culturales y deportivos, y otros servicios relacionados",OFFICIAL,VERIFIED,LOW,EXACT,Crosswalk Maestro SCIAN→SERIO v0.1 (autoría Lattise),"Hereda la clasificación de su subsector padre SCIAN 711 ('Servicios artísticos, culturales y deportivos, y otros servicios relacionados'), asignado al sector SERIO 'Servicios artísticos, culturales y deportivos, y otros servicios relacionados'. Fundamento del subsector padre: Coincidencia directa y exacta uno a uno: el subsector SCIAN 711 ('Servicios artísticos, culturales y deportivos, y otros servicios relacionados') es, literalmente, uno de los 78 sectores oficiales del modelo SERIO ('Servicios artísticos, culturales y deportivos, y otros servicios relacionados'). No requiere inferencia económica adicional.",,,Confianza original en Crosswalk Maestro v0.1: ALTA.,v0.1,SCIAN-2018 (base SERIO); estructura verificada contra fixture INEGI SCIAN-2023 — ver README de spatial/warehouse,SERIO-78-2018,,scripts/build_crosswalk_maestro.py
7113,RAMA,"Promotores de espectáculos artísticos, culturales, deportivos y similares",711,"Servicios artísticos, culturales y deportivos, y otros servicios relacionados",OFFICIAL,VERIFIED,LOW,EXACT,Crosswalk Maestro SCIAN→SERIO v0.1 (autoría Lattise),"Hereda la clasificación de su subsector padre SCIAN 711 ('Servicios artísticos, culturales y deportivos, y otros servicios relacionados'), asignado al sector SERIO 'Servicios artísticos, culturales y deportivos, y otros servicios relacionados'. Fundamento del subsector padre: Coincidencia directa y exacta uno a uno: el subsector SCIAN 711 ('Servicios artísticos, culturales y deportivos, y otros servicios relacionados') es, literalmente, uno de los 78 sectores oficiales del modelo SERIO ('Servicios artísticos, culturales y deportivos, y otros servicios relacionados'). No requiere inferencia económica adicional.",,,Confianza original en Crosswalk Maestro v0.1: ALTA.,v0.1,SCIAN-2018 (base SERIO); estructura verificada contra fixture INEGI SCIAN-2023 — ver README de spatial/warehouse,SERIO-78-2018,,scripts/build_crosswalk_maestro.py
7114,RAMA,"Agentes y representantes de artistas, deportistas y similares",711,"Servicios artísticos, culturales y deportivos, y otros servicios relacionados",OFFICIAL,VERIFIED,LOW,EXACT,Crosswalk Maestro SCIAN→SERIO v0.1 (autoría Lattise),"Hereda la clasificación de su subsector padre SCIAN 711 ('Servicios artísticos, culturales y deportivos, y otros servicios relacionados'), asignado al sector SERIO 'Servicios artísticos, culturales y deportivos, y otros servicios relacionados'. Fundamento del subsector padre: Coincidencia directa y exacta uno a uno: el subsector SCIAN 711 ('Servicios artísticos, culturales y deportivos, y otros servicios relacionados') es, literalmente, uno de los 78 sectores oficiales del modelo SERIO ('Servicios artísticos, culturales y deportivos, y otros servicios relacionados'). No requiere inferencia económica adicional.",,,Confianza original en Crosswalk Maestro v0.1: ALTA.,v0.1,SCIAN-2018 (base SERIO); estructura verificada contra fixture INEGI SCIAN-2023 — ver README de spatial/warehouse,SERIO-78-2018,,scripts/build_crosswalk_maestro.py
7115,RAMA,"Artistas, escritores y técnicos independientes",711,"Servicios artísticos, culturales y deportivos, y otros servicios relacionados",OFFICIAL,VERIFIED,LOW,EXACT,Crosswalk Maestro SCIAN→SERIO v0.1 (autoría Lattise),"Hereda la clasificación de su subsector padre SCIAN 711 ('Servicios artísticos, culturales y deportivos, y otros servicios relacionados'), asignado al sector SERIO 'Servicios artísticos, culturales y deportivos, y otros servicios relacionados'. Fundamento del subsector padre: Coincidencia directa y exacta uno a uno: el subsector SCIAN 711 ('Servicios artísticos, culturales y deportivos, y otros servicios relacionados') es, literalmente, uno de los 78 sectores oficiales del modelo SERIO ('Servicios artísticos, culturales y deportivos, y otros servicios relacionados'). No requiere inferencia económica adicional.",,,Confianza original en Crosswalk Maestro v0.1: ALTA.,v0.1,SCIAN-2018 (base SERIO); estructura verificada contra fixture INEGI SCIAN-2023 — ver README de spatial/warehouse,SERIO-78-2018,,scripts/build_crosswalk_maestro.py
7121,RAMA,"Museos, sitios históricos, zoológicos y similares",712,"Museos, sitios históricos, zoológicos y similares",OFFICIAL,VERIFIED,LOW,EXACT,Crosswalk Maestro SCIAN→SERIO v0.1 (autoría Lattise),"Hereda la clasificación de su subsector padre SCIAN 712 ('Museos, sitios históricos, zoológicos y similares'), asignado al sector SERIO 'Museos, sitios históricos, zoológicos y similares'. Fundamento del subsector padre: Coincidencia directa y exacta uno a uno: el subsector SCIAN 712 ('Museos, sitios históricos, zoológicos y similares') es, literalmente, uno de los 78 sectores oficiales del modelo SERIO ('Museos, sitios históricos, zoológicos y similares'). No requiere inferencia económica adicional.",,,Confianza original en Crosswalk Maestro v0.1: ALTA.,v0.1,SCIAN-2018 (base SERIO); estructura verificada contra fixture INEGI SCIAN-2023 — ver README de spatial/warehouse,SERIO-78-2018,,scripts/build_crosswalk_maestro.py
7131,RAMA,Parques con instalaciones recreativas y casas de juegos electrónicos,713,Servicios de entretenimiento en instalaciones recreativas y otros servicios recreativos,OFFICIAL,VERIFIED,LOW,EXACT,Crosswalk Maestro SCIAN→SERIO v0.1 (autoría Lattise),"Hereda la clasificación de su subsector padre SCIAN 713 ('Servicios de entretenimiento en instalaciones recreativas y otros servicios recreativos'), asignado al sector SERIO 'Servicios de entretenimiento en instalaciones recreativas y otros servicios recreativos'. Fundamento del subsector padre: Coincidencia directa y exacta uno a uno: el subsector SCIAN 713 ('Servicios de entretenimiento en instalaciones recreativas y otros servicios recreativos') es, literalmente, uno de los 78 sectores oficiales del modelo SERIO ('Servicios de entretenimiento en instalaciones recreativas y otros servicios recreativos'). No requiere inferencia económica adicional.",,,Confianza original en Crosswalk Maestro v0.1: ALTA.,v0.1,SCIAN-2018 (base SERIO); estructura verificada contra fixture INEGI SCIAN-2023 — ver README de spatial/warehouse,SERIO-78-2018,,scripts/build_crosswalk_maestro.py
7132,RAMA,"Casinos, loterías y otros juegos de azar",713,Servicios de entretenimiento en instalaciones recreativas y otros servicios recreativos,OFFICIAL,VERIFIED,LOW,EXACT,Crosswalk Maestro SCIAN→SERIO v0.1 (autoría Lattise),"Hereda la clasificación de su subsector padre SCIAN 713 ('Servicios de entretenimiento en instalaciones recreativas y otros servicios recreativos'), asignado al sector SERIO 'Servicios de entretenimiento en instalaciones recreativas y otros servicios recreativos'. Fundamento del subsector padre: Coincidencia directa y exacta uno a uno: el subsector SCIAN 713 ('Servicios de entretenimiento en instalaciones recreativas y otros servicios recreativos') es, literalmente, uno de los 78 sectores oficiales del modelo SERIO ('Servicios de entretenimiento en instalaciones recreativas y otros servicios recreativos'). No requiere inferencia económica adicional.",,,Confianza original en Crosswalk Maestro v0.1: ALTA.,v0.1,SCIAN-2018 (base SERIO); estructura verificada contra fixture INEGI SCIAN-2023 — ver README de spatial/warehouse,SERIO-78-2018,,scripts/build_crosswalk_maestro.py
7139,RAMA,Otros servicios recreativos,713,Servicios de entretenimiento en instalaciones recreativas y otros servicios recreativos,OFFICIAL,VERIFIED,LOW,EXACT,Crosswalk Maestro SCIAN→SERIO v0.1 (autoría Lattise),"Hereda la clasificación de su subsector padre SCIAN 713 ('Servicios de entretenimiento en instalaciones recreativas y otros servicios recreativos'), asignado al sector SERIO 'Servicios de entretenimiento en instalaciones recreativas y otros servicios recreativos'. Fundamento del subsector padre: Coincidencia directa y exacta uno a uno: el subsector SCIAN 713 ('Servicios de entretenimiento en instalaciones recreativas y otros servicios recreativos') es, literalmente, uno de los 78 sectores oficiales del modelo SERIO ('Servicios de entretenimiento en instalaciones recreativas y otros servicios recreativos'). No requiere inferencia económica adicional.",,,Confianza original en Crosswalk Maestro v0.1: ALTA.,v0.1,SCIAN-2018 (base SERIO); estructura verificada contra fixture INEGI SCIAN-2023 — ver README de spatial/warehouse,SERIO-78-2018,,scripts/build_crosswalk_maestro.py
7211,RAMA,"Hoteles, moteles y similares",721,Servicios de alojamiento temporal,OFFICIAL,VERIFIED,LOW,EXACT,Crosswalk Maestro SCIAN→SERIO v0.1 (autoría Lattise),"Hereda la clasificación de su subsector padre SCIAN 721 ('Servicios de alojamiento temporal'), asignado al sector SERIO 'Servicios de alojamiento temporal'. Fundamento del subsector padre: Coincidencia directa y exacta uno a uno: el subsector SCIAN 721 ('Servicios de alojamiento temporal') es, literalmente, uno de los 78 sectores oficiales del modelo SERIO ('Servicios de alojamiento temporal'). No requiere inferencia económica adicional.",,,Confianza original en Crosswalk Maestro v0.1: ALTA.,v0.1,SCIAN-2018 (base SERIO); estructura verificada contra fixture INEGI SCIAN-2023 — ver README de spatial/warehouse,SERIO-78-2018,,scripts/build_crosswalk_maestro.py
7212,RAMA,Campamentos y albergues recreativos,721,Servicios de alojamiento temporal,OFFICIAL,VERIFIED,LOW,EXACT,Crosswalk Maestro SCIAN→SERIO v0.1 (autoría Lattise),"Hereda la clasificación de su subsector padre SCIAN 721 ('Servicios de alojamiento temporal'), asignado al sector SERIO 'Servicios de alojamiento temporal'. Fundamento del subsector padre: Coincidencia directa y exacta uno a uno: el subsector SCIAN 721 ('Servicios de alojamiento temporal') es, literalmente, uno de los 78 sectores oficiales del modelo SERIO ('Servicios de alojamiento temporal'). No requiere inferencia económica adicional.",,,Confianza original en Crosswalk Maestro v0.1: ALTA.,v0.1,SCIAN-2018 (base SERIO); estructura verificada contra fixture INEGI SCIAN-2023 — ver README de spatial/warehouse,SERIO-78-2018,,scripts/build_crosswalk_maestro.py
7213,RAMA,"Pensiones y casas de huéspedes, y departamentos y casas amueblados con servicios de hotelería",721,Servicios de alojamiento temporal,OFFICIAL,VERIFIED,LOW,EXACT,Crosswalk Maestro SCIAN→SERIO v0.1 (autoría Lattise),"Hereda la clasificación de su subsector padre SCIAN 721 ('Servicios de alojamiento temporal'), asignado al sector SERIO 'Servicios de alojamiento temporal'. Fundamento del subsector padre: Coincidencia directa y exacta uno a uno: el subsector SCIAN 721 ('Servicios de alojamiento temporal') es, literalmente, uno de los 78 sectores oficiales del modelo SERIO ('Servicios de alojamiento temporal'). No requiere inferencia económica adicional.",,,Confianza original en Crosswalk Maestro v0.1: ALTA.,v0.1,SCIAN-2018 (base SERIO); estructura verificada contra fixture INEGI SCIAN-2023 — ver README de spatial/warehouse,SERIO-78-2018,,scripts/build_crosswalk_maestro.py
7223,RAMA,Servicios de preparación de alimentos por encargo,722,Servicios de preparación de alimentos y bebidas,OFFICIAL,VERIFIED,LOW,EXACT,Crosswalk Maestro SCIAN→SERIO v0.1 (autoría Lattise),"Hereda la clasificación de su subsector padre SCIAN 722 ('Servicios de preparación de alimentos y bebidas'), asignado al sector SERIO 'Servicios de preparación de alimentos y bebidas'. Fundamento del subsector padre: Coincidencia directa y exacta uno a uno: el subsector SCIAN 722 ('Servicios de preparación de alimentos y bebidas') es, literalmente, uno de los 78 sectores oficiales del modelo SERIO ('Servicios de preparación de alimentos y bebidas'). No requiere inferencia económica adicional.",,,Confianza original en Crosswalk Maestro v0.1: ALTA.,v0.1,SCIAN-2018 (base SERIO); estructura verificada contra fixture INEGI SCIAN-2023 — ver README de spatial/warehouse,SERIO-78-2018,,scripts/build_crosswalk_maestro.py
7224,RAMA,"Centros nocturnos, bares, cantinas y similares",722,Servicios de preparación de alimentos y bebidas,OFFICIAL,VERIFIED,LOW,EXACT,Crosswalk Maestro SCIAN→SERIO v0.1 (autoría Lattise),"Hereda la clasificación de su subsector padre SCIAN 722 ('Servicios de preparación de alimentos y bebidas'), asignado al sector SERIO 'Servicios de preparación de alimentos y bebidas'. Fundamento del subsector padre: Coincidencia directa y exacta uno a uno: el subsector SCIAN 722 ('Servicios de preparación de alimentos y bebidas') es, literalmente, uno de los 78 sectores oficiales del modelo SERIO ('Servicios de preparación de alimentos y bebidas'). No requiere inferencia económica adicional.",,,Confianza original en Crosswalk Maestro v0.1: ALTA.,v0.1,SCIAN-2018 (base SERIO); estructura verificada contra fixture INEGI SCIAN-2023 — ver README de spatial/warehouse,SERIO-78-2018,,scripts/build_crosswalk_maestro.py
7225,RAMA,Servicios de preparación de alimentos y bebidas alcohólicas y no alcohólicas,722,Servicios de preparación de alimentos y bebidas,OFFICIAL,VERIFIED,LOW,EXACT,Crosswalk Maestro SCIAN→SERIO v0.1 (autoría Lattise),"Hereda la clasificación de su subsector padre SCIAN 722 ('Servicios de preparación de alimentos y bebidas'), asignado al sector SERIO 'Servicios de preparación de alimentos y bebidas'. Fundamento del subsector padre: Coincidencia directa y exacta uno a uno: el subsector SCIAN 722 ('Servicios de preparación de alimentos y bebidas') es, literalmente, uno de los 78 sectores oficiales del modelo SERIO ('Servicios de preparación de alimentos y bebidas'). No requiere inferencia económica adicional.",,,Confianza original en Crosswalk Maestro v0.1: ALTA.,v0.1,SCIAN-2018 (base SERIO); estructura verificada contra fixture INEGI SCIAN-2023 — ver README de spatial/warehouse,SERIO-78-2018,,scripts/build_crosswalk_maestro.py
8111,RAMA,Reparación y mantenimiento de automóviles y camiones,811,Servicios de reparación y mantenimiento,OFFICIAL,VERIFIED,LOW,EXACT,Crosswalk Maestro SCIAN→SERIO v0.1 (autoría Lattise),"Hereda la clasificación de su subsector padre SCIAN 811 ('Servicios de reparación y mantenimiento'), asignado al sector SERIO 'Servicios de reparación y mantenimiento'. Fundamento del subsector padre: Coincidencia directa y exacta uno a uno: el subsector SCIAN 811 ('Servicios de reparación y mantenimiento') es, literalmente, uno de los 78 sectores oficiales del modelo SERIO ('Servicios de reparación y mantenimiento'). No requiere inferencia económica adicional.",,,Confianza original en Crosswalk Maestro v0.1: ALTA.,v0.1,SCIAN-2018 (base SERIO); estructura verificada contra fixture INEGI SCIAN-2023 — ver README de spatial/warehouse,SERIO-78-2018,,scripts/build_crosswalk_maestro.py
8112,RAMA,Reparación y mantenimiento de equipo electrónico y de equipo de precisión,811,Servicios de reparación y mantenimiento,OFFICIAL,VERIFIED,LOW,EXACT,Crosswalk Maestro SCIAN→SERIO v0.1 (autoría Lattise),"Hereda la clasificación de su subsector padre SCIAN 811 ('Servicios de reparación y mantenimiento'), asignado al sector SERIO 'Servicios de reparación y mantenimiento'. Fundamento del subsector padre: Coincidencia directa y exacta uno a uno: el subsector SCIAN 811 ('Servicios de reparación y mantenimiento') es, literalmente, uno de los 78 sectores oficiales del modelo SERIO ('Servicios de reparación y mantenimiento'). No requiere inferencia económica adicional.",,,Confianza original en Crosswalk Maestro v0.1: ALTA.,v0.1,SCIAN-2018 (base SERIO); estructura verificada contra fixture INEGI SCIAN-2023 — ver README de spatial/warehouse,SERIO-78-2018,,scripts/build_crosswalk_maestro.py
8113,RAMA,"Reparación y mantenimiento de maquinaria y equipo agropecuario, industrial, comercial y de servicios",811,Servicios de reparación y mantenimiento,OFFICIAL,VERIFIED,LOW,EXACT,Crosswalk Maestro SCIAN→SERIO v0.1 (autoría Lattise),"Hereda la clasificación de su subsector padre SCIAN 811 ('Servicios de reparación y mantenimiento'), asignado al sector SERIO 'Servicios de reparación y mantenimiento'. Fundamento del subsector padre: Coincidencia directa y exacta uno a uno: el subsector SCIAN 811 ('Servicios de reparación y mantenimiento') es, literalmente, uno de los 78 sectores oficiales del modelo SERIO ('Servicios de reparación y mantenimiento'). No requiere inferencia económica adicional.",,,Confianza original en Crosswalk Maestro v0.1: ALTA.,v0.1,SCIAN-2018 (base SERIO); estructura verificada contra fixture INEGI SCIAN-2023 — ver README de spatial/warehouse,SERIO-78-2018,,scripts/build_crosswalk_maestro.py
8114,RAMA,Reparación y mantenimiento de artículos para el hogar y personales,811,Servicios de reparación y mantenimiento,OFFICIAL,VERIFIED,LOW,EXACT,Crosswalk Maestro SCIAN→SERIO v0.1 (autoría Lattise),"Hereda la clasificación de su subsector padre SCIAN 811 ('Servicios de reparación y mantenimiento'), asignado al sector SERIO 'Servicios de reparación y mantenimiento'. Fundamento del subsector padre: Coincidencia directa y exacta uno a uno: el subsector SCIAN 811 ('Servicios de reparación y mantenimiento') es, literalmente, uno de los 78 sectores oficiales del modelo SERIO ('Servicios de reparación y mantenimiento'). No requiere inferencia económica adicional.",,,Confianza original en Crosswalk Maestro v0.1: ALTA.,v0.1,SCIAN-2018 (base SERIO); estructura verificada contra fixture INEGI SCIAN-2023 — ver README de spatial/warehouse,SERIO-78-2018,,scripts/build_crosswalk_maestro.py
8121,RAMA,"Salones y clínicas de belleza, baños públicos y bolerías",812,Servicios personales,OFFICIAL,VERIFIED,LOW,EXACT,Crosswalk Maestro SCIAN→SERIO v0.1 (autoría Lattise),"Hereda la clasificación de su subsector padre SCIAN 812 ('Servicios personales'), asignado al sector SERIO 'Servicios personales'. Fundamento del subsector padre: Coincidencia directa y exacta uno a uno: el subsector SCIAN 812 ('Servicios personales') es, literalmente, uno de los 78 sectores oficiales del modelo SERIO ('Servicios personales'). No requiere inferencia económica adicional.",,,Confianza original en Crosswalk Maestro v0.1: ALTA.,v0.1,SCIAN-2018 (base SERIO); estructura verificada contra fixture INEGI SCIAN-2023 — ver README de spatial/warehouse,SERIO-78-2018,,scripts/build_crosswalk_maestro.py
8122,RAMA,Lavanderías y tintorerías,812,Servicios personales,OFFICIAL,VERIFIED,LOW,EXACT,Crosswalk Maestro SCIAN→SERIO v0.1 (autoría Lattise),"Hereda la clasificación de su subsector padre SCIAN 812 ('Servicios personales'), asignado al sector SERIO 'Servicios personales'. Fundamento del subsector padre: Coincidencia directa y exacta uno a uno: el subsector SCIAN 812 ('Servicios personales') es, literalmente, uno de los 78 sectores oficiales del modelo SERIO ('Servicios personales'). No requiere inferencia económica adicional.",,,Confianza original en Crosswalk Maestro v0.1: ALTA.,v0.1,SCIAN-2018 (base SERIO); estructura verificada contra fixture INEGI SCIAN-2023 — ver README de spatial/warehouse,SERIO-78-2018,,scripts/build_crosswalk_maestro.py
8123,RAMA,Servicios funerarios y administración de cementerios,812,Servicios personales,OFFICIAL,VERIFIED,LOW,EXACT,Crosswalk Maestro SCIAN→SERIO v0.1 (autoría Lattise),"Hereda la clasificación de su subsector padre SCIAN 812 ('Servicios personales'), asignado al sector SERIO 'Servicios personales'. Fundamento del subsector padre: Coincidencia directa y exacta uno a uno: el subsector SCIAN 812 ('Servicios personales') es, literalmente, uno de los 78 sectores oficiales del modelo SERIO ('Servicios personales'). No requiere inferencia económica adicional.",,,Confianza original en Crosswalk Maestro v0.1: ALTA.,v0.1,SCIAN-2018 (base SERIO); estructura verificada contra fixture INEGI SCIAN-2023 — ver README de spatial/warehouse,SERIO-78-2018,,scripts/build_crosswalk_maestro.py
8124,RAMA,Estacionamientos y pensiones para vehículos automotores,812,Servicios personales,OFFICIAL,VERIFIED,LOW,EXACT,Crosswalk Maestro SCIAN→SERIO v0.1 (autoría Lattise),"Hereda la clasificación de su subsector padre SCIAN 812 ('Servicios personales'), asignado al sector SERIO 'Servicios personales'. Fundamento del subsector padre: Coincidencia directa y exacta uno a uno: el subsector SCIAN 812 ('Servicios personales') es, literalmente, uno de los 78 sectores oficiales del modelo SERIO ('Servicios personales'). No requiere inferencia económica adicional.",,,Confianza original en Crosswalk Maestro v0.1: ALTA.,v0.1,SCIAN-2018 (base SERIO); estructura verificada contra fixture INEGI SCIAN-2023 — ver README de spatial/warehouse,SERIO-78-2018,,scripts/build_crosswalk_maestro.py
8129,RAMA,Servicios de revelado e impresión de fotografías y otros servicios personales,812,Servicios personales,OFFICIAL,VERIFIED,LOW,EXACT,Crosswalk Maestro SCIAN→SERIO v0.1 (autoría Lattise),"Hereda la clasificación de su subsector padre SCIAN 812 ('Servicios personales'), asignado al sector SERIO 'Servicios personales'. Fundamento del subsector padre: Coincidencia directa y exacta uno a uno: el subsector SCIAN 812 ('Servicios personales') es, literalmente, uno de los 78 sectores oficiales del modelo SERIO ('Servicios personales'). No requiere inferencia económica adicional.",,,Confianza original en Crosswalk Maestro v0.1: ALTA.,v0.1,SCIAN-2018 (base SERIO); estructura verificada contra fixture INEGI SCIAN-2023 — ver README de spatial/warehouse,SERIO-78-2018,,scripts/build_crosswalk_maestro.py
8131,RAMA,"Asociaciones y organizaciones comerciales, laborales, profesionales y recreativas",813,Asociaciones y organizaciones,OFFICIAL,VERIFIED,LOW,EXACT,Crosswalk Maestro SCIAN→SERIO v0.1 (autoría Lattise),"Hereda la clasificación de su subsector padre SCIAN 813 ('Asociaciones y organizaciones'), asignado al sector SERIO 'Asociaciones y organizaciones'. Fundamento del subsector padre: Coincidencia directa y exacta uno a uno: el subsector SCIAN 813 ('Asociaciones y organizaciones') es, literalmente, uno de los 78 sectores oficiales del modelo SERIO ('Asociaciones y organizaciones'). No requiere inferencia económica adicional.",,,Confianza original en Crosswalk Maestro v0.1: ALTA.,v0.1,SCIAN-2018 (base SERIO); estructura verificada contra fixture INEGI SCIAN-2023 — ver README de spatial/warehouse,SERIO-78-2018,,scripts/build_crosswalk_maestro.py
8132,RAMA,"Asociaciones y organizaciones religiosas, políticas y civiles",813,Asociaciones y organizaciones,OFFICIAL,VERIFIED,LOW,EXACT,Crosswalk Maestro SCIAN→SERIO v0.1 (autoría Lattise),"Hereda la clasificación de su subsector padre SCIAN 813 ('Asociaciones y organizaciones'), asignado al sector SERIO 'Asociaciones y organizaciones'. Fundamento del subsector padre: Coincidencia directa y exacta uno a uno: el subsector SCIAN 813 ('Asociaciones y organizaciones') es, literalmente, uno de los 78 sectores oficiales del modelo SERIO ('Asociaciones y organizaciones'). No requiere inferencia económica adicional.",,,Confianza original en Crosswalk Maestro v0.1: ALTA.,v0.1,SCIAN-2018 (base SERIO); estructura verificada contra fixture INEGI SCIAN-2023 — ver README de spatial/warehouse,SERIO-78-2018,,scripts/build_crosswalk_maestro.py
8141,RAMA,Hogares con empleados domésticos,814,Hogares con empleados domésticos,OFFICIAL,VERIFIED,LOW,EXACT,Crosswalk Maestro SCIAN→SERIO v0.1 (autoría Lattise),"Hereda la clasificación de su subsector padre SCIAN 814 ('Hogares con empleados domésticos'), asignado al sector SERIO 'Hogares con empleados domésticos'. Fundamento del subsector padre: Coincidencia directa y exacta uno a uno: el subsector SCIAN 814 ('Hogares con empleados domésticos') es, literalmente, uno de los 78 sectores oficiales del modelo SERIO ('Hogares con empleados domésticos'). No requiere inferencia económica adicional.",,,Confianza original en Crosswalk Maestro v0.1: ALTA.,v0.1,SCIAN-2018 (base SERIO); estructura verificada contra fixture INEGI SCIAN-2023 — ver README de spatial/warehouse,SERIO-78-2018,,scripts/build_crosswalk_maestro.py
9311,RAMA,Órganos legislativos,931,"Actividades legislativas, gubernamentales y de impartición de justicia",OFFICIAL,VERIFIED,LOW,EXACT,Crosswalk Maestro SCIAN→SERIO v0.1 (autoría Lattise),"Hereda la clasificación de su subsector padre SCIAN 931 ('Actividades legislativas, gubernamentales y de impartición de justicia'), asignado al sector SERIO 'Actividades legislativas, gubernamentales y de impartición de justicia'. Fundamento del subsector padre: Coincidencia directa y exacta uno a uno: el subsector SCIAN 931 ('Actividades legislativas, gubernamentales y de impartición de justicia') es, literalmente, uno de los 78 sectores oficiales del modelo SERIO ('Actividades legislativas, gubernamentales y de impartición de justicia'). No requiere inferencia económica adicional.",,,Confianza original en Crosswalk Maestro v0.1: ALTA.,v0.1,SCIAN-2018 (base SERIO); estructura verificada contra fixture INEGI SCIAN-2023 — ver README de spatial/warehouse,SERIO-78-2018,,scripts/build_crosswalk_maestro.py
9312,RAMA,Administración pública en general,931,"Actividades legislativas, gubernamentales y de impartición de justicia",OFFICIAL,VERIFIED,LOW,EXACT,Crosswalk Maestro SCIAN→SERIO v0.1 (autoría Lattise),"Hereda la clasificación de su subsector padre SCIAN 931 ('Actividades legislativas, gubernamentales y de impartición de justicia'), asignado al sector SERIO 'Actividades legislativas, gubernamentales y de impartición de justicia'. Fundamento del subsector padre: Coincidencia directa y exacta uno a uno: el subsector SCIAN 931 ('Actividades legislativas, gubernamentales y de impartición de justicia') es, literalmente, uno de los 78 sectores oficiales del modelo SERIO ('Actividades legislativas, gubernamentales y de impartición de justicia'). No requiere inferencia económica adicional.",,,Confianza original en Crosswalk Maestro v0.1: ALTA.,v0.1,SCIAN-2018 (base SERIO); estructura verificada contra fixture INEGI SCIAN-2023 — ver README de spatial/warehouse,SERIO-78-2018,,scripts/build_crosswalk_maestro.py
9313,RAMA,Regulación y fomento del desarrollo económico,931,"Actividades legislativas, gubernamentales y de impartición de justicia",OFFICIAL,VERIFIED,LOW,EXACT,Crosswalk Maestro SCIAN→SERIO v0.1 (autoría Lattise),"Hereda la clasificación de su subsector padre SCIAN 931 ('Actividades legislativas, gubernamentales y de impartición de justicia'), asignado al sector SERIO 'Actividades legislativas, gubernamentales y de impartición de justicia'. Fundamento del subsector padre: Coincidencia directa y exacta uno a uno: el subsector SCIAN 931 ('Actividades legislativas, gubernamentales y de impartición de justicia') es, literalmente, uno de los 78 sectores oficiales del modelo SERIO ('Actividades legislativas, gubernamentales y de impartición de justicia'). No requiere inferencia económica adicional.",,,Confianza original en Crosswalk Maestro v0.1: ALTA.,v0.1,SCIAN-2018 (base SERIO); estructura verificada contra fixture INEGI SCIAN-2023 — ver README de spatial/warehouse,SERIO-78-2018,,scripts/build_crosswalk_maestro.py
9314,RAMA,Impartición de justicia y mantenimiento de la seguridad y el orden público,931,"Actividades legislativas, gubernamentales y de impartición de justicia",OFFICIAL,VERIFIED,LOW,EXACT,Crosswalk Maestro SCIAN→SERIO v0.1 (autoría Lattise),"Hereda la clasificación de su subsector padre SCIAN 931 ('Actividades legislativas, gubernamentales y de impartición de justicia'), asignado al sector SERIO 'Actividades legislativas, gubernamentales y de impartición de justicia'. Fundamento del subsector padre: Coincidencia directa y exacta uno a uno: el subsector SCIAN 931 ('Actividades legislativas, gubernamentales y de impartición de justicia') es, literalmente, uno de los 78 sectores oficiales del modelo SERIO ('Actividades legislativas, gubernamentales y de impartición de justicia'). No requiere inferencia económica adicional.",,,Confianza original en Crosswalk Maestro v0.1: ALTA.,v0.1,SCIAN-2018 (base SERIO); estructura verificada contra fixture INEGI SCIAN-2023 — ver README de spatial/warehouse,SERIO-78-2018,,scripts/build_crosswalk_maestro.py
9315,RAMA,Regulación y fomento de actividades para mejorar y preservar el medio ambiente,931,"Actividades legislativas, gubernamentales y de impartición de justicia",OFFICIAL,VERIFIED,LOW,EXACT,Crosswalk Maestro SCIAN→SERIO v0.1 (autoría Lattise),"Hereda la clasificación de su subsector padre SCIAN 931 ('Actividades legislativas, gubernamentales y de impartición de justicia'), asignado al sector SERIO 'Actividades legislativas, gubernamentales y de impartición de justicia'. Fundamento del subsector padre: Coincidencia directa y exacta uno a uno: el subsector SCIAN 931 ('Actividades legislativas, gubernamentales y de impartición de justicia') es, literalmente, uno de los 78 sectores oficiales del modelo SERIO ('Actividades legislativas, gubernamentales y de impartición de justicia'). No requiere inferencia económica adicional.",,,Confianza original en Crosswalk Maestro v0.1: ALTA.,v0.1,SCIAN-2018 (base SERIO); estructura verificada contra fixture INEGI SCIAN-2023 — ver README de spatial/warehouse,SERIO-78-2018,,scripts/build_crosswalk_maestro.py
9316,RAMA,Actividades administrativas de instituciones de bienestar social,931,"Actividades legislativas, gubernamentales y de impartición de justicia",OFFICIAL,VERIFIED,LOW,EXACT,Crosswalk Maestro SCIAN→SERIO v0.1 (autoría Lattise),"Hereda la clasificación de su subsector padre SCIAN 931 ('Actividades legislativas, gubernamentales y de impartición de justicia'), asignado al sector SERIO 'Actividades legislativas, gubernamentales y de impartición de justicia'. Fundamento del subsector padre: Coincidencia directa y exacta uno a uno: el subsector SCIAN 931 ('Actividades legislativas, gubernamentales y de impartición de justicia') es, literalmente, uno de los 78 sectores oficiales del modelo SERIO ('Actividades legislativas, gubernamentales y de impartición de justicia'). No requiere inferencia económica adicional.",,,Confianza original en Crosswalk Maestro v0.1: ALTA.,v0.1,SCIAN-2018 (base SERIO); estructura verificada contra fixture INEGI SCIAN-2023 — ver README de spatial/warehouse,SERIO-78-2018,,scripts/build_crosswalk_maestro.py
9317,RAMA,Relaciones exteriores,931,"Actividades legislativas, gubernamentales y de impartición de justicia",OFFICIAL,VERIFIED,LOW,EXACT,Crosswalk Maestro SCIAN→SERIO v0.1 (autoría Lattise),"Hereda la clasificación de su subsector padre SCIAN 931 ('Actividades legislativas, gubernamentales y de impartición de justicia'), asignado al sector SERIO 'Actividades legislativas, gubernamentales y de impartición de justicia'. Fundamento del subsector padre: Coincidencia directa y exacta uno a uno: el subsector SCIAN 931 ('Actividades legislativas, gubernamentales y de impartición de justicia') es, literalmente, uno de los 78 sectores oficiales del modelo SERIO ('Actividades legislativas, gubernamentales y de impartición de justicia'). No requiere inferencia económica adicional.",,,Confianza original en Crosswalk Maestro v0.1: ALTA.,v0.1,SCIAN-2018 (base SERIO); estructura verificada contra fixture INEGI SCIAN-2023 — ver README de spatial/warehouse,SERIO-78-2018,,scripts/build_crosswalk_maestro.py
9318,RAMA,Actividades de seguridad nacional,931,"Actividades legislativas, gubernamentales y de impartición de justicia",OFFICIAL,VERIFIED,LOW,EXACT,Crosswalk Maestro SCIAN→SERIO v0.1 (autoría Lattise),"Hereda la clasificación de su subsector padre SCIAN 931 ('Actividades legislativas, gubernamentales y de impartición de justicia'), asignado al sector SERIO 'Actividades legislativas, gubernamentales y de impartición de justicia'. Fundamento del subsector padre: Coincidencia directa y exacta uno a uno: el subsector SCIAN 931 ('Actividades legislativas, gubernamentales y de impartición de justicia') es, literalmente, uno de los 78 sectores oficiales del modelo SERIO ('Actividades legislativas, gubernamentales y de impartición de justicia'). No requiere inferencia económica adicional.",,,Confianza original en Crosswalk Maestro v0.1: ALTA.,v0.1,SCIAN-2018 (base SERIO); estructura verificada contra fixture INEGI SCIAN-2023 — ver README de spatial/warehouse,SERIO-78-2018,,scripts/build_crosswalk_maestro.py
9321,RAMA,Organismos internacionales y extraterritoriales,,,EXPERT,REVIEW_REQUIRED,HIGH,PARTIAL,Crosswalk Maestro SCIAN→SERIO v0.1 (autoría Lattise),"Hereda la clasificación de su subsector padre SCIAN 932 ('Organismos internacionales y extraterritoriales'), asignado al sector SERIO 'Actividades legislativas, gubernamentales y de impartición de justicia'. Fundamento del subsector padre: La actualización SCIAN separó 'Organismos internacionales y extraterritoriales' como subsector independiente (932); en SCIAN base 2018 -que es la base del modelo SERIO- esta actividad estaba integrada en el subsector único 931 ('Actividades legislativas, gubernamentales, de impartición de justicia y de organismos internacionales y extraterritoriales'), que es como aparece en el catálogo de 78 sectores SERIO. Se marca para revisión por el mismo motivo de vigencia de catálogo que en los casos 513 y 516.",,,"Candidato sugerido en Crosswalk Maestro v0.1: 'Actividades legislativas, gubernamentales y de impartición de justicia' (confianza MEDIA). Requiere confirmación humana explícita (cambiar status a VERIFIED) antes de usarse en el lookup compilado.",v0.1,SCIAN-2018 (base SERIO); estructura verificada contra fixture INEGI SCIAN-2023 — ver README de spatial/warehouse,SERIO-78-2018,,scripts/build_crosswalk_maestro.py
