"nivel_scian","codigo_scian","descripcion_scian","sector_serio","confianza","requiere_revision","justificacion"
"sector","11","Agricultura, cría y explotación de animales, aprovechamiento forestal, pesca y caza","","BAJA","SI","El sector SCIAN 11 ('Agricultura, cría y explotación de animales, aprovechamiento forestal, pesca y caza') agrupa 5 subsectores que corresponden a 5 sectores SERIO distintos y económicamente heterogéneos entre sí: 111 (Agricultura), 112 (Cría y explotación de animales), 113 (Aprovechamiento forestal), 114 (Pesca, caza y captura), 115 (Servicios relacionados con las actividades agropecuarias y forestales). Asignar el sector completo a un solo sector SERIO sería una simplificación incorrecta; la resolución debe realizarse exclusivamente a nivel de subsector o rama, que es donde el motor jerárquico de CrosswalkBuilder deberá heredar la clasificación real."
"sector","21","Minería","","BAJA","SI","El sector SCIAN 21 ('Minería') agrupa 3 subsectores que corresponden a 3 sectores SERIO distintos y económicamente heterogéneos entre sí: 211 (Extracción de petróleo y gas), 212 (Minería de minerales metálicos y no metálicos, excepto petróleo y gas), 213 (Servicios relacionados con la minería). Asignar el sector completo a un solo sector SERIO sería una simplificación incorrecta; la resolución debe realizarse exclusivamente a nivel de subsector o rama, que es donde el motor jerárquico de CrosswalkBuilder deberá heredar la clasificación real."
"sector","22","Generación, transmisión, distribución y comercialización de energía eléctrica, suministro de agua y de gas natural por ductos al consumidor final","Generación, transmisión, distribución y comercialización de energía eléctrica, suministro de agua y de gas natural por ductos al consumidor final","ALTA","NO","El sector SCIAN 22 ('Generación, transmisión, distribución y comercialización de energía eléctrica, suministro de agua y de gas natural por ductos al consumidor final') contiene un único subsector (221), por lo que la asignación a nivel sector es idéntica y sin pérdida de información a la asignación de ese subsector: sector SERIO 'Generación, transmisión, distribución y comercialización de energía eléctrica, suministro de agua y de gas natural por ductos al consumidor final'."
"sector","23","Construcción","","BAJA","SI","El sector SCIAN 23 ('Construcción') agrupa 3 subsectores que corresponden a 3 sectores SERIO distintos y económicamente heterogéneos entre sí: 236 (Edificación), 237 (Construcción de obras de ingeniería civil), 238 (Trabajos especializados para la construcción). Asignar el sector completo a un solo sector SERIO sería una simplificación incorrecta; la resolución debe realizarse exclusivamente a nivel de subsector o rama, que es donde el motor jerárquico de CrosswalkBuilder deberá heredar la clasificación real."
"sector","31","Industrias manufactureras","","BAJA","SI","El sector SCIAN 31 ('Industrias manufactureras') agrupa 6 subsectores que corresponden a 6 sectores SERIO distintos y económicamente heterogéneos entre sí: 311 (Industria alimentaria), 312 (Industria de las bebidas y del tabaco), 313 (Fabricación de insumos textiles y acabado de textiles), 314 (Fabricación de productos textiles, excepto prendas de vestir), 315 (Fabricación de prendas de vestir), 316 (Curtido y acabado de cuero y piel, y fabricación de productos de cuero, piel y materiales sucedáneos). Asignar el sector completo a un solo sector SERIO sería una simplificación incorrecta; la resolución debe realizarse exclusivamente a nivel de subsector o rama, que es donde el motor jerárquico de CrosswalkBuilder deberá heredar la clasificación real."
"sector","32","Industrias manufactureras","","BAJA","SI","El sector SCIAN 32 ('Industrias manufactureras') agrupa 7 subsectores que corresponden a 7 sectores SERIO distintos y económicamente heterogéneos entre sí: 321 (Industria de la madera), 322 (Industria del papel), 323 (Impresión e industrias conexas), 324 (Fabricación de productos derivados del petróleo y del carbón), 325 (Industria química), 326 (Industria del plástico y del hule), 327 (Fabricación de productos a base de minerales no metálicos). Asignar el sector completo a un solo sector SERIO sería una simplificación incorrecta; la resolución debe realizarse exclusivamente a nivel de subsector o rama, que es donde el motor jerárquico de CrosswalkBuilder deberá heredar la clasificación real."
"sector","33","Industrias manufactureras","","BAJA","SI","El sector SCIAN 33 ('Industrias manufactureras') agrupa 8 subsectores que corresponden a 8 sectores SERIO distintos y económicamente heterogéneos entre sí: 331 (Industrias metálicas básicas), 332 (Fabricación de productos metálicos), 333 (Fabricación de maquinaria y equipo), 334 (Fabricación de equipo de computación, comunicación, medición y de otros equipos, componentes y accesorios electrónicos), 335 (Fabricación de accesorios, aparatos eléctricos y equipo de generación de energía eléctrica), 336 (Fabricación de equipo de transporte), 337 (Fabricación de muebles, colchones y persianas), 339 (Otras industrias manufactureras). Asignar el sector completo a un solo sector SERIO sería una simplificación incorrecta; la resolución debe realizarse exclusivamente a nivel de subsector o rama, que es donde el motor jerárquico de CrosswalkBuilder deberá heredar la clasificación real."
"sector","43","Comercio al por mayor","Comercio al por mayor de abarrotes, alimentos, bebidas, hielo y tabaco","ALTA","NO","Los 7 subsectores que integran el sector SCIAN 43 ('Comercio al por mayor') convergen todos en el mismo sector SERIO ('Comercio al por mayor de abarrotes, alimentos, bebidas, hielo y tabaco'), por decisión metodológica de agregación (ver justificación de cada subsector). El sector completo puede heredar esta asignación sin riesgo de mezclar actividades económicamente distintas."
"sector","46","Comercio al por menor","Comercio al por menor de abarrotes, alimentos, bebidas, hielo y tabaco","ALTA","NO","Los 9 subsectores que integran el sector SCIAN 46 ('Comercio al por menor') convergen todos en el mismo sector SERIO ('Comercio al por menor de abarrotes, alimentos, bebidas, hielo y tabaco'), por decisión metodológica de agregación (ver justificación de cada subsector). El sector completo puede heredar esta asignación sin riesgo de mezclar actividades económicamente distintas."
"sector","48","Transportes, correos y almacenamiento","","BAJA","SI","El sector SCIAN 48 ('Transportes, correos y almacenamiento') agrupa 8 subsectores que corresponden a 8 sectores SERIO distintos y económicamente heterogéneos entre sí: 481 (Transporte aéreo), 482 (Transporte por ferrocarril), 483 (Transporte por agua), 484 (Autotransporte de carga), 485 (Transporte terrestre de pasajeros, excepto por ferrocarril), 486 (Transporte por ductos), 487 (Transporte turístico), 488 (Servicios relacionados con el transporte). Asignar el sector completo a un solo sector SERIO sería una simplificación incorrecta; la resolución debe realizarse exclusivamente a nivel de subsector o rama, que es donde el motor jerárquico de CrosswalkBuilder deberá heredar la clasificación real."
"sector","49","Transportes, correos y almacenamiento","","BAJA","SI","El sector SCIAN 49 ('Transportes, correos y almacenamiento') agrupa 3 subsectores que corresponden a 3 sectores SERIO distintos y económicamente heterogéneos entre sí: 491 (Servicios postales), 492 (Servicios de mensajería y paquetería), 493 (Servicios de almacenamiento). Asignar el sector completo a un solo sector SERIO sería una simplificación incorrecta; la resolución debe realizarse exclusivamente a nivel de subsector o rama, que es donde el motor jerárquico de CrosswalkBuilder deberá heredar la clasificación real."
"sector","51","Información en medios masivos","","BAJA","SI","El sector SCIAN 51 ('Información en medios masivos') agrupa 6 subsectores que corresponden a 6 sectores SERIO distintos y económicamente heterogéneos entre sí: 511 (Edición de periódicos, revistas, libros, software y otros materiales, y edición de estas publicaciones integrada con la impresión), 512 (Industria fílmica y del video, e industria del sonido), 515 (Radio y televisión), 517 (Telecomunicaciones), 518 (Procesamiento electrónico de información, hospedaje y otros servicios relacionados), 519 (Otros servicios de información). Asignar el sector completo a un solo sector SERIO sería una simplificación incorrecta; la resolución debe realizarse exclusivamente a nivel de subsector o rama, que es donde el motor jerárquico de CrosswalkBuilder deberá heredar la clasificación real."
"sector","52","Servicios financieros y de seguros","","BAJA","SI","El sector SCIAN 52 ('Servicios financieros y de seguros') agrupa 5 subsectores que corresponden a 4 sectores SERIO distintos y económicamente heterogéneos entre sí: 521 (Banca central), 522 (Instituciones de intermediación crediticia y financiera no bursátil), 523 (Actividades bursátiles, cambiarias y de inversión financiera), 524 (Compañías de seguros, fianzas, y administración de fondos para el retiro). Asignar el sector completo a un solo sector SERIO sería una simplificación incorrecta; la resolución debe realizarse exclusivamente a nivel de subsector o rama, que es donde el motor jerárquico de CrosswalkBuilder deberá heredar la clasificación real."
"sector","53","Servicios inmobiliarios y de alquiler de bienes muebles e intangibles","","BAJA","SI","El sector SCIAN 53 ('Servicios inmobiliarios y de alquiler de bienes muebles e intangibles') agrupa 3 subsectores que corresponden a 3 sectores SERIO distintos y económicamente heterogéneos entre sí: 531 (Servicios inmobiliarios), 532 (Servicios de alquiler de bienes muebles), 533 (Servicios de alquiler de marcas registradas, patentes y franquicias). Asignar el sector completo a un solo sector SERIO sería una simplificación incorrecta; la resolución debe realizarse exclusivamente a nivel de subsector o rama, que es donde el motor jerárquico de CrosswalkBuilder deberá heredar la clasificación real."
"sector","54","Servicios profesionales, científicos y técnicos","Servicios profesionales, científicos y técnicos","ALTA","NO","El sector SCIAN 54 ('Servicios profesionales, científicos y técnicos') contiene un único subsector (541), por lo que la asignación a nivel sector es idéntica y sin pérdida de información a la asignación de ese subsector: sector SERIO 'Servicios profesionales, científicos y técnicos'."
"sector","55","Dirección y administración de grupos empresariales o corporativos","Corporativos","ALTA","NO","El sector SCIAN 55 ('Dirección y administración de grupos empresariales o corporativos') contiene un único subsector (551), por lo que la asignación a nivel sector es idéntica y sin pérdida de información a la asignación de ese subsector: sector SERIO 'Corporativos'."
"sector","56","Servicios de apoyo a los negocios y manejo de residuos, y servicios de remediación","","BAJA","SI","El sector SCIAN 56 ('Servicios de apoyo a los negocios y manejo de residuos, y servicios de remediación') agrupa 2 subsectores que corresponden a 2 sectores SERIO distintos y económicamente heterogéneos entre sí: 561 (Servicios de apoyo a los negocios), 562 (Manejo de residuos y servicios de remediación). Asignar el sector completo a un solo sector SERIO sería una simplificación incorrecta; la resolución debe realizarse exclusivamente a nivel de subsector o rama, que es donde el motor jerárquico de CrosswalkBuilder deberá heredar la clasificación real."
"sector","61","Servicios educativos","Servicios educativos","ALTA","NO","El sector SCIAN 61 ('Servicios educativos') contiene un único subsector (611), por lo que la asignación a nivel sector es idéntica y sin pérdida de información a la asignación de ese subsector: sector SERIO 'Servicios educativos'."
"sector","62","Servicios de salud y de asistencia social","","BAJA","SI","El sector SCIAN 62 ('Servicios de salud y de asistencia social') agrupa 4 subsectores que corresponden a 4 sectores SERIO distintos y económicamente heterogéneos entre sí: 621 (Servicios médicos de consulta externa y servicios relacionados), 622 (Hospitales), 623 (Residencias de asistencia social y para el cuidado de la salud), 624 (Otros servicios de asistencia social). Asignar el sector completo a un solo sector SERIO sería una simplificación incorrecta; la resolución debe realizarse exclusivamente a nivel de subsector o rama, que es donde el motor jerárquico de CrosswalkBuilder deberá heredar la clasificación real."
"sector","71","Servicios de esparcimiento culturales y deportivos, y otros servicios recreativos","","BAJA","SI","El sector SCIAN 71 ('Servicios de esparcimiento culturales y deportivos, y otros servicios recreativos') agrupa 3 subsectores que corresponden a 3 sectores SERIO distintos y económicamente heterogéneos entre sí: 711 (Servicios artísticos, culturales y deportivos, y otros servicios relacionados), 712 (Museos, sitios históricos, zoológicos y similares), 713 (Servicios de entretenimiento en instalaciones recreativas y otros servicios recreativos). Asignar el sector completo a un solo sector SERIO sería una simplificación incorrecta; la resolución debe realizarse exclusivamente a nivel de subsector o rama, que es donde el motor jerárquico de CrosswalkBuilder deberá heredar la clasificación real."
"sector","72","Servicios de alojamiento temporal y de preparación de alimentos y bebidas","","BAJA","SI","El sector SCIAN 72 ('Servicios de alojamiento temporal y de preparación de alimentos y bebidas') agrupa 2 subsectores que corresponden a 2 sectores SERIO distintos y económicamente heterogéneos entre sí: 721 (Servicios de alojamiento temporal), 722 (Servicios de preparación de alimentos y bebidas). Asignar el sector completo a un solo sector SERIO sería una simplificación incorrecta; la resolución debe realizarse exclusivamente a nivel de subsector o rama, que es donde el motor jerárquico de CrosswalkBuilder deberá heredar la clasificación real."
"sector","81","Otros servicios excepto actividades gubernamentales","","BAJA","SI","El sector SCIAN 81 ('Otros servicios excepto actividades gubernamentales') agrupa 4 subsectores que corresponden a 4 sectores SERIO distintos y económicamente heterogéneos entre sí: 811 (Servicios de reparación y mantenimiento), 812 (Servicios personales), 813 (Asociaciones y organizaciones), 814 (Hogares con empleados domésticos). Asignar el sector completo a un solo sector SERIO sería una simplificación incorrecta; la resolución debe realizarse exclusivamente a nivel de subsector o rama, que es donde el motor jerárquico de CrosswalkBuilder deberá heredar la clasificación real."
"sector","93","Actividades legislativas, gubernamentales, de impartición de justicia y de organismos internacionales y extraterritoriales","Actividades legislativas, gubernamentales y de impartición de justicia","MEDIA","SI","Los 2 subsectores que integran el sector SCIAN 93 ('Actividades legislativas, gubernamentales, de impartición de justicia y de organismos internacionales y extraterritoriales') convergen todos en el mismo sector SERIO ('Actividades legislativas, gubernamentales y de impartición de justicia'), por decisión metodológica de agregación (ver justificación de cada subsector). El sector completo puede heredar esta asignación sin riesgo de mezclar actividades económicamente distintas."
"subsector","111","Agricultura","Agricultura","ALTA","NO","Coincidencia directa y exacta uno a uno: el subsector SCIAN 111 ('Agricultura') es, literalmente, uno de los 78 sectores oficiales del modelo SERIO ('Agricultura'). No requiere inferencia económica adicional."
"subsector","112","Cría y explotación de animales","Cría y explotación de animales","ALTA","NO","Coincidencia directa y exacta uno a uno: el subsector SCIAN 112 ('Cría y explotación de animales') es, literalmente, uno de los 78 sectores oficiales del modelo SERIO ('Cría y explotación de animales'). No requiere inferencia económica adicional."
"subsector","113","Aprovechamiento forestal","Aprovechamiento forestal","ALTA","NO","Coincidencia directa y exacta uno a uno: el subsector SCIAN 113 ('Aprovechamiento forestal') es, literalmente, uno de los 78 sectores oficiales del modelo SERIO ('Aprovechamiento forestal'). No requiere inferencia económica adicional."
"subsector","114","Pesca, caza y captura","Pesca, caza y captura","ALTA","NO","Coincidencia directa y exacta uno a uno: el subsector SCIAN 114 ('Pesca, caza y captura') es, literalmente, uno de los 78 sectores oficiales del modelo SERIO ('Pesca, caza y captura'). No requiere inferencia económica adicional."
"subsector","115","Servicios relacionados con las actividades agropecuarias y forestales","Servicios relacionados con las actividades agropecuarias y forestales","ALTA","NO","Coincidencia directa y exacta uno a uno: el subsector SCIAN 115 ('Servicios relacionados con las actividades agropecuarias y forestales') es, literalmente, uno de los 78 sectores oficiales del modelo SERIO ('Servicios relacionados con las actividades agropecuarias y forestales'). No requiere inferencia económica adicional."
"subsector","211","Extracción de petróleo y gas","Extracción de petróleo y gas","ALTA","NO","Coincidencia directa y exacta uno a uno: el subsector SCIAN 211 ('Extracción de petróleo y gas') es, literalmente, uno de los 78 sectores oficiales del modelo SERIO ('Extracción de petróleo y gas'). No requiere inferencia económica adicional."
"subsector","212","Minería de minerales metálicos y no metálicos, excepto petróleo y gas","Minería de minerales metálicos y no metálicos, excepto petróleo y gas","ALTA","NO","Coincidencia directa y exacta uno a uno: el subsector SCIAN 212 ('Minería de minerales metálicos y no metálicos, excepto petróleo y gas') es, literalmente, uno de los 78 sectores oficiales del modelo SERIO ('Minería de minerales metálicos y no metálicos, excepto petróleo y gas'). No requiere inferencia económica adicional."
"subsector","213","Servicios relacionados con la minería","Servicios relacionados con la minería","ALTA","NO","Coincidencia directa y exacta uno a uno: el subsector SCIAN 213 ('Servicios relacionados con la minería') es, literalmente, uno de los 78 sectores oficiales del modelo SERIO ('Servicios relacionados con la minería'). No requiere inferencia económica adicional."
"subsector","221","Generación, transmisión, distribución y comercialización de energía eléctrica, suministro de agua y de gas natural por ductos al consumidor final","Generación, transmisión, distribución y comercialización de energía eléctrica, suministro de agua y de gas natural por ductos al consumidor final","ALTA","NO","Coincidencia directa y exacta uno a uno: el subsector SCIAN 221 ('Generación, transmisión, distribución y comercialización de energía eléctrica, suministro de agua y de gas natural por ductos al consumidor final') es, literalmente, uno de los 78 sectores oficiales del modelo SERIO ('Generación, transmisión, distribución y comercialización de energía eléctrica, suministro de agua y de gas natural por ductos al consumidor final'). No requiere inferencia económica adicional."
"subsector","236","Edificación","Edificación","ALTA","NO","Coincidencia directa y exacta uno a uno: el subsector SCIAN 236 ('Edificación') es, literalmente, uno de los 78 sectores oficiales del modelo SERIO ('Edificación'). No requiere inferencia económica adicional."
"subsector","237","Construcción de obras de ingeniería civil","Construcción de obras de ingeniería civil","ALTA","NO","Coincidencia directa y exacta uno a uno: el subsector SCIAN 237 ('Construcción de obras de ingeniería civil') es, literalmente, uno de los 78 sectores oficiales del modelo SERIO ('Construcción de obras de ingeniería civil'). No requiere inferencia económica adicional."
"subsector","238","Trabajos especializados para la construcción","Trabajos especializados para la construcción","ALTA","NO","Coincidencia directa y exacta uno a uno: el subsector SCIAN 238 ('Trabajos especializados para la construcción') es, literalmente, uno de los 78 sectores oficiales del modelo SERIO ('Trabajos especializados para la construcción'). No requiere inferencia económica adicional."
"subsector","311","Industria alimentaria","Industria alimentaria","ALTA","NO","Coincidencia directa y exacta uno a uno: el subsector SCIAN 311 ('Industria alimentaria') es, literalmente, uno de los 78 sectores oficiales del modelo SERIO ('Industria alimentaria'). No requiere inferencia económica adicional."
"subsector","312","Industria de las bebidas y del tabaco","Industria de las bebidas y del tabaco","ALTA","NO","Coincidencia directa y exacta uno a uno: el subsector SCIAN 312 ('Industria de las bebidas y del tabaco') es, literalmente, uno de los 78 sectores oficiales del modelo SERIO ('Industria de las bebidas y del tabaco'). No requiere inferencia económica adicional."
"subsector","313","Fabricación de insumos textiles y acabado de textiles","Fabricación de insumos textiles y acabado de textiles","ALTA","NO","Coincidencia directa y exacta uno a uno: el subsector SCIAN 313 ('Fabricación de insumos textiles y acabado de textiles') es, literalmente, uno de los 78 sectores oficiales del modelo SERIO ('Fabricación de insumos textiles y acabado de textiles'). No requiere inferencia económica adicional."
"subsector","314","Fabricación de productos textiles, excepto prendas de vestir","Fabricación de productos textiles, excepto prendas de vestir","ALTA","NO","Coincidencia directa y exacta uno a uno: el subsector SCIAN 314 ('Fabricación de productos textiles, excepto prendas de vestir') es, literalmente, uno de los 78 sectores oficiales del modelo SERIO ('Fabricación de productos textiles, excepto prendas de vestir'). No requiere inferencia económica adicional."
"subsector","315","Fabricación de prendas de vestir","Fabricación de prendas de vestir","ALTA","NO","Coincidencia directa y exacta uno a uno: el subsector SCIAN 315 ('Fabricación de prendas de vestir') es, literalmente, uno de los 78 sectores oficiales del modelo SERIO ('Fabricación de prendas de vestir'). No requiere inferencia económica adicional."
"subsector","316","Curtido y acabado de cuero y piel, y fabricación de productos de cuero, piel y materiales sucedáneos","Curtido y acabado de cuero y piel, y fabricación de productos de cuero, piel y materiales sucedáneos","ALTA","NO","Coincidencia directa y exacta uno a uno: el subsector SCIAN 316 ('Curtido y acabado de cuero y piel, y fabricación de productos de cuero, piel y materiales sucedáneos') es, literalmente, uno de los 78 sectores oficiales del modelo SERIO ('Curtido y acabado de cuero y piel, y fabricación de productos de cuero, piel y materiales sucedáneos'). No requiere inferencia económica adicional."
"subsector","321","Industria de la madera","Industria de la madera","ALTA","NO","Coincidencia directa y exacta uno a uno: el subsector SCIAN 321 ('Industria de la madera') es, literalmente, uno de los 78 sectores oficiales del modelo SERIO ('Industria de la madera'). No requiere inferencia económica adicional."
"subsector","322","Industria del papel","Industria del papel","ALTA","NO","Coincidencia directa y exacta uno a uno: el subsector SCIAN 322 ('Industria del papel') es, literalmente, uno de los 78 sectores oficiales del modelo SERIO ('Industria del papel'). No requiere inferencia económica adicional."
"subsector","323","Impresión e industrias conexas","Impresión e industrias conexas","ALTA","NO","Coincidencia directa y exacta uno a uno: el subsector SCIAN 323 ('Impresión e industrias conexas') es, literalmente, uno de los 78 sectores oficiales del modelo SERIO ('Impresión e industrias conexas'). No requiere inferencia económica adicional."
"subsector","324","Fabricación de productos derivados del petróleo y del carbón","Fabricación de productos derivados del petróleo y del carbón","ALTA","NO","Coincidencia directa y exacta uno a uno: el subsector SCIAN 324 ('Fabricación de productos derivados del petróleo y del carbón') es, literalmente, uno de los 78 sectores oficiales del modelo SERIO ('Fabricación de productos derivados del petróleo y del carbón'). No requiere inferencia económica adicional."
"subsector","325","Industria química","Industria química","ALTA","NO","Coincidencia directa y exacta uno a uno: el subsector SCIAN 325 ('Industria química') es, literalmente, uno de los 78 sectores oficiales del modelo SERIO ('Industria química'). No requiere inferencia económica adicional."
"subsector","326","Industria del plástico y del hule","Industria del plástico y del hule","ALTA","NO","Coincidencia directa y exacta uno a uno: el subsector SCIAN 326 ('Industria del plástico y del hule') es, literalmente, uno de los 78 sectores oficiales del modelo SERIO ('Industria del plástico y del hule'). No requiere inferencia económica adicional."
"subsector","327","Fabricación de productos a base de minerales no metálicos","Fabricación de productos a base de minerales no metálicos","ALTA","NO","Coincidencia directa y exacta uno a uno: el subsector SCIAN 327 ('Fabricación de productos a base de minerales no metálicos') es, literalmente, uno de los 78 sectores oficiales del modelo SERIO ('Fabricación de productos a base de minerales no metálicos'). No requiere inferencia económica adicional."
"subsector","331","Industrias metálicas básicas","Industrias metálicas básicas","ALTA","NO","Coincidencia directa y exacta uno a uno: el subsector SCIAN 331 ('Industrias metálicas básicas') es, literalmente, uno de los 78 sectores oficiales del modelo SERIO ('Industrias metálicas básicas'). No requiere inferencia económica adicional."
"subsector","332","Fabricación de productos metálicos","Fabricación de productos metálicos","ALTA","NO","Coincidencia directa y exacta uno a uno: el subsector SCIAN 332 ('Fabricación de productos metálicos') es, literalmente, uno de los 78 sectores oficiales del modelo SERIO ('Fabricación de productos metálicos'). No requiere inferencia económica adicional."
"subsector","333","Fabricación de maquinaria y equipo","Fabricación de maquinaria y equipo","ALTA","NO","Coincidencia directa y exacta uno a uno: el subsector SCIAN 333 ('Fabricación de maquinaria y equipo') es, literalmente, uno de los 78 sectores oficiales del modelo SERIO ('Fabricación de maquinaria y equipo'). No requiere inferencia económica adicional."
"subsector","334","Fabricación de equipo de computación, comunicación, medición y de otros equipos, componentes y accesorios electrónicos","Fabricación de equipo de computación, comunicación, medición y de otros equipos, componentes y accesorios electrónicos","ALTA","NO","Coincidencia directa y exacta uno a uno: el subsector SCIAN 334 ('Fabricación de equipo de computación, comunicación, medición y de otros equipos, componentes y accesorios electrónicos') es, literalmente, uno de los 78 sectores oficiales del modelo SERIO ('Fabricación de equipo de computación, comunicación, medición y de otros equipos, componentes y accesorios electrónicos'). No requiere inferencia económica adicional."
"subsector","335","Fabricación de accesorios, aparatos eléctricos y equipo de generación de energía eléctrica","Fabricación de accesorios, aparatos eléctricos y equipo de generación de energía eléctrica","ALTA","NO","Coincidencia directa y exacta uno a uno: el subsector SCIAN 335 ('Fabricación de accesorios, aparatos eléctricos y equipo de generación de energía eléctrica') es, literalmente, uno de los 78 sectores oficiales del modelo SERIO ('Fabricación de accesorios, aparatos eléctricos y equipo de generación de energía eléctrica'). No requiere inferencia económica adicional."
"subsector","336","Fabricación de equipo de transporte","Fabricación de equipo de transporte","ALTA","NO","Coincidencia directa y exacta uno a uno: el subsector SCIAN 336 ('Fabricación de equipo de transporte') es, literalmente, uno de los 78 sectores oficiales del modelo SERIO ('Fabricación de equipo de transporte'). No requiere inferencia económica adicional."
"subsector","337","Fabricación de muebles, colchones y persianas","Fabricación de muebles, colchones y persianas","ALTA","NO","Coincidencia directa y exacta uno a uno: el subsector SCIAN 337 ('Fabricación de muebles, colchones y persianas') es, literalmente, uno de los 78 sectores oficiales del modelo SERIO ('Fabricación de muebles, colchones y persianas'). No requiere inferencia económica adicional."
"subsector","339","Otras industrias manufactureras","Otras industrias manufactureras","ALTA","NO","Coincidencia directa y exacta uno a uno: el subsector SCIAN 339 ('Otras industrias manufactureras') es, literalmente, uno de los 78 sectores oficiales del modelo SERIO ('Otras industrias manufactureras'). No requiere inferencia económica adicional."
"subsector","431","Comercio al por mayor de abarrotes, alimentos, bebidas, hielo y tabaco","Comercio al por mayor de abarrotes, alimentos, bebidas, hielo y tabaco","ALTA","NO","Coincidencia directa y exacta uno a uno: el subsector SCIAN 431 ('Comercio al por mayor de abarrotes, alimentos, bebidas, hielo y tabaco') es, literalmente, uno de los 78 sectores oficiales del modelo SERIO ('Comercio al por mayor de abarrotes, alimentos, bebidas, hielo y tabaco'). No requiere inferencia económica adicional."
"subsector","432","Comercio al por mayor de productos textiles y calzado","Comercio al por mayor de abarrotes, alimentos, bebidas, hielo y tabaco","ALTA","NO","El modelo SERIO, siguiendo el tratamiento estándar de las matrices insumo-producto y del Sistema de Cuentas Nacionales de México, modela el comercio al por mayor (sector SCIAN 43 completo) como un único sector de margen comercial, sin desagregar por tipo de mercancía comerciada. El subsector 432 queda económicamente contenido en su totalidad dentro de esa actividad de margen, por lo que se asigna al sector SERIO representativo '431' con criterio de agregación metodológica explícita (no ambigüedad de contenido, solo de nivel de agregación)."
"subsector","433","Comercio al por mayor de productos farmacéuticos, de perfumería, artículos para el esparcimiento, electrodomésticos menores y aparatos de línea blanca","Comercio al por mayor de abarrotes, alimentos, bebidas, hielo y tabaco","ALTA","NO","El modelo SERIO, siguiendo el tratamiento estándar de las matrices insumo-producto y del Sistema de Cuentas Nacionales de México, modela el comercio al por mayor (sector SCIAN 43 completo) como un único sector de margen comercial, sin desagregar por tipo de mercancía comerciada. El subsector 433 queda económicamente contenido en su totalidad dentro de esa actividad de margen, por lo que se asigna al sector SERIO representativo '431' con criterio de agregación metodológica explícita (no ambigüedad de contenido, solo de nivel de agregación)."
"subsector","434","Comercio al por mayor de materias primas agropecuarias y forestales, para la industria, y materiales de desecho","Comercio al por mayor de abarrotes, alimentos, bebidas, hielo y tabaco","ALTA","NO","El modelo SERIO, siguiendo el tratamiento estándar de las matrices insumo-producto y del Sistema de Cuentas Nacionales de México, modela el comercio al por mayor (sector SCIAN 43 completo) como un único sector de margen comercial, sin desagregar por tipo de mercancía comerciada. El subsector 434 queda económicamente contenido en su totalidad dentro de esa actividad de margen, por lo que se asigna al sector SERIO representativo '431' con criterio de agregación metodológica explícita (no ambigüedad de contenido, solo de nivel de agregación)."
"subsector","435","Comercio al por mayor de maquinaria, equipo y mobiliario para actividades agropecuarias, industriales, de servicios y comerciales, y de otra maquinaria y equipo de uso general","Comercio al por mayor de abarrotes, alimentos, bebidas, hielo y tabaco","ALTA","NO","El modelo SERIO, siguiendo el tratamiento estándar de las matrices insumo-producto y del Sistema de Cuentas Nacionales de México, modela el comercio al por mayor (sector SCIAN 43 completo) como un único sector de margen comercial, sin desagregar por tipo de mercancía comerciada. El subsector 435 queda económicamente contenido en su totalidad dentro de esa actividad de margen, por lo que se asigna al sector SERIO representativo '431' con criterio de agregación metodológica explícita (no ambigüedad de contenido, solo de nivel de agregación)."
"subsector","436","Comercio al por mayor de camiones y de partes y refacciones nuevas para automóviles, camionetas y camiones","Comercio al por mayor de abarrotes, alimentos, bebidas, hielo y tabaco","ALTA","NO","El modelo SERIO, siguiendo el tratamiento estándar de las matrices insumo-producto y del Sistema de Cuentas Nacionales de México, modela el comercio al por mayor (sector SCIAN 43 completo) como un único sector de margen comercial, sin desagregar por tipo de mercancía comerciada. El subsector 436 queda económicamente contenido en su totalidad dentro de esa actividad de margen, por lo que se asigna al sector SERIO representativo '431' con criterio de agregación metodológica explícita (no ambigüedad de contenido, solo de nivel de agregación)."
"subsector","437","Intermediación de comercio al por mayor","Comercio al por mayor de abarrotes, alimentos, bebidas, hielo y tabaco","ALTA","NO","El modelo SERIO, siguiendo el tratamiento estándar de las matrices insumo-producto y del Sistema de Cuentas Nacionales de México, modela el comercio al por mayor (sector SCIAN 43 completo) como un único sector de margen comercial, sin desagregar por tipo de mercancía comerciada. El subsector 437 queda económicamente contenido en su totalidad dentro de esa actividad de margen, por lo que se asigna al sector SERIO representativo '431' con criterio de agregación metodológica explícita (no ambigüedad de contenido, solo de nivel de agregación)."
"subsector","461","Comercio al por menor de abarrotes, alimentos, bebidas, hielo y tabaco","Comercio al por menor de abarrotes, alimentos, bebidas, hielo y tabaco","ALTA","NO","Coincidencia directa y exacta uno a uno: el subsector SCIAN 461 ('Comercio al por menor de abarrotes, alimentos, bebidas, hielo y tabaco') es, literalmente, uno de los 78 sectores oficiales del modelo SERIO ('Comercio al por menor de abarrotes, alimentos, bebidas, hielo y tabaco'). No requiere inferencia económica adicional."
"subsector","462","Comercio al por menor en tiendas de autoservicio y departamentales","Comercio al por menor de abarrotes, alimentos, bebidas, hielo y tabaco","ALTA","NO","El modelo SERIO modela el comercio al por menor (sector SCIAN 46 completo) como un único sector de margen comercial, siguiendo el mismo criterio metodológico aplicado al comercio al por mayor. El subsector 462 queda contenido íntegramente en dicha actividad de margen y se asigna al sector SERIO representativo '461'."
"subsector","463","Comercio al por menor de productos textiles, bisutería, accesorios de vestir y calzado","Comercio al por menor de abarrotes, alimentos, bebidas, hielo y tabaco","ALTA","NO","El modelo SERIO modela el comercio al por menor (sector SCIAN 46 completo) como un único sector de margen comercial, siguiendo el mismo criterio metodológico aplicado al comercio al por mayor. El subsector 463 queda contenido íntegramente en dicha actividad de margen y se asigna al sector SERIO representativo '461'."
"subsector","464","Comercio al por menor de artículos para el cuidado de la salud","Comercio al por menor de abarrotes, alimentos, bebidas, hielo y tabaco","ALTA","NO","El modelo SERIO modela el comercio al por menor (sector SCIAN 46 completo) como un único sector de margen comercial, siguiendo el mismo criterio metodológico aplicado al comercio al por mayor. El subsector 464 queda contenido íntegramente en dicha actividad de margen y se asigna al sector SERIO representativo '461'."
"subsector","465","Comercio al por menor de artículos de papelería, para el esparcimiento y otros artículos de uso personal","Comercio al por menor de abarrotes, alimentos, bebidas, hielo y tabaco","ALTA","NO","El modelo SERIO modela el comercio al por menor (sector SCIAN 46 completo) como un único sector de margen comercial, siguiendo el mismo criterio metodológico aplicado al comercio al por mayor. El subsector 465 queda contenido íntegramente en dicha actividad de margen y se asigna al sector SERIO representativo '461'."
"subsector","466","Comercio al por menor de enseres domésticos, computadoras, artículos para la decoración de interiores y artículos usados","Comercio al por menor de abarrotes, alimentos, bebidas, hielo y tabaco","ALTA","NO","El modelo SERIO modela el comercio al por menor (sector SCIAN 46 completo) como un único sector de margen comercial, siguiendo el mismo criterio metodológico aplicado al comercio al por mayor. El subsector 466 queda contenido íntegramente en dicha actividad de margen y se asigna al sector SERIO representativo '461'."
"subsector","467","Comercio al por menor de artículos de ferretería, tlapalería y vidrios","Comercio al por menor de abarrotes, alimentos, bebidas, hielo y tabaco","ALTA","NO","El modelo SERIO modela el comercio al por menor (sector SCIAN 46 completo) como un único sector de margen comercial, siguiendo el mismo criterio metodológico aplicado al comercio al por mayor. El subsector 467 queda contenido íntegramente en dicha actividad de margen y se asigna al sector SERIO representativo '461'."
"subsector","468","Comercio al por menor de vehículos de motor, refacciones, combustibles y lubricantes","Comercio al por menor de abarrotes, alimentos, bebidas, hielo y tabaco","ALTA","NO","El modelo SERIO modela el comercio al por menor (sector SCIAN 46 completo) como un único sector de margen comercial, siguiendo el mismo criterio metodológico aplicado al comercio al por mayor. El subsector 468 queda contenido íntegramente en dicha actividad de margen y se asigna al sector SERIO representativo '461'."
"subsector","469","Intermediación de comercio al por menor, y comercio al por menor a través de catálogos impresos, televisión y similares","Comercio al por menor de abarrotes, alimentos, bebidas, hielo y tabaco","ALTA","NO","El modelo SERIO modela el comercio al por menor (sector SCIAN 46 completo) como un único sector de margen comercial, siguiendo el mismo criterio metodológico aplicado al comercio al por mayor. El subsector 469 queda contenido íntegramente en dicha actividad de margen y se asigna al sector SERIO representativo '461'."
"subsector","481","Transporte aéreo","Transporte aéreo","ALTA","NO","Coincidencia directa y exacta uno a uno: el subsector SCIAN 481 ('Transporte aéreo') es, literalmente, uno de los 78 sectores oficiales del modelo SERIO ('Transporte aéreo'). No requiere inferencia económica adicional."
"subsector","482","Transporte por ferrocarril","Transporte por ferrocarril","ALTA","NO","Coincidencia directa y exacta uno a uno: el subsector SCIAN 482 ('Transporte por ferrocarril') es, literalmente, uno de los 78 sectores oficiales del modelo SERIO ('Transporte por ferrocarril'). No requiere inferencia económica adicional."
"subsector","483","Transporte por agua","Transporte por agua","ALTA","NO","Coincidencia directa y exacta uno a uno: el subsector SCIAN 483 ('Transporte por agua') es, literalmente, uno de los 78 sectores oficiales del modelo SERIO ('Transporte por agua'). No requiere inferencia económica adicional."
"subsector","484","Autotransporte de carga","Autotransporte de carga","ALTA","NO","Coincidencia directa y exacta uno a uno: el subsector SCIAN 484 ('Autotransporte de carga') es, literalmente, uno de los 78 sectores oficiales del modelo SERIO ('Autotransporte de carga'). No requiere inferencia económica adicional."
"subsector","485","Transporte terrestre de pasajeros, excepto por ferrocarril","Transporte terrestre de pasajeros, excepto por ferrocarril","ALTA","NO","Coincidencia directa y exacta uno a uno: el subsector SCIAN 485 ('Transporte terrestre de pasajeros, excepto por ferrocarril') es, literalmente, uno de los 78 sectores oficiales del modelo SERIO ('Transporte terrestre de pasajeros, excepto por ferrocarril'). No requiere inferencia económica adicional."
"subsector","486","Transporte por ductos","Transporte por ductos","ALTA","NO","Coincidencia directa y exacta uno a uno: el subsector SCIAN 486 ('Transporte por ductos') es, literalmente, uno de los 78 sectores oficiales del modelo SERIO ('Transporte por ductos'). No requiere inferencia económica adicional."
"subsector","487","Transporte turístico","Transporte turístico","ALTA","NO","Coincidencia directa y exacta uno a uno: el subsector SCIAN 487 ('Transporte turístico') es, literalmente, uno de los 78 sectores oficiales del modelo SERIO ('Transporte turístico'). No requiere inferencia económica adicional."
"subsector","488","Servicios relacionados con el transporte","Servicios relacionados con el transporte","ALTA","NO","Coincidencia directa y exacta uno a uno: el subsector SCIAN 488 ('Servicios relacionados con el transporte') es, literalmente, uno de los 78 sectores oficiales del modelo SERIO ('Servicios relacionados con el transporte'). No requiere inferencia económica adicional."
"subsector","491","Servicios postales","Servicios postales","ALTA","NO","Coincidencia directa y exacta uno a uno: el subsector SCIAN 491 ('Servicios postales') es, literalmente, uno de los 78 sectores oficiales del modelo SERIO ('Servicios postales'). No requiere inferencia económica adicional."
"subsector","492","Servicios de mensajería y paquetería","Servicios de mensajería y paquetería","ALTA","NO","Coincidencia directa y exacta uno a uno: el subsector SCIAN 492 ('Servicios de mensajería y paquetería') es, literalmente, uno de los 78 sectores oficiales del modelo SERIO ('Servicios de mensajería y paquetería'). No requiere inferencia económica adicional."
"subsector","493","Servicios de almacenamiento","Servicios de almacenamiento","ALTA","NO","Coincidencia directa y exacta uno a uno: el subsector SCIAN 493 ('Servicios de almacenamiento') es, literalmente, uno de los 78 sectores oficiales del modelo SERIO ('Servicios de almacenamiento'). No requiere inferencia económica adicional."
"subsector","512","Industria fílmica y del video, e industria del sonido","Industria fílmica y del video, e industria del sonido","ALTA","NO","Coincidencia directa y exacta uno a uno: el subsector SCIAN 512 ('Industria fílmica y del video, e industria del sonido') es, literalmente, uno de los 78 sectores oficiales del modelo SERIO ('Industria fílmica y del video, e industria del sonido'). No requiere inferencia económica adicional."
"subsector","513","Edición de periódicos, revistas, libros, directorios, software y otros materiales","Edición de periódicos, revistas, libros, software y otros materiales, y edición de estas publicaciones integrada con la impresión","MEDIA","SI","La actualización SCIAN reorganizó el subsector 511 (SCIAN base 2018: 'Edición de periódicos, revistas, libros, software y otros materiales, y edición de estas publicaciones integrada con la impresión') en el subsector 513, separando en una rama distinta la edición de software. El contenido económico central (edición de publicaciones) corresponde al sector SERIO 511, pero se marca para revisión porque SERIO opera sobre la codificación SCIAN 2018 y debe confirmarse la equivalencia exacta a nivel de rama antes de heredar la asignación de forma automática."
"subsector","516","Radio y televisión y provisión de contenido","Radio y televisión","MEDIA","SI","La actualización SCIAN renombró y renumeró el subsector 515 (SCIAN base 2018: 'Radio y televisión') como subsector 516 ('Radio y televisión y provisión de contenido'), incorporando explícitamente streaming y redes sociales de contenido audiovisual. El núcleo económico corresponde al sector SERIO 515, pero se marca para revisión por el mismo motivo de vigencia de catálogo (SERIO usa base SCIAN 2018) y porque las nuevas ramas de streaming podrían ameritar discusión sobre si pertenecen a 515 o deben tratarse aparte."
"subsector","517","Telecomunicaciones","Telecomunicaciones","ALTA","NO","Coincidencia directa y exacta uno a uno: el subsector SCIAN 517 ('Telecomunicaciones') es, literalmente, uno de los 78 sectores oficiales del modelo SERIO ('Telecomunicaciones'). No requiere inferencia económica adicional."
"subsector","518","Provisión de infraestructura de servicios de cómputo, procesamiento de datos, hospedaje de páginas de internet y otros servicios relacionados","Procesamiento electrónico de información, hospedaje y otros servicios relacionados","ALTA","NO","Coincidencia directa y exacta uno a uno: el subsector SCIAN 518 ('Provisión de infraestructura de servicios de cómputo, procesamiento de datos, hospedaje de páginas de internet y otros servicios relacionados') es, literalmente, uno de los 78 sectores oficiales del modelo SERIO ('Procesamiento electrónico de información, hospedaje y otros servicios relacionados'). No requiere inferencia económica adicional."
"subsector","519","Bibliotecas, archivos, portales de búsqueda en la red y otros servicios de suministro de información","Otros servicios de información","ALTA","NO","Coincidencia directa y exacta uno a uno: el subsector SCIAN 519 ('Bibliotecas, archivos, portales de búsqueda en la red y otros servicios de suministro de información') es, literalmente, uno de los 78 sectores oficiales del modelo SERIO ('Otros servicios de información'). No requiere inferencia económica adicional."
"subsector","521","Banca central","Banca central","ALTA","NO","Coincidencia directa y exacta uno a uno: el subsector SCIAN 521 ('Banca central') es, literalmente, uno de los 78 sectores oficiales del modelo SERIO ('Banca central'). No requiere inferencia económica adicional."
"subsector","522","Instituciones de intermediación crediticia y financiera no bursátil","Instituciones de intermediación crediticia y financiera no bursátil","ALTA","NO","Coincidencia directa y exacta uno a uno: el subsector SCIAN 522 ('Instituciones de intermediación crediticia y financiera no bursátil') es, literalmente, uno de los 78 sectores oficiales del modelo SERIO ('Instituciones de intermediación crediticia y financiera no bursátil'). No requiere inferencia económica adicional."
"subsector","523","Actividades bursátiles, cambiarias y de inversión financiera","Actividades bursátiles, cambiarias y de inversión financiera","ALTA","NO","Coincidencia directa y exacta uno a uno: el subsector SCIAN 523 ('Actividades bursátiles, cambiarias y de inversión financiera') es, literalmente, uno de los 78 sectores oficiales del modelo SERIO ('Actividades bursátiles, cambiarias y de inversión financiera'). No requiere inferencia económica adicional."
"subsector","524","Compañías de seguros, fianzas, y administración de fondos para el retiro","Compañías de seguros, fianzas, y administración de fondos para el retiro","ALTA","NO","Coincidencia directa y exacta uno a uno: el subsector SCIAN 524 ('Compañías de seguros, fianzas, y administración de fondos para el retiro') es, literalmente, uno de los 78 sectores oficiales del modelo SERIO ('Compañías de seguros, fianzas, y administración de fondos para el retiro'). No requiere inferencia económica adicional."
"subsector","525","Sociedades de inversión especializadas en fondos para el retiro y fondos de inversión","Compañías de seguros, fianzas, y administración de fondos para el retiro","MEDIA","NO","Las sociedades de inversión especializadas en fondos para el retiro y los fondos de inversión (525) constituyen una extensión funcional directa de la administración de fondos para el retiro ya contenida en la definición oficial del sector SERIO 524 ('Compañías de seguros, fianzas, y administración de fondos para el retiro'). Ambas actividades pertenecen a la misma cadena de intermediación del ahorro para el retiro (AFORE/SIEFORE) dentro del sistema financiero mexicano. Se asigna con confianza media porque es una decisión de agregación razonable pero no una identidad textual exacta; no se marca para revisión porque no existe ambigüedad real de pertenencia sectorial (no podría pertenecer, por ejemplo, a servicios inmobiliarios o servicios profesionales)."
"subsector","531","Servicios inmobiliarios","Servicios inmobiliarios","ALTA","NO","Coincidencia directa y exacta uno a uno: el subsector SCIAN 531 ('Servicios inmobiliarios') es, literalmente, uno de los 78 sectores oficiales del modelo SERIO ('Servicios inmobiliarios'). No requiere inferencia económica adicional."
"subsector","532","Servicios de alquiler de bienes muebles","Servicios de alquiler de bienes muebles","ALTA","NO","Coincidencia directa y exacta uno a uno: el subsector SCIAN 532 ('Servicios de alquiler de bienes muebles') es, literalmente, uno de los 78 sectores oficiales del modelo SERIO ('Servicios de alquiler de bienes muebles'). No requiere inferencia económica adicional."
"subsector","533","Servicios de alquiler de marcas registradas, patentes y franquicias","Servicios de alquiler de marcas registradas, patentes y franquicias","ALTA","NO","Coincidencia directa y exacta uno a uno: el subsector SCIAN 533 ('Servicios de alquiler de marcas registradas, patentes y franquicias') es, literalmente, uno de los 78 sectores oficiales del modelo SERIO ('Servicios de alquiler de marcas registradas, patentes y franquicias'). No requiere inferencia económica adicional."
"subsector","541","Servicios profesionales, científicos y técnicos","Servicios profesionales, científicos y técnicos","ALTA","NO","Coincidencia directa y exacta uno a uno: el subsector SCIAN 541 ('Servicios profesionales, científicos y técnicos') es, literalmente, uno de los 78 sectores oficiales del modelo SERIO ('Servicios profesionales, científicos y técnicos'). No requiere inferencia económica adicional."
"subsector","551","Dirección y administración de grupos empresariales o corporativos","Corporativos","ALTA","NO","Coincidencia directa y exacta uno a uno: el subsector SCIAN 551 ('Dirección y administración de grupos empresariales o corporativos') es, literalmente, uno de los 78 sectores oficiales del modelo SERIO ('Corporativos'). No requiere inferencia económica adicional."
"subsector","561","Servicios de apoyo a los negocios","Servicios de apoyo a los negocios","ALTA","NO","Coincidencia directa y exacta uno a uno: el subsector SCIAN 561 ('Servicios de apoyo a los negocios') es, literalmente, uno de los 78 sectores oficiales del modelo SERIO ('Servicios de apoyo a los negocios'). No requiere inferencia económica adicional."
"subsector","562","Manejo de residuos y servicios de remediación","Manejo de residuos y servicios de remediación","ALTA","NO","Coincidencia directa y exacta uno a uno: el subsector SCIAN 562 ('Manejo de residuos y servicios de remediación') es, literalmente, uno de los 78 sectores oficiales del modelo SERIO ('Manejo de residuos y servicios de remediación'). No requiere inferencia económica adicional."
"subsector","611","Servicios educativos","Servicios educativos","ALTA","NO","Coincidencia directa y exacta uno a uno: el subsector SCIAN 611 ('Servicios educativos') es, literalmente, uno de los 78 sectores oficiales del modelo SERIO ('Servicios educativos'). No requiere inferencia económica adicional."
"subsector","621","Servicios médicos de consulta externa y servicios relacionados","Servicios médicos de consulta externa y servicios relacionados","ALTA","NO","Coincidencia directa y exacta uno a uno: el subsector SCIAN 621 ('Servicios médicos de consulta externa y servicios relacionados') es, literalmente, uno de los 78 sectores oficiales del modelo SERIO ('Servicios médicos de consulta externa y servicios relacionados'). No requiere inferencia económica adicional."
"subsector","622","Hospitales","Hospitales","ALTA","NO","Coincidencia directa y exacta uno a uno: el subsector SCIAN 622 ('Hospitales') es, literalmente, uno de los 78 sectores oficiales del modelo SERIO ('Hospitales'). No requiere inferencia económica adicional."
"subsector","623","Residencias de asistencia social y para el cuidado de la salud","Residencias de asistencia social y para el cuidado de la salud","ALTA","NO","Coincidencia directa y exacta uno a uno: el subsector SCIAN 623 ('Residencias de asistencia social y para el cuidado de la salud') es, literalmente, uno de los 78 sectores oficiales del modelo SERIO ('Residencias de asistencia social y para el cuidado de la salud'). No requiere inferencia económica adicional."
"subsector","624","Otros servicios de asistencia social","Otros servicios de asistencia social","ALTA","NO","Coincidencia directa y exacta uno a uno: el subsector SCIAN 624 ('Otros servicios de asistencia social') es, literalmente, uno de los 78 sectores oficiales del modelo SERIO ('Otros servicios de asistencia social'). No requiere inferencia económica adicional."
"subsector","711","Servicios artísticos, culturales y deportivos, y otros servicios relacionados","Servicios artísticos, culturales y deportivos, y otros servicios relacionados","ALTA","NO","Coincidencia directa y exacta uno a uno: el subsector SCIAN 711 ('Servicios artísticos, culturales y deportivos, y otros servicios relacionados') es, literalmente, uno de los 78 sectores oficiales del modelo SERIO ('Servicios artísticos, culturales y deportivos, y otros servicios relacionados'). No requiere inferencia económica adicional."
"subsector","712","Museos, sitios históricos, zoológicos y similares","Museos, sitios históricos, zoológicos y similares","ALTA","NO","Coincidencia directa y exacta uno a uno: el subsector SCIAN 712 ('Museos, sitios históricos, zoológicos y similares') es, literalmente, uno de los 78 sectores oficiales del modelo SERIO ('Museos, sitios históricos, zoológicos y similares'). No requiere inferencia económica adicional."
"subsector","713","Servicios de entretenimiento en instalaciones recreativas y otros servicios recreativos","Servicios de entretenimiento en instalaciones recreativas y otros servicios recreativos","ALTA","NO","Coincidencia directa y exacta uno a uno: el subsector SCIAN 713 ('Servicios de entretenimiento en instalaciones recreativas y otros servicios recreativos') es, literalmente, uno de los 78 sectores oficiales del modelo SERIO ('Servicios de entretenimiento en instalaciones recreativas y otros servicios recreativos'). No requiere inferencia económica adicional."
"subsector","721","Servicios de alojamiento temporal","Servicios de alojamiento temporal","ALTA","NO","Coincidencia directa y exacta uno a uno: el subsector SCIAN 721 ('Servicios de alojamiento temporal') es, literalmente, uno de los 78 sectores oficiales del modelo SERIO ('Servicios de alojamiento temporal'). No requiere inferencia económica adicional."
"subsector","722","Servicios de preparación de alimentos y bebidas","Servicios de preparación de alimentos y bebidas","ALTA","NO","Coincidencia directa y exacta uno a uno: el subsector SCIAN 722 ('Servicios de preparación de alimentos y bebidas') es, literalmente, uno de los 78 sectores oficiales del modelo SERIO ('Servicios de preparación de alimentos y bebidas'). No requiere inferencia económica adicional."
"subsector","811","Servicios de reparación y mantenimiento","Servicios de reparación y mantenimiento","ALTA","NO","Coincidencia directa y exacta uno a uno: el subsector SCIAN 811 ('Servicios de reparación y mantenimiento') es, literalmente, uno de los 78 sectores oficiales del modelo SERIO ('Servicios de reparación y mantenimiento'). No requiere inferencia económica adicional."
"subsector","812","Servicios personales","Servicios personales","ALTA","NO","Coincidencia directa y exacta uno a uno: el subsector SCIAN 812 ('Servicios personales') es, literalmente, uno de los 78 sectores oficiales del modelo SERIO ('Servicios personales'). No requiere inferencia económica adicional."
"subsector","813","Asociaciones y organizaciones","Asociaciones y organizaciones","ALTA","NO","Coincidencia directa y exacta uno a uno: el subsector SCIAN 813 ('Asociaciones y organizaciones') es, literalmente, uno de los 78 sectores oficiales del modelo SERIO ('Asociaciones y organizaciones'). No requiere inferencia económica adicional."
"subsector","814","Hogares con empleados domésticos","Hogares con empleados domésticos","ALTA","NO","Coincidencia directa y exacta uno a uno: el subsector SCIAN 814 ('Hogares con empleados domésticos') es, literalmente, uno de los 78 sectores oficiales del modelo SERIO ('Hogares con empleados domésticos'). No requiere inferencia económica adicional."
"subsector","931","Actividades legislativas, gubernamentales y de impartición de justicia","Actividades legislativas, gubernamentales y de impartición de justicia","ALTA","NO","Coincidencia directa y exacta uno a uno: el subsector SCIAN 931 ('Actividades legislativas, gubernamentales y de impartición de justicia') es, literalmente, uno de los 78 sectores oficiales del modelo SERIO ('Actividades legislativas, gubernamentales y de impartición de justicia'). No requiere inferencia económica adicional."
"subsector","932","Organismos internacionales y extraterritoriales","Actividades legislativas, gubernamentales y de impartición de justicia","MEDIA","SI","La actualización SCIAN separó 'Organismos internacionales y extraterritoriales' como subsector independiente (932); en SCIAN base 2018 -que es la base del modelo SERIO- esta actividad estaba integrada en el subsector único 931 ('Actividades legislativas, gubernamentales, de impartición de justicia y de organismos internacionales y extraterritoriales'), que es como aparece en el catálogo de 78 sectores SERIO. Se marca para revisión por el mismo motivo de vigencia de catálogo que en los casos 513 y 516."
"rama","1111","Cultivo de semillas oleaginosas, leguminosas y cereales","Agricultura","ALTA","NO","Hereda la clasificación de su subsector padre SCIAN 111 ('Agricultura'), asignado al sector SERIO 'Agricultura'. Fundamento del subsector padre: Coincidencia directa y exacta uno a uno: el subsector SCIAN 111 ('Agricultura') es, literalmente, uno de los 78 sectores oficiales del modelo SERIO ('Agricultura'). No requiere inferencia económica adicional."
"rama","1112","Cultivo de hortalizas","Agricultura","ALTA","NO","Hereda la clasificación de su subsector padre SCIAN 111 ('Agricultura'), asignado al sector SERIO 'Agricultura'. Fundamento del subsector padre: Coincidencia directa y exacta uno a uno: el subsector SCIAN 111 ('Agricultura') es, literalmente, uno de los 78 sectores oficiales del modelo SERIO ('Agricultura'). No requiere inferencia económica adicional."
"rama","1113","Cultivo de frutales y nueces","Agricultura","ALTA","NO","Hereda la clasificación de su subsector padre SCIAN 111 ('Agricultura'), asignado al sector SERIO 'Agricultura'. Fundamento del subsector padre: Coincidencia directa y exacta uno a uno: el subsector SCIAN 111 ('Agricultura') es, literalmente, uno de los 78 sectores oficiales del modelo SERIO ('Agricultura'). No requiere inferencia económica adicional."
"rama","1114","Cultivo en invernaderos y otras estructuras agrícolas protegidas, y floricultura","Agricultura","ALTA","NO","Hereda la clasificación de su subsector padre SCIAN 111 ('Agricultura'), asignado al sector SERIO 'Agricultura'. Fundamento del subsector padre: Coincidencia directa y exacta uno a uno: el subsector SCIAN 111 ('Agricultura') es, literalmente, uno de los 78 sectores oficiales del modelo SERIO ('Agricultura'). No requiere inferencia económica adicional."
"rama","1119","Otros cultivos","Agricultura","ALTA","NO","Hereda la clasificación de su subsector padre SCIAN 111 ('Agricultura'), asignado al sector SERIO 'Agricultura'. Fundamento del subsector padre: Coincidencia directa y exacta uno a uno: el subsector SCIAN 111 ('Agricultura') es, literalmente, uno de los 78 sectores oficiales del modelo SERIO ('Agricultura'). No requiere inferencia económica adicional."
"rama","1121","Explotación de bovinos","Cría y explotación de animales","ALTA","NO","Hereda la clasificación de su subsector padre SCIAN 112 ('Cría y explotación de animales'), asignado al sector SERIO 'Cría y explotación de animales'. Fundamento del subsector padre: Coincidencia directa y exacta uno a uno: el subsector SCIAN 112 ('Cría y explotación de animales') es, literalmente, uno de los 78 sectores oficiales del modelo SERIO ('Cría y explotación de animales'). No requiere inferencia económica adicional."
"rama","1122","Explotación de porcinos","Cría y explotación de animales","ALTA","NO","Hereda la clasificación de su subsector padre SCIAN 112 ('Cría y explotación de animales'), asignado al sector SERIO 'Cría y explotación de animales'. Fundamento del subsector padre: Coincidencia directa y exacta uno a uno: el subsector SCIAN 112 ('Cría y explotación de animales') es, literalmente, uno de los 78 sectores oficiales del modelo SERIO ('Cría y explotación de animales'). No requiere inferencia económica adicional."
"rama","1123","Explotación avícola","Cría y explotación de animales","ALTA","NO","Hereda la clasificación de su subsector padre SCIAN 112 ('Cría y explotación de animales'), asignado al sector SERIO 'Cría y explotación de animales'. Fundamento del subsector padre: Coincidencia directa y exacta uno a uno: el subsector SCIAN 112 ('Cría y explotación de animales') es, literalmente, uno de los 78 sectores oficiales del modelo SERIO ('Cría y explotación de animales'). No requiere inferencia económica adicional."
"rama","1124","Explotación de ovinos y caprinos","Cría y explotación de animales","ALTA","NO","Hereda la clasificación de su subsector padre SCIAN 112 ('Cría y explotación de animales'), asignado al sector SERIO 'Cría y explotación de animales'. Fundamento del subsector padre: Coincidencia directa y exacta uno a uno: el subsector SCIAN 112 ('Cría y explotación de animales') es, literalmente, uno de los 78 sectores oficiales del modelo SERIO ('Cría y explotación de animales'). No requiere inferencia económica adicional."
"rama","1125","Acuicultura","Cría y explotación de animales","ALTA","NO","Hereda la clasificación de su subsector padre SCIAN 112 ('Cría y explotación de animales'), asignado al sector SERIO 'Cría y explotación de animales'. Fundamento del subsector padre: Coincidencia directa y exacta uno a uno: el subsector SCIAN 112 ('Cría y explotación de animales') es, literalmente, uno de los 78 sectores oficiales del modelo SERIO ('Cría y explotación de animales'). No requiere inferencia económica adicional."
"rama","1129","Explotación de otros animales","Cría y explotación de animales","ALTA","NO","Hereda la clasificación de su subsector padre SCIAN 112 ('Cría y explotación de animales'), asignado al sector SERIO 'Cría y explotación de animales'. Fundamento del subsector padre: Coincidencia directa y exacta uno a uno: el subsector SCIAN 112 ('Cría y explotación de animales') es, literalmente, uno de los 78 sectores oficiales del modelo SERIO ('Cría y explotación de animales'). No requiere inferencia económica adicional."
"rama","1131","Silvicultura","Aprovechamiento forestal","ALTA","NO","Hereda la clasificación de su subsector padre SCIAN 113 ('Aprovechamiento forestal'), asignado al sector SERIO 'Aprovechamiento forestal'. Fundamento del subsector padre: Coincidencia directa y exacta uno a uno: el subsector SCIAN 113 ('Aprovechamiento forestal') es, literalmente, uno de los 78 sectores oficiales del modelo SERIO ('Aprovechamiento forestal'). No requiere inferencia económica adicional."
"rama","1132","Viveros forestales y recolección de productos forestales","Aprovechamiento forestal","ALTA","NO","Hereda la clasificación de su subsector padre SCIAN 113 ('Aprovechamiento forestal'), asignado al sector SERIO 'Aprovechamiento forestal'. Fundamento del subsector padre: Coincidencia directa y exacta uno a uno: el subsector SCIAN 113 ('Aprovechamiento forestal') es, literalmente, uno de los 78 sectores oficiales del modelo SERIO ('Aprovechamiento forestal'). No requiere inferencia económica adicional."
"rama","1133","Aprovechamiento de árboles","Aprovechamiento forestal","ALTA","NO","Hereda la clasificación de su subsector padre SCIAN 113 ('Aprovechamiento forestal'), asignado al sector SERIO 'Aprovechamiento forestal'. Fundamento del subsector padre: Coincidencia directa y exacta uno a uno: el subsector SCIAN 113 ('Aprovechamiento forestal') es, literalmente, uno de los 78 sectores oficiales del modelo SERIO ('Aprovechamiento forestal'). No requiere inferencia económica adicional."
"rama","1141","Pesca","Pesca, caza y captura","ALTA","NO","Hereda la clasificación de su subsector padre SCIAN 114 ('Pesca, caza y captura'), asignado al sector SERIO 'Pesca, caza y captura'. Fundamento del subsector padre: Coincidencia directa y exacta uno a uno: el subsector SCIAN 114 ('Pesca, caza y captura') es, literalmente, uno de los 78 sectores oficiales del modelo SERIO ('Pesca, caza y captura'). No requiere inferencia económica adicional."
"rama","1142","Caza y captura","Pesca, caza y captura","ALTA","NO","Hereda la clasificación de su subsector padre SCIAN 114 ('Pesca, caza y captura'), asignado al sector SERIO 'Pesca, caza y captura'. Fundamento del subsector padre: Coincidencia directa y exacta uno a uno: el subsector SCIAN 114 ('Pesca, caza y captura') es, literalmente, uno de los 78 sectores oficiales del modelo SERIO ('Pesca, caza y captura'). No requiere inferencia económica adicional."
"rama","1151","Servicios relacionados con la agricultura","Servicios relacionados con las actividades agropecuarias y forestales","ALTA","NO","Hereda la clasificación de su subsector padre SCIAN 115 ('Servicios relacionados con las actividades agropecuarias y forestales'), asignado al sector SERIO 'Servicios relacionados con las actividades agropecuarias y forestales'. Fundamento del subsector padre: Coincidencia directa y exacta uno a uno: el subsector SCIAN 115 ('Servicios relacionados con las actividades agropecuarias y forestales') es, literalmente, uno de los 78 sectores oficiales del modelo SERIO ('Servicios relacionados con las actividades agropecuarias y forestales'). No requiere inferencia económica adicional."
"rama","1152","Servicios relacionados con la cría y explotación de animales","Servicios relacionados con las actividades agropecuarias y forestales","ALTA","NO","Hereda la clasificación de su subsector padre SCIAN 115 ('Servicios relacionados con las actividades agropecuarias y forestales'), asignado al sector SERIO 'Servicios relacionados con las actividades agropecuarias y forestales'. Fundamento del subsector padre: Coincidencia directa y exacta uno a uno: el subsector SCIAN 115 ('Servicios relacionados con las actividades agropecuarias y forestales') es, literalmente, uno de los 78 sectores oficiales del modelo SERIO ('Servicios relacionados con las actividades agropecuarias y forestales'). No requiere inferencia económica adicional."
"rama","1153","Servicios relacionados con el aprovechamiento forestal","Servicios relacionados con las actividades agropecuarias y forestales","ALTA","NO","Hereda la clasificación de su subsector padre SCIAN 115 ('Servicios relacionados con las actividades agropecuarias y forestales'), asignado al sector SERIO 'Servicios relacionados con las actividades agropecuarias y forestales'. Fundamento del subsector padre: Coincidencia directa y exacta uno a uno: el subsector SCIAN 115 ('Servicios relacionados con las actividades agropecuarias y forestales') es, literalmente, uno de los 78 sectores oficiales del modelo SERIO ('Servicios relacionados con las actividades agropecuarias y forestales'). No requiere inferencia económica adicional."
"rama","2111","Extracción de petróleo y gas","Extracción de petróleo y gas","ALTA","NO","Hereda la clasificación de su subsector padre SCIAN 211 ('Extracción de petróleo y gas'), asignado al sector SERIO 'Extracción de petróleo y gas'. Fundamento del subsector padre: Coincidencia directa y exacta uno a uno: el subsector SCIAN 211 ('Extracción de petróleo y gas') es, literalmente, uno de los 78 sectores oficiales del modelo SERIO ('Extracción de petróleo y gas'). No requiere inferencia económica adicional."
"rama","2121","Minería de carbón mineral","Minería de minerales metálicos y no metálicos, excepto petróleo y gas","ALTA","NO","Hereda la clasificación de su subsector padre SCIAN 212 ('Minería de minerales metálicos y no metálicos, excepto petróleo y gas'), asignado al sector SERIO 'Minería de minerales metálicos y no metálicos, excepto petróleo y gas'. Fundamento del subsector padre: Coincidencia directa y exacta uno a uno: el subsector SCIAN 212 ('Minería de minerales metálicos y no metálicos, excepto petróleo y gas') es, literalmente, uno de los 78 sectores oficiales del modelo SERIO ('Minería de minerales metálicos y no metálicos, excepto petróleo y gas'). No requiere inferencia económica adicional."
"rama","2122","Minería de minerales metálicos","Minería de minerales metálicos y no metálicos, excepto petróleo y gas","ALTA","NO","Hereda la clasificación de su subsector padre SCIAN 212 ('Minería de minerales metálicos y no metálicos, excepto petróleo y gas'), asignado al sector SERIO 'Minería de minerales metálicos y no metálicos, excepto petróleo y gas'. Fundamento del subsector padre: Coincidencia directa y exacta uno a uno: el subsector SCIAN 212 ('Minería de minerales metálicos y no metálicos, excepto petróleo y gas') es, literalmente, uno de los 78 sectores oficiales del modelo SERIO ('Minería de minerales metálicos y no metálicos, excepto petróleo y gas'). No requiere inferencia económica adicional."
"rama","2123","Minería de minerales no metálicos","Minería de minerales metálicos y no metálicos, excepto petróleo y gas","ALTA","NO","Hereda la clasificación de su subsector padre SCIAN 212 ('Minería de minerales metálicos y no metálicos, excepto petróleo y gas'), asignado al sector SERIO 'Minería de minerales metálicos y no metálicos, excepto petróleo y gas'. Fundamento del subsector padre: Coincidencia directa y exacta uno a uno: el subsector SCIAN 212 ('Minería de minerales metálicos y no metálicos, excepto petróleo y gas') es, literalmente, uno de los 78 sectores oficiales del modelo SERIO ('Minería de minerales metálicos y no metálicos, excepto petróleo y gas'). No requiere inferencia económica adicional."
"rama","2131","Servicios relacionados con la minería","Servicios relacionados con la minería","ALTA","NO","Hereda la clasificación de su subsector padre SCIAN 213 ('Servicios relacionados con la minería'), asignado al sector SERIO 'Servicios relacionados con la minería'. Fundamento del subsector padre: Coincidencia directa y exacta uno a uno: el subsector SCIAN 213 ('Servicios relacionados con la minería') es, literalmente, uno de los 78 sectores oficiales del modelo SERIO ('Servicios relacionados con la minería'). No requiere inferencia económica adicional."
"rama","2211","Generación, transmisión, distribución y comercialización de energía eléctrica","Generación, transmisión, distribución y comercialización de energía eléctrica, suministro de agua y de gas natural por ductos al consumidor final","ALTA","NO","Hereda la clasificación de su subsector padre SCIAN 221 ('Generación, transmisión, distribución y comercialización de energía eléctrica, suministro de agua y de gas natural por ductos al consumidor final'), asignado al sector SERIO 'Generación, transmisión, distribución y comercialización de energía eléctrica, suministro de agua y de gas natural por ductos al consumidor final'. Fundamento del subsector padre: Coincidencia directa y exacta uno a uno: el subsector SCIAN 221 ('Generación, transmisión, distribución y comercialización de energía eléctrica, suministro de agua y de gas natural por ductos al consumidor final') es, literalmente, uno de los 78 sectores oficiales del modelo SERIO ('Generación, transmisión, distribución y comercialización de energía eléctrica, suministro de agua y de gas natural por ductos al consumidor final'). No requiere inferencia económica adicional."
"rama","2212","Suministro de gas natural por ductos al consumidor final","Generación, transmisión, distribución y comercialización de energía eléctrica, suministro de agua y de gas natural por ductos al consumidor final","ALTA","NO","Hereda la clasificación de su subsector padre SCIAN 221 ('Generación, transmisión, distribución y comercialización de energía eléctrica, suministro de agua y de gas natural por ductos al consumidor final'), asignado al sector SERIO 'Generación, transmisión, distribución y comercialización de energía eléctrica, suministro de agua y de gas natural por ductos al consumidor final'. Fundamento del subsector padre: Coincidencia directa y exacta uno a uno: el subsector SCIAN 221 ('Generación, transmisión, distribución y comercialización de energía eléctrica, suministro de agua y de gas natural por ductos al consumidor final') es, literalmente, uno de los 78 sectores oficiales del modelo SERIO ('Generación, transmisión, distribución y comercialización de energía eléctrica, suministro de agua y de gas natural por ductos al consumidor final'). No requiere inferencia económica adicional."
"rama","2213","Captación, tratamiento y suministro de agua","Generación, transmisión, distribución y comercialización de energía eléctrica, suministro de agua y de gas natural por ductos al consumidor final","ALTA","NO","Hereda la clasificación de su subsector padre SCIAN 221 ('Generación, transmisión, distribución y comercialización de energía eléctrica, suministro de agua y de gas natural por ductos al consumidor final'), asignado al sector SERIO 'Generación, transmisión, distribución y comercialización de energía eléctrica, suministro de agua y de gas natural por ductos al consumidor final'. Fundamento del subsector padre: Coincidencia directa y exacta uno a uno: el subsector SCIAN 221 ('Generación, transmisión, distribución y comercialización de energía eléctrica, suministro de agua y de gas natural por ductos al consumidor final') es, literalmente, uno de los 78 sectores oficiales del modelo SERIO ('Generación, transmisión, distribución y comercialización de energía eléctrica, suministro de agua y de gas natural por ductos al consumidor final'). No requiere inferencia económica adicional."
"rama","2361","Edificación residencial","Edificación","ALTA","NO","Hereda la clasificación de su subsector padre SCIAN 236 ('Edificación'), asignado al sector SERIO 'Edificación'. Fundamento del subsector padre: Coincidencia directa y exacta uno a uno: el subsector SCIAN 236 ('Edificación') es, literalmente, uno de los 78 sectores oficiales del modelo SERIO ('Edificación'). No requiere inferencia económica adicional."
"rama","2362","Edificación no residencial","Edificación","ALTA","NO","Hereda la clasificación de su subsector padre SCIAN 236 ('Edificación'), asignado al sector SERIO 'Edificación'. Fundamento del subsector padre: Coincidencia directa y exacta uno a uno: el subsector SCIAN 236 ('Edificación') es, literalmente, uno de los 78 sectores oficiales del modelo SERIO ('Edificación'). No requiere inferencia económica adicional."
"rama","2371","Construcción de obras para el suministro de agua, petróleo, gas, energía eléctrica y telecomunicaciones","Construcción de obras de ingeniería civil","ALTA","NO","Hereda la clasificación de su subsector padre SCIAN 237 ('Construcción de obras de ingeniería civil'), asignado al sector SERIO 'Construcción de obras de ingeniería civil'. Fundamento del subsector padre: Coincidencia directa y exacta uno a uno: el subsector SCIAN 237 ('Construcción de obras de ingeniería civil') es, literalmente, uno de los 78 sectores oficiales del modelo SERIO ('Construcción de obras de ingeniería civil'). No requiere inferencia económica adicional."
"rama","2372","División de terrenos y construcción de obras de urbanización","Construcción de obras de ingeniería civil","ALTA","NO","Hereda la clasificación de su subsector padre SCIAN 237 ('Construcción de obras de ingeniería civil'), asignado al sector SERIO 'Construcción de obras de ingeniería civil'. Fundamento del subsector padre: Coincidencia directa y exacta uno a uno: el subsector SCIAN 237 ('Construcción de obras de ingeniería civil') es, literalmente, uno de los 78 sectores oficiales del modelo SERIO ('Construcción de obras de ingeniería civil'). No requiere inferencia económica adicional."
"rama","2373","Construcción de vías de comunicación","Construcción de obras de ingeniería civil","ALTA","NO","Hereda la clasificación de su subsector padre SCIAN 237 ('Construcción de obras de ingeniería civil'), asignado al sector SERIO 'Construcción de obras de ingeniería civil'. Fundamento del subsector padre: Coincidencia directa y exacta uno a uno: el subsector SCIAN 237 ('Construcción de obras de ingeniería civil') es, literalmente, uno de los 78 sectores oficiales del modelo SERIO ('Construcción de obras de ingeniería civil'). No requiere inferencia económica adicional."
"rama","2379","Otras construcciones de ingeniería civil","Construcción de obras de ingeniería civil","ALTA","NO","Hereda la clasificación de su subsector padre SCIAN 237 ('Construcción de obras de ingeniería civil'), asignado al sector SERIO 'Construcción de obras de ingeniería civil'. Fundamento del subsector padre: Coincidencia directa y exacta uno a uno: el subsector SCIAN 237 ('Construcción de obras de ingeniería civil') es, literalmente, uno de los 78 sectores oficiales del modelo SERIO ('Construcción de obras de ingeniería civil'). No requiere inferencia económica adicional."
"rama","2381","Cimentaciones, montaje de estructuras prefabricadas y trabajos en exteriores","Trabajos especializados para la construcción","ALTA","NO","Hereda la clasificación de su subsector padre SCIAN 238 ('Trabajos especializados para la construcción'), asignado al sector SERIO 'Trabajos especializados para la construcción'. Fundamento del subsector padre: Coincidencia directa y exacta uno a uno: el subsector SCIAN 238 ('Trabajos especializados para la construcción') es, literalmente, uno de los 78 sectores oficiales del modelo SERIO ('Trabajos especializados para la construcción'). No requiere inferencia económica adicional."
"rama","2382","Instalaciones y equipamiento en construcciones","Trabajos especializados para la construcción","ALTA","NO","Hereda la clasificación de su subsector padre SCIAN 238 ('Trabajos especializados para la construcción'), asignado al sector SERIO 'Trabajos especializados para la construcción'. Fundamento del subsector padre: Coincidencia directa y exacta uno a uno: el subsector SCIAN 238 ('Trabajos especializados para la construcción') es, literalmente, uno de los 78 sectores oficiales del modelo SERIO ('Trabajos especializados para la construcción'). No requiere inferencia económica adicional."
"rama","2383","Trabajos de acabados en edificaciones","Trabajos especializados para la construcción","ALTA","NO","Hereda la clasificación de su subsector padre SCIAN 238 ('Trabajos especializados para la construcción'), asignado al sector SERIO 'Trabajos especializados para la construcción'. Fundamento del subsector padre: Coincidencia directa y exacta uno a uno: el subsector SCIAN 238 ('Trabajos especializados para la construcción') es, literalmente, uno de los 78 sectores oficiales del modelo SERIO ('Trabajos especializados para la construcción'). No requiere inferencia económica adicional."
"rama","2389","Otros trabajos especializados para la construcción","Trabajos especializados para la construcción","ALTA","NO","Hereda la clasificación de su subsector padre SCIAN 238 ('Trabajos especializados para la construcción'), asignado al sector SERIO 'Trabajos especializados para la construcción'. Fundamento del subsector padre: Coincidencia directa y exacta uno a uno: el subsector SCIAN 238 ('Trabajos especializados para la construcción') es, literalmente, uno de los 78 sectores oficiales del modelo SERIO ('Trabajos especializados para la construcción'). No requiere inferencia económica adicional."
"rama","3111","Elaboración de alimentos balanceados para animales","Industria alimentaria","ALTA","NO","Hereda la clasificación de su subsector padre SCIAN 311 ('Industria alimentaria'), asignado al sector SERIO 'Industria alimentaria'. Fundamento del subsector padre: Coincidencia directa y exacta uno a uno: el subsector SCIAN 311 ('Industria alimentaria') es, literalmente, uno de los 78 sectores oficiales del modelo SERIO ('Industria alimentaria'). No requiere inferencia económica adicional."
"rama","3112","Molienda de granos y de semillas y obtención de aceites y grasas","Industria alimentaria","ALTA","NO","Hereda la clasificación de su subsector padre SCIAN 311 ('Industria alimentaria'), asignado al sector SERIO 'Industria alimentaria'. Fundamento del subsector padre: Coincidencia directa y exacta uno a uno: el subsector SCIAN 311 ('Industria alimentaria') es, literalmente, uno de los 78 sectores oficiales del modelo SERIO ('Industria alimentaria'). No requiere inferencia económica adicional."
"rama","3113","Elaboración de azúcares, chocolates, dulces y similares","Industria alimentaria","ALTA","NO","Hereda la clasificación de su subsector padre SCIAN 311 ('Industria alimentaria'), asignado al sector SERIO 'Industria alimentaria'. Fundamento del subsector padre: Coincidencia directa y exacta uno a uno: el subsector SCIAN 311 ('Industria alimentaria') es, literalmente, uno de los 78 sectores oficiales del modelo SERIO ('Industria alimentaria'). No requiere inferencia económica adicional."
"rama","3114","Conservación de frutas, verduras, guisos y otros alimentos preparados","Industria alimentaria","ALTA","NO","Hereda la clasificación de su subsector padre SCIAN 311 ('Industria alimentaria'), asignado al sector SERIO 'Industria alimentaria'. Fundamento del subsector padre: Coincidencia directa y exacta uno a uno: el subsector SCIAN 311 ('Industria alimentaria') es, literalmente, uno de los 78 sectores oficiales del modelo SERIO ('Industria alimentaria'). No requiere inferencia económica adicional."
"rama","3115","Elaboración de productos lácteos","Industria alimentaria","ALTA","NO","Hereda la clasificación de su subsector padre SCIAN 311 ('Industria alimentaria'), asignado al sector SERIO 'Industria alimentaria'. Fundamento del subsector padre: Coincidencia directa y exacta uno a uno: el subsector SCIAN 311 ('Industria alimentaria') es, literalmente, uno de los 78 sectores oficiales del modelo SERIO ('Industria alimentaria'). No requiere inferencia económica adicional."
"rama","3116","Matanza, empacado y procesamiento de carne de ganado, aves y otros animales comestibles","Industria alimentaria","ALTA","NO","Hereda la clasificación de su subsector padre SCIAN 311 ('Industria alimentaria'), asignado al sector SERIO 'Industria alimentaria'. Fundamento del subsector padre: Coincidencia directa y exacta uno a uno: el subsector SCIAN 311 ('Industria alimentaria') es, literalmente, uno de los 78 sectores oficiales del modelo SERIO ('Industria alimentaria'). No requiere inferencia económica adicional."
"rama","3117","Preparación y envasado de pescados y mariscos","Industria alimentaria","ALTA","NO","Hereda la clasificación de su subsector padre SCIAN 311 ('Industria alimentaria'), asignado al sector SERIO 'Industria alimentaria'. Fundamento del subsector padre: Coincidencia directa y exacta uno a uno: el subsector SCIAN 311 ('Industria alimentaria') es, literalmente, uno de los 78 sectores oficiales del modelo SERIO ('Industria alimentaria'). No requiere inferencia económica adicional."
"rama","3118","Elaboración de productos de panadería y tortillas","Industria alimentaria","ALTA","NO","Hereda la clasificación de su subsector padre SCIAN 311 ('Industria alimentaria'), asignado al sector SERIO 'Industria alimentaria'. Fundamento del subsector padre: Coincidencia directa y exacta uno a uno: el subsector SCIAN 311 ('Industria alimentaria') es, literalmente, uno de los 78 sectores oficiales del modelo SERIO ('Industria alimentaria'). No requiere inferencia económica adicional."
"rama","3119","Otras industrias alimentarias","Industria alimentaria","ALTA","NO","Hereda la clasificación de su subsector padre SCIAN 311 ('Industria alimentaria'), asignado al sector SERIO 'Industria alimentaria'. Fundamento del subsector padre: Coincidencia directa y exacta uno a uno: el subsector SCIAN 311 ('Industria alimentaria') es, literalmente, uno de los 78 sectores oficiales del modelo SERIO ('Industria alimentaria'). No requiere inferencia económica adicional."
"rama","3121","Industria de las bebidas","Industria de las bebidas y del tabaco","ALTA","NO","Hereda la clasificación de su subsector padre SCIAN 312 ('Industria de las bebidas y del tabaco'), asignado al sector SERIO 'Industria de las bebidas y del tabaco'. Fundamento del subsector padre: Coincidencia directa y exacta uno a uno: el subsector SCIAN 312 ('Industria de las bebidas y del tabaco') es, literalmente, uno de los 78 sectores oficiales del modelo SERIO ('Industria de las bebidas y del tabaco'). No requiere inferencia económica adicional."
"rama","3122","Industria del tabaco","Industria de las bebidas y del tabaco","ALTA","NO","Hereda la clasificación de su subsector padre SCIAN 312 ('Industria de las bebidas y del tabaco'), asignado al sector SERIO 'Industria de las bebidas y del tabaco'. Fundamento del subsector padre: Coincidencia directa y exacta uno a uno: el subsector SCIAN 312 ('Industria de las bebidas y del tabaco') es, literalmente, uno de los 78 sectores oficiales del modelo SERIO ('Industria de las bebidas y del tabaco'). No requiere inferencia económica adicional."
"rama","3131","Preparación e hilado de fibras textiles, y fabricación de hilos","Fabricación de insumos textiles y acabado de textiles","ALTA","NO","Hereda la clasificación de su subsector padre SCIAN 313 ('Fabricación de insumos textiles y acabado de textiles'), asignado al sector SERIO 'Fabricación de insumos textiles y acabado de textiles'. Fundamento del subsector padre: Coincidencia directa y exacta uno a uno: el subsector SCIAN 313 ('Fabricación de insumos textiles y acabado de textiles') es, literalmente, uno de los 78 sectores oficiales del modelo SERIO ('Fabricación de insumos textiles y acabado de textiles'). No requiere inferencia económica adicional."
"rama","3132","Fabricación de telas","Fabricación de insumos textiles y acabado de textiles","ALTA","NO","Hereda la clasificación de su subsector padre SCIAN 313 ('Fabricación de insumos textiles y acabado de textiles'), asignado al sector SERIO 'Fabricación de insumos textiles y acabado de textiles'. Fundamento del subsector padre: Coincidencia directa y exacta uno a uno: el subsector SCIAN 313 ('Fabricación de insumos textiles y acabado de textiles') es, literalmente, uno de los 78 sectores oficiales del modelo SERIO ('Fabricación de insumos textiles y acabado de textiles'). No requiere inferencia económica adicional."
"rama","3133","Acabado de productos textiles y fabricación de telas recubiertas","Fabricación de insumos textiles y acabado de textiles","ALTA","NO","Hereda la clasificación de su subsector padre SCIAN 313 ('Fabricación de insumos textiles y acabado de textiles'), asignado al sector SERIO 'Fabricación de insumos textiles y acabado de textiles'. Fundamento del subsector padre: Coincidencia directa y exacta uno a uno: el subsector SCIAN 313 ('Fabricación de insumos textiles y acabado de textiles') es, literalmente, uno de los 78 sectores oficiales del modelo SERIO ('Fabricación de insumos textiles y acabado de textiles'). No requiere inferencia económica adicional."
"rama","3141","Confección de alfombras, blancos y similares","Fabricación de productos textiles, excepto prendas de vestir","ALTA","NO","Hereda la clasificación de su subsector padre SCIAN 314 ('Fabricación de productos textiles, excepto prendas de vestir'), asignado al sector SERIO 'Fabricación de productos textiles, excepto prendas de vestir'. Fundamento del subsector padre: Coincidencia directa y exacta uno a uno: el subsector SCIAN 314 ('Fabricación de productos textiles, excepto prendas de vestir') es, literalmente, uno de los 78 sectores oficiales del modelo SERIO ('Fabricación de productos textiles, excepto prendas de vestir'). No requiere inferencia económica adicional."
"rama","3149","Fabricación de otros productos textiles, excepto prendas de vestir","Fabricación de productos textiles, excepto prendas de vestir","ALTA","NO","Hereda la clasificación de su subsector padre SCIAN 314 ('Fabricación de productos textiles, excepto prendas de vestir'), asignado al sector SERIO 'Fabricación de productos textiles, excepto prendas de vestir'. Fundamento del subsector padre: Coincidencia directa y exacta uno a uno: el subsector SCIAN 314 ('Fabricación de productos textiles, excepto prendas de vestir') es, literalmente, uno de los 78 sectores oficiales del modelo SERIO ('Fabricación de productos textiles, excepto prendas de vestir'). No requiere inferencia económica adicional."
"rama","3151","Fabricación de prendas de vestir de tejido de punto","Fabricación de prendas de vestir","ALTA","NO","Hereda la clasificación de su subsector padre SCIAN 315 ('Fabricación de prendas de vestir'), asignado al sector SERIO 'Fabricación de prendas de vestir'. Fundamento del subsector padre: Coincidencia directa y exacta uno a uno: el subsector SCIAN 315 ('Fabricación de prendas de vestir') es, literalmente, uno de los 78 sectores oficiales del modelo SERIO ('Fabricación de prendas de vestir'). No requiere inferencia económica adicional."
"rama","3152","Confección de prendas de vestir","Fabricación de prendas de vestir","ALTA","NO","Hereda la clasificación de su subsector padre SCIAN 315 ('Fabricación de prendas de vestir'), asignado al sector SERIO 'Fabricación de prendas de vestir'. Fundamento del subsector padre: Coincidencia directa y exacta uno a uno: el subsector SCIAN 315 ('Fabricación de prendas de vestir') es, literalmente, uno de los 78 sectores oficiales del modelo SERIO ('Fabricación de prendas de vestir'). No requiere inferencia económica adicional."
"rama","3159","Confección de accesorios de vestir y otras prendas de vestir no clasificados en otra parte","Fabricación de prendas de vestir","ALTA","NO","Hereda la clasificación de su subsector padre SCIAN 315 ('Fabricación de prendas de vestir'), asignado al sector SERIO 'Fabricación de prendas de vestir'. Fundamento del subsector padre: Coincidencia directa y exacta uno a uno: el subsector SCIAN 315 ('Fabricación de prendas de vestir') es, literalmente, uno de los 78 sectores oficiales del modelo SERIO ('Fabricación de prendas de vestir'). No requiere inferencia económica adicional."
"rama","3161","Curtido y acabado de cuero y piel","Curtido y acabado de cuero y piel, y fabricación de productos de cuero, piel y materiales sucedáneos","ALTA","NO","Hereda la clasificación de su subsector padre SCIAN 316 ('Curtido y acabado de cuero y piel, y fabricación de productos de cuero, piel y materiales sucedáneos'), asignado al sector SERIO 'Curtido y acabado de cuero y piel, y fabricación de productos de cuero, piel y materiales sucedáneos'. Fundamento del subsector padre: Coincidencia directa y exacta uno a uno: el subsector SCIAN 316 ('Curtido y acabado de cuero y piel, y fabricación de productos de cuero, piel y materiales sucedáneos') es, literalmente, uno de los 78 sectores oficiales del modelo SERIO ('Curtido y acabado de cuero y piel, y fabricación de productos de cuero, piel y materiales sucedáneos'). No requiere inferencia económica adicional."
"rama","3162","Fabricación de calzado","Curtido y acabado de cuero y piel, y fabricación de productos de cuero, piel y materiales sucedáneos","ALTA","NO","Hereda la clasificación de su subsector padre SCIAN 316 ('Curtido y acabado de cuero y piel, y fabricación de productos de cuero, piel y materiales sucedáneos'), asignado al sector SERIO 'Curtido y acabado de cuero y piel, y fabricación de productos de cuero, piel y materiales sucedáneos'. Fundamento del subsector padre: Coincidencia directa y exacta uno a uno: el subsector SCIAN 316 ('Curtido y acabado de cuero y piel, y fabricación de productos de cuero, piel y materiales sucedáneos') es, literalmente, uno de los 78 sectores oficiales del modelo SERIO ('Curtido y acabado de cuero y piel, y fabricación de productos de cuero, piel y materiales sucedáneos'). No requiere inferencia económica adicional."
"rama","3169","Fabricación de otros productos de cuero, piel y materiales sucedáneos","Curtido y acabado de cuero y piel, y fabricación de productos de cuero, piel y materiales sucedáneos","ALTA","NO","Hereda la clasificación de su subsector padre SCIAN 316 ('Curtido y acabado de cuero y piel, y fabricación de productos de cuero, piel y materiales sucedáneos'), asignado al sector SERIO 'Curtido y acabado de cuero y piel, y fabricación de productos de cuero, piel y materiales sucedáneos'. Fundamento del subsector padre: Coincidencia directa y exacta uno a uno: el subsector SCIAN 316 ('Curtido y acabado de cuero y piel, y fabricación de productos de cuero, piel y materiales sucedáneos') es, literalmente, uno de los 78 sectores oficiales del modelo SERIO ('Curtido y acabado de cuero y piel, y fabricación de productos de cuero, piel y materiales sucedáneos'). No requiere inferencia económica adicional."
"rama","3211","Aserrado y conservación de la madera","Industria de la madera","ALTA","NO","Hereda la clasificación de su subsector padre SCIAN 321 ('Industria de la madera'), asignado al sector SERIO 'Industria de la madera'. Fundamento del subsector padre: Coincidencia directa y exacta uno a uno: el subsector SCIAN 321 ('Industria de la madera') es, literalmente, uno de los 78 sectores oficiales del modelo SERIO ('Industria de la madera'). No requiere inferencia económica adicional."
"rama","3212","Fabricación de laminados y aglutinados de madera","Industria de la madera","ALTA","NO","Hereda la clasificación de su subsector padre SCIAN 321 ('Industria de la madera'), asignado al sector SERIO 'Industria de la madera'. Fundamento del subsector padre: Coincidencia directa y exacta uno a uno: el subsector SCIAN 321 ('Industria de la madera') es, literalmente, uno de los 78 sectores oficiales del modelo SERIO ('Industria de la madera'). No requiere inferencia económica adicional."
"rama","3219","Fabricación de otros productos de madera","Industria de la madera","ALTA","NO","Hereda la clasificación de su subsector padre SCIAN 321 ('Industria de la madera'), asignado al sector SERIO 'Industria de la madera'. Fundamento del subsector padre: Coincidencia directa y exacta uno a uno: el subsector SCIAN 321 ('Industria de la madera') es, literalmente, uno de los 78 sectores oficiales del modelo SERIO ('Industria de la madera'). No requiere inferencia económica adicional."
"rama","3221","Fabricación de pulpa, papel y cartón","Industria del papel","ALTA","NO","Hereda la clasificación de su subsector padre SCIAN 322 ('Industria del papel'), asignado al sector SERIO 'Industria del papel'. Fundamento del subsector padre: Coincidencia directa y exacta uno a uno: el subsector SCIAN 322 ('Industria del papel') es, literalmente, uno de los 78 sectores oficiales del modelo SERIO ('Industria del papel'). No requiere inferencia económica adicional."
"rama","3222","Fabricación de productos de cartón y papel","Industria del papel","ALTA","NO","Hereda la clasificación de su subsector padre SCIAN 322 ('Industria del papel'), asignado al sector SERIO 'Industria del papel'. Fundamento del subsector padre: Coincidencia directa y exacta uno a uno: el subsector SCIAN 322 ('Industria del papel') es, literalmente, uno de los 78 sectores oficiales del modelo SERIO ('Industria del papel'). No requiere inferencia económica adicional."
"rama","3231","Impresión e industrias conexas","Impresión e industrias conexas","ALTA","NO","Hereda la clasificación de su subsector padre SCIAN 323 ('Impresión e industrias conexas'), asignado al sector SERIO 'Impresión e industrias conexas'. Fundamento del subsector padre: Coincidencia directa y exacta uno a uno: el subsector SCIAN 323 ('Impresión e industrias conexas') es, literalmente, uno de los 78 sectores oficiales del modelo SERIO ('Impresión e industrias conexas'). No requiere inferencia económica adicional."
"rama","3241","Fabricación de productos derivados del petróleo y del carbón","Fabricación de productos derivados del petróleo y del carbón","ALTA","NO","Hereda la clasificación de su subsector padre SCIAN 324 ('Fabricación de productos derivados del petróleo y del carbón'), asignado al sector SERIO 'Fabricación de productos derivados del petróleo y del carbón'. Fundamento del subsector padre: Coincidencia directa y exacta uno a uno: el subsector SCIAN 324 ('Fabricación de productos derivados del petróleo y del carbón') es, literalmente, uno de los 78 sectores oficiales del modelo SERIO ('Fabricación de productos derivados del petróleo y del carbón'). No requiere inferencia económica adicional."
"rama","3251","Fabricación de productos químicos básicos","Industria química","ALTA","NO","Hereda la clasificación de su subsector padre SCIAN 325 ('Industria química'), asignado al sector SERIO 'Industria química'. Fundamento del subsector padre: Coincidencia directa y exacta uno a uno: el subsector SCIAN 325 ('Industria química') es, literalmente, uno de los 78 sectores oficiales del modelo SERIO ('Industria química'). No requiere inferencia económica adicional."
"rama","3252","Fabricación de resinas y hules sintéticos, y fibras químicas","Industria química","ALTA","NO","Hereda la clasificación de su subsector padre SCIAN 325 ('Industria química'), asignado al sector SERIO 'Industria química'. Fundamento del subsector padre: Coincidencia directa y exacta uno a uno: el subsector SCIAN 325 ('Industria química') es, literalmente, uno de los 78 sectores oficiales del modelo SERIO ('Industria química'). No requiere inferencia económica adicional."
"rama","3253","Fabricación de fertilizantes, plaguicidas y otros agroquímicos","Industria química","ALTA","NO","Hereda la clasificación de su subsector padre SCIAN 325 ('Industria química'), asignado al sector SERIO 'Industria química'. Fundamento del subsector padre: Coincidencia directa y exacta uno a uno: el subsector SCIAN 325 ('Industria química') es, literalmente, uno de los 78 sectores oficiales del modelo SERIO ('Industria química'). No requiere inferencia económica adicional."
"rama","3254","Fabricación de productos farmacéuticos","Industria química","ALTA","NO","Hereda la clasificación de su subsector padre SCIAN 325 ('Industria química'), asignado al sector SERIO 'Industria química'. Fundamento del subsector padre: Coincidencia directa y exacta uno a uno: el subsector SCIAN 325 ('Industria química') es, literalmente, uno de los 78 sectores oficiales del modelo SERIO ('Industria química'). No requiere inferencia económica adicional."
"rama","3255","Fabricación de pinturas, recubrimientos y adhesivos","Industria química","ALTA","NO","Hereda la clasificación de su subsector padre SCIAN 325 ('Industria química'), asignado al sector SERIO 'Industria química'. Fundamento del subsector padre: Coincidencia directa y exacta uno a uno: el subsector SCIAN 325 ('Industria química') es, literalmente, uno de los 78 sectores oficiales del modelo SERIO ('Industria química'). No requiere inferencia económica adicional."
"rama","3256","Fabricación de jabones, limpiadores y preparaciones de tocador","Industria química","ALTA","NO","Hereda la clasificación de su subsector padre SCIAN 325 ('Industria química'), asignado al sector SERIO 'Industria química'. Fundamento del subsector padre: Coincidencia directa y exacta uno a uno: el subsector SCIAN 325 ('Industria química') es, literalmente, uno de los 78 sectores oficiales del modelo SERIO ('Industria química'). No requiere inferencia económica adicional."
"rama","3259","Fabricación de otros productos químicos","Industria química","ALTA","NO","Hereda la clasificación de su subsector padre SCIAN 325 ('Industria química'), asignado al sector SERIO 'Industria química'. Fundamento del subsector padre: Coincidencia directa y exacta uno a uno: el subsector SCIAN 325 ('Industria química') es, literalmente, uno de los 78 sectores oficiales del modelo SERIO ('Industria química'). No requiere inferencia económica adicional."
"rama","3261","Fabricación de productos de plástico","Industria del plástico y del hule","ALTA","NO","Hereda la clasificación de su subsector padre SCIAN 326 ('Industria del plástico y del hule'), asignado al sector SERIO 'Industria del plástico y del hule'. Fundamento del subsector padre: Coincidencia directa y exacta uno a uno: el subsector SCIAN 326 ('Industria del plástico y del hule') es, literalmente, uno de los 78 sectores oficiales del modelo SERIO ('Industria del plástico y del hule'). No requiere inferencia económica adicional."
"rama","3262","Fabricación de productos de hule","Industria del plástico y del hule","ALTA","NO","Hereda la clasificación de su subsector padre SCIAN 326 ('Industria del plástico y del hule'), asignado al sector SERIO 'Industria del plástico y del hule'. Fundamento del subsector padre: Coincidencia directa y exacta uno a uno: el subsector SCIAN 326 ('Industria del plástico y del hule') es, literalmente, uno de los 78 sectores oficiales del modelo SERIO ('Industria del plástico y del hule'). No requiere inferencia económica adicional."
"rama","3271","Fabricación de productos a base de arcillas y minerales refractarios","Fabricación de productos a base de minerales no metálicos","ALTA","NO","Hereda la clasificación de su subsector padre SCIAN 327 ('Fabricación de productos a base de minerales no metálicos'), asignado al sector SERIO 'Fabricación de productos a base de minerales no metálicos'. Fundamento del subsector padre: Coincidencia directa y exacta uno a uno: el subsector SCIAN 327 ('Fabricación de productos a base de minerales no metálicos') es, literalmente, uno de los 78 sectores oficiales del modelo SERIO ('Fabricación de productos a base de minerales no metálicos'). No requiere inferencia económica adicional."
"rama","3272","Fabricación de vidrio y productos de vidrio","Fabricación de productos a base de minerales no metálicos","ALTA","NO","Hereda la clasificación de su subsector padre SCIAN 327 ('Fabricación de productos a base de minerales no metálicos'), asignado al sector SERIO 'Fabricación de productos a base de minerales no metálicos'. Fundamento del subsector padre: Coincidencia directa y exacta uno a uno: el subsector SCIAN 327 ('Fabricación de productos a base de minerales no metálicos') es, literalmente, uno de los 78 sectores oficiales del modelo SERIO ('Fabricación de productos a base de minerales no metálicos'). No requiere inferencia económica adicional."
"rama","3273","Fabricación de cemento, concreto y sus productos","Fabricación de productos a base de minerales no metálicos","ALTA","NO","Hereda la clasificación de su subsector padre SCIAN 327 ('Fabricación de productos a base de minerales no metálicos'), asignado al sector SERIO 'Fabricación de productos a base de minerales no metálicos'. Fundamento del subsector padre: Coincidencia directa y exacta uno a uno: el subsector SCIAN 327 ('Fabricación de productos a base de minerales no metálicos') es, literalmente, uno de los 78 sectores oficiales del modelo SERIO ('Fabricación de productos a base de minerales no metálicos'). No requiere inferencia económica adicional."
"rama","3274","Fabricación de cal, yeso y productos de yeso","Fabricación de productos a base de minerales no metálicos","ALTA","NO","Hereda la clasificación de su subsector padre SCIAN 327 ('Fabricación de productos a base de minerales no metálicos'), asignado al sector SERIO 'Fabricación de productos a base de minerales no metálicos'. Fundamento del subsector padre: Coincidencia directa y exacta uno a uno: el subsector SCIAN 327 ('Fabricación de productos a base de minerales no metálicos') es, literalmente, uno de los 78 sectores oficiales del modelo SERIO ('Fabricación de productos a base de minerales no metálicos'). No requiere inferencia económica adicional."
"rama","3279","Fabricación de otros productos a base de minerales no metálicos","Fabricación de productos a base de minerales no metálicos","ALTA","NO","Hereda la clasificación de su subsector padre SCIAN 327 ('Fabricación de productos a base de minerales no metálicos'), asignado al sector SERIO 'Fabricación de productos a base de minerales no metálicos'. Fundamento del subsector padre: Coincidencia directa y exacta uno a uno: el subsector SCIAN 327 ('Fabricación de productos a base de minerales no metálicos') es, literalmente, uno de los 78 sectores oficiales del modelo SERIO ('Fabricación de productos a base de minerales no metálicos'). No requiere inferencia económica adicional."
"rama","3311","Industria básica del hierro y del acero","Industrias metálicas básicas","ALTA","NO","Hereda la clasificación de su subsector padre SCIAN 331 ('Industrias metálicas básicas'), asignado al sector SERIO 'Industrias metálicas básicas'. Fundamento del subsector padre: Coincidencia directa y exacta uno a uno: el subsector SCIAN 331 ('Industrias metálicas básicas') es, literalmente, uno de los 78 sectores oficiales del modelo SERIO ('Industrias metálicas básicas'). No requiere inferencia económica adicional."
"rama","3312","Fabricación de productos de hierro y acero","Industrias metálicas básicas","ALTA","NO","Hereda la clasificación de su subsector padre SCIAN 331 ('Industrias metálicas básicas'), asignado al sector SERIO 'Industrias metálicas básicas'. Fundamento del subsector padre: Coincidencia directa y exacta uno a uno: el subsector SCIAN 331 ('Industrias metálicas básicas') es, literalmente, uno de los 78 sectores oficiales del modelo SERIO ('Industrias metálicas básicas'). No requiere inferencia económica adicional."
"rama","3313","Industria básica del aluminio","Industrias metálicas básicas","ALTA","NO","Hereda la clasificación de su subsector padre SCIAN 331 ('Industrias metálicas básicas'), asignado al sector SERIO 'Industrias metálicas básicas'. Fundamento del subsector padre: Coincidencia directa y exacta uno a uno: el subsector SCIAN 331 ('Industrias metálicas básicas') es, literalmente, uno de los 78 sectores oficiales del modelo SERIO ('Industrias metálicas básicas'). No requiere inferencia económica adicional."
"rama","3314","Industrias de metales no ferrosos, excepto aluminio","Industrias metálicas básicas","ALTA","NO","Hereda la clasificación de su subsector padre SCIAN 331 ('Industrias metálicas básicas'), asignado al sector SERIO 'Industrias metálicas básicas'. Fundamento del subsector padre: Coincidencia directa y exacta uno a uno: el subsector SCIAN 331 ('Industrias metálicas básicas') es, literalmente, uno de los 78 sectores oficiales del modelo SERIO ('Industrias metálicas básicas'). No requiere inferencia económica adicional."
"rama","3315","Moldeo por fundición de piezas metálicas","Industrias metálicas básicas","ALTA","NO","Hereda la clasificación de su subsector padre SCIAN 331 ('Industrias metálicas básicas'), asignado al sector SERIO 'Industrias metálicas básicas'. Fundamento del subsector padre: Coincidencia directa y exacta uno a uno: el subsector SCIAN 331 ('Industrias metálicas básicas') es, literalmente, uno de los 78 sectores oficiales del modelo SERIO ('Industrias metálicas básicas'). No requiere inferencia económica adicional."
"rama","3321","Fabricación de productos metálicos forjados y troquelados","Fabricación de productos metálicos","ALTA","NO","Hereda la clasificación de su subsector padre SCIAN 332 ('Fabricación de productos metálicos'), asignado al sector SERIO 'Fabricación de productos metálicos'. Fundamento del subsector padre: Coincidencia directa y exacta uno a uno: el subsector SCIAN 332 ('Fabricación de productos metálicos') es, literalmente, uno de los 78 sectores oficiales del modelo SERIO ('Fabricación de productos metálicos'). No requiere inferencia económica adicional."
"rama","3322","Fabricación de herramientas de mano sin motor y utensilios de cocina metálicos","Fabricación de productos metálicos","ALTA","NO","Hereda la clasificación de su subsector padre SCIAN 332 ('Fabricación de productos metálicos'), asignado al sector SERIO 'Fabricación de productos metálicos'. Fundamento del subsector padre: Coincidencia directa y exacta uno a uno: el subsector SCIAN 332 ('Fabricación de productos metálicos') es, literalmente, uno de los 78 sectores oficiales del modelo SERIO ('Fabricación de productos metálicos'). No requiere inferencia económica adicional."
"rama","3323","Fabricación de estructuras metálicas y productos de herrería","Fabricación de productos metálicos","ALTA","NO","Hereda la clasificación de su subsector padre SCIAN 332 ('Fabricación de productos metálicos'), asignado al sector SERIO 'Fabricación de productos metálicos'. Fundamento del subsector padre: Coincidencia directa y exacta uno a uno: el subsector SCIAN 332 ('Fabricación de productos metálicos') es, literalmente, uno de los 78 sectores oficiales del modelo SERIO ('Fabricación de productos metálicos'). No requiere inferencia económica adicional."
"rama","3324","Fabricación de calderas, tanques y envases metálicos","Fabricación de productos metálicos","ALTA","NO","Hereda la clasificación de su subsector padre SCIAN 332 ('Fabricación de productos metálicos'), asignado al sector SERIO 'Fabricación de productos metálicos'. Fundamento del subsector padre: Coincidencia directa y exacta uno a uno: el subsector SCIAN 332 ('Fabricación de productos metálicos') es, literalmente, uno de los 78 sectores oficiales del modelo SERIO ('Fabricación de productos metálicos'). No requiere inferencia económica adicional."
"rama","3325","Fabricación de herrajes y cerraduras","Fabricación de productos metálicos","ALTA","NO","Hereda la clasificación de su subsector padre SCIAN 332 ('Fabricación de productos metálicos'), asignado al sector SERIO 'Fabricación de productos metálicos'. Fundamento del subsector padre: Coincidencia directa y exacta uno a uno: el subsector SCIAN 332 ('Fabricación de productos metálicos') es, literalmente, uno de los 78 sectores oficiales del modelo SERIO ('Fabricación de productos metálicos'). No requiere inferencia económica adicional."
"rama","3326","Fabricación de alambre, productos de alambre y resortes","Fabricación de productos metálicos","ALTA","NO","Hereda la clasificación de su subsector padre SCIAN 332 ('Fabricación de productos metálicos'), asignado al sector SERIO 'Fabricación de productos metálicos'. Fundamento del subsector padre: Coincidencia directa y exacta uno a uno: el subsector SCIAN 332 ('Fabricación de productos metálicos') es, literalmente, uno de los 78 sectores oficiales del modelo SERIO ('Fabricación de productos metálicos'). No requiere inferencia económica adicional."
"rama","3327","Maquinado de piezas y fabricación de tornillos","Fabricación de productos metálicos","ALTA","NO","Hereda la clasificación de su subsector padre SCIAN 332 ('Fabricación de productos metálicos'), asignado al sector SERIO 'Fabricación de productos metálicos'. Fundamento del subsector padre: Coincidencia directa y exacta uno a uno: el subsector SCIAN 332 ('Fabricación de productos metálicos') es, literalmente, uno de los 78 sectores oficiales del modelo SERIO ('Fabricación de productos metálicos'). No requiere inferencia económica adicional."
"rama","3328","Recubrimientos y terminados metálicos","Fabricación de productos metálicos","ALTA","NO","Hereda la clasificación de su subsector padre SCIAN 332 ('Fabricación de productos metálicos'), asignado al sector SERIO 'Fabricación de productos metálicos'. Fundamento del subsector padre: Coincidencia directa y exacta uno a uno: el subsector SCIAN 332 ('Fabricación de productos metálicos') es, literalmente, uno de los 78 sectores oficiales del modelo SERIO ('Fabricación de productos metálicos'). No requiere inferencia económica adicional."
"rama","3329","Fabricación de otros productos metálicos","Fabricación de productos metálicos","ALTA","NO","Hereda la clasificación de su subsector padre SCIAN 332 ('Fabricación de productos metálicos'), asignado al sector SERIO 'Fabricación de productos metálicos'. Fundamento del subsector padre: Coincidencia directa y exacta uno a uno: el subsector SCIAN 332 ('Fabricación de productos metálicos') es, literalmente, uno de los 78 sectores oficiales del modelo SERIO ('Fabricación de productos metálicos'). No requiere inferencia económica adicional."
"rama","3331","Fabricación de maquinaria y equipo agropecuario, para la construcción y para la industria extractiva","Fabricación de maquinaria y equipo","ALTA","NO","Hereda la clasificación de su subsector padre SCIAN 333 ('Fabricación de maquinaria y equipo'), asignado al sector SERIO 'Fabricación de maquinaria y equipo'. Fundamento del subsector padre: Coincidencia directa y exacta uno a uno: el subsector SCIAN 333 ('Fabricación de maquinaria y equipo') es, literalmente, uno de los 78 sectores oficiales del modelo SERIO ('Fabricación de maquinaria y equipo'). No requiere inferencia económica adicional."
"rama","3332","Fabricación de maquinaria y equipo para las industrias manufactureras, excepto la metalmecánica","Fabricación de maquinaria y equipo","ALTA","NO","Hereda la clasificación de su subsector padre SCIAN 333 ('Fabricación de maquinaria y equipo'), asignado al sector SERIO 'Fabricación de maquinaria y equipo'. Fundamento del subsector padre: Coincidencia directa y exacta uno a uno: el subsector SCIAN 333 ('Fabricación de maquinaria y equipo') es, literalmente, uno de los 78 sectores oficiales del modelo SERIO ('Fabricación de maquinaria y equipo'). No requiere inferencia económica adicional."
"rama","3333","Fabricación de maquinaria y equipo para el comercio y los servicios","Fabricación de maquinaria y equipo","ALTA","NO","Hereda la clasificación de su subsector padre SCIAN 333 ('Fabricación de maquinaria y equipo'), asignado al sector SERIO 'Fabricación de maquinaria y equipo'. Fundamento del subsector padre: Coincidencia directa y exacta uno a uno: el subsector SCIAN 333 ('Fabricación de maquinaria y equipo') es, literalmente, uno de los 78 sectores oficiales del modelo SERIO ('Fabricación de maquinaria y equipo'). No requiere inferencia económica adicional."
"rama","3334","Fabricación de equipo de aire acondicionado, calefacción, y de refrigeración industrial y comercial","Fabricación de maquinaria y equipo","ALTA","NO","Hereda la clasificación de su subsector padre SCIAN 333 ('Fabricación de maquinaria y equipo'), asignado al sector SERIO 'Fabricación de maquinaria y equipo'. Fundamento del subsector padre: Coincidencia directa y exacta uno a uno: el subsector SCIAN 333 ('Fabricación de maquinaria y equipo') es, literalmente, uno de los 78 sectores oficiales del modelo SERIO ('Fabricación de maquinaria y equipo'). No requiere inferencia económica adicional."
"rama","3335","Fabricación de maquinaria y equipo para la industria metalmecánica","Fabricación de maquinaria y equipo","ALTA","NO","Hereda la clasificación de su subsector padre SCIAN 333 ('Fabricación de maquinaria y equipo'), asignado al sector SERIO 'Fabricación de maquinaria y equipo'. Fundamento del subsector padre: Coincidencia directa y exacta uno a uno: el subsector SCIAN 333 ('Fabricación de maquinaria y equipo') es, literalmente, uno de los 78 sectores oficiales del modelo SERIO ('Fabricación de maquinaria y equipo'). No requiere inferencia económica adicional."
"rama","3336","Fabricación de motores de combustión interna, turbinas y transmisiones","Fabricación de maquinaria y equipo","ALTA","NO","Hereda la clasificación de su subsector padre SCIAN 333 ('Fabricación de maquinaria y equipo'), asignado al sector SERIO 'Fabricación de maquinaria y equipo'. Fundamento del subsector padre: Coincidencia directa y exacta uno a uno: el subsector SCIAN 333 ('Fabricación de maquinaria y equipo') es, literalmente, uno de los 78 sectores oficiales del modelo SERIO ('Fabricación de maquinaria y equipo'). No requiere inferencia económica adicional."
"rama","3339","Fabricación de otra maquinaria y equipo para la industria en general","Fabricación de maquinaria y equipo","ALTA","NO","Hereda la clasificación de su subsector padre SCIAN 333 ('Fabricación de maquinaria y equipo'), asignado al sector SERIO 'Fabricación de maquinaria y equipo'. Fundamento del subsector padre: Coincidencia directa y exacta uno a uno: el subsector SCIAN 333 ('Fabricación de maquinaria y equipo') es, literalmente, uno de los 78 sectores oficiales del modelo SERIO ('Fabricación de maquinaria y equipo'). No requiere inferencia económica adicional."
"rama","3341","Fabricación de computadoras y equipo periférico","Fabricación de equipo de computación, comunicación, medición y de otros equipos, componentes y accesorios electrónicos","ALTA","NO","Hereda la clasificación de su subsector padre SCIAN 334 ('Fabricación de equipo de computación, comunicación, medición y de otros equipos, componentes y accesorios electrónicos'), asignado al sector SERIO 'Fabricación de equipo de computación, comunicación, medición y de otros equipos, componentes y accesorios electrónicos'. Fundamento del subsector padre: Coincidencia directa y exacta uno a uno: el subsector SCIAN 334 ('Fabricación de equipo de computación, comunicación, medición y de otros equipos, componentes y accesorios electrónicos') es, literalmente, uno de los 78 sectores oficiales del modelo SERIO ('Fabricación de equipo de computación, comunicación, medición y de otros equipos, componentes y accesorios electrónicos'). No requiere inferencia económica adicional."
"rama","3342","Fabricación de equipo de comunicación","Fabricación de equipo de computación, comunicación, medición y de otros equipos, componentes y accesorios electrónicos","ALTA","NO","Hereda la clasificación de su subsector padre SCIAN 334 ('Fabricación de equipo de computación, comunicación, medición y de otros equipos, componentes y accesorios electrónicos'), asignado al sector SERIO 'Fabricación de equipo de computación, comunicación, medición y de otros equipos, componentes y accesorios electrónicos'. Fundamento del subsector padre: Coincidencia directa y exacta uno a uno: el subsector SCIAN 334 ('Fabricación de equipo de computación, comunicación, medición y de otros equipos, componentes y accesorios electrónicos') es, literalmente, uno de los 78 sectores oficiales del modelo SERIO ('Fabricación de equipo de computación, comunicación, medición y de otros equipos, componentes y accesorios electrónicos'). No requiere inferencia económica adicional."
"rama","3343","Fabricación de equipo de audio y de video","Fabricación de equipo de computación, comunicación, medición y de otros equipos, componentes y accesorios electrónicos","ALTA","NO","Hereda la clasificación de su subsector padre SCIAN 334 ('Fabricación de equipo de computación, comunicación, medición y de otros equipos, componentes y accesorios electrónicos'), asignado al sector SERIO 'Fabricación de equipo de computación, comunicación, medición y de otros equipos, componentes y accesorios electrónicos'. Fundamento del subsector padre: Coincidencia directa y exacta uno a uno: el subsector SCIAN 334 ('Fabricación de equipo de computación, comunicación, medición y de otros equipos, componentes y accesorios electrónicos') es, literalmente, uno de los 78 sectores oficiales del modelo SERIO ('Fabricación de equipo de computación, comunicación, medición y de otros equipos, componentes y accesorios electrónicos'). No requiere inferencia económica adicional."
"rama","3344","Fabricación de componentes electrónicos","Fabricación de equipo de computación, comunicación, medición y de otros equipos, componentes y accesorios electrónicos","ALTA","NO","Hereda la clasificación de su subsector padre SCIAN 334 ('Fabricación de equipo de computación, comunicación, medición y de otros equipos, componentes y accesorios electrónicos'), asignado al sector SERIO 'Fabricación de equipo de computación, comunicación, medición y de otros equipos, componentes y accesorios electrónicos'. Fundamento del subsector padre: Coincidencia directa y exacta uno a uno: el subsector SCIAN 334 ('Fabricación de equipo de computación, comunicación, medición y de otros equipos, componentes y accesorios electrónicos') es, literalmente, uno de los 78 sectores oficiales del modelo SERIO ('Fabricación de equipo de computación, comunicación, medición y de otros equipos, componentes y accesorios electrónicos'). No requiere inferencia económica adicional."
"rama","3345","Fabricación de instrumentos de medición, control, navegación, y equipo médico electrónico","Fabricación de equipo de computación, comunicación, medición y de otros equipos, componentes y accesorios electrónicos","ALTA","NO","Hereda la clasificación de su subsector padre SCIAN 334 ('Fabricación de equipo de computación, comunicación, medición y de otros equipos, componentes y accesorios electrónicos'), asignado al sector SERIO 'Fabricación de equipo de computación, comunicación, medición y de otros equipos, componentes y accesorios electrónicos'. Fundamento del subsector padre: Coincidencia directa y exacta uno a uno: el subsector SCIAN 334 ('Fabricación de equipo de computación, comunicación, medición y de otros equipos, componentes y accesorios electrónicos') es, literalmente, uno de los 78 sectores oficiales del modelo SERIO ('Fabricación de equipo de computación, comunicación, medición y de otros equipos, componentes y accesorios electrónicos'). No requiere inferencia económica adicional."
"rama","3346","Fabricación y reproducción de medios magnéticos y ópticos","Fabricación de equipo de computación, comunicación, medición y de otros equipos, componentes y accesorios electrónicos","ALTA","NO","Hereda la clasificación de su subsector padre SCIAN 334 ('Fabricación de equipo de computación, comunicación, medición y de otros equipos, componentes y accesorios electrónicos'), asignado al sector SERIO 'Fabricación de equipo de computación, comunicación, medición y de otros equipos, componentes y accesorios electrónicos'. Fundamento del subsector padre: Coincidencia directa y exacta uno a uno: el subsector SCIAN 334 ('Fabricación de equipo de computación, comunicación, medición y de otros equipos, componentes y accesorios electrónicos') es, literalmente, uno de los 78 sectores oficiales del modelo SERIO ('Fabricación de equipo de computación, comunicación, medición y de otros equipos, componentes y accesorios electrónicos'). No requiere inferencia económica adicional."
"rama","3351","Fabricación de accesorios de iluminación","Fabricación de accesorios, aparatos eléctricos y equipo de generación de energía eléctrica","ALTA","NO","Hereda la clasificación de su subsector padre SCIAN 335 ('Fabricación de accesorios, aparatos eléctricos y equipo de generación de energía eléctrica'), asignado al sector SERIO 'Fabricación de accesorios, aparatos eléctricos y equipo de generación de energía eléctrica'. Fundamento del subsector padre: Coincidencia directa y exacta uno a uno: el subsector SCIAN 335 ('Fabricación de accesorios, aparatos eléctricos y equipo de generación de energía eléctrica') es, literalmente, uno de los 78 sectores oficiales del modelo SERIO ('Fabricación de accesorios, aparatos eléctricos y equipo de generación de energía eléctrica'). No requiere inferencia económica adicional."
"rama","3352","Fabricación de aparatos eléctricos de uso doméstico","Fabricación de accesorios, aparatos eléctricos y equipo de generación de energía eléctrica","ALTA","NO","Hereda la clasificación de su subsector padre SCIAN 335 ('Fabricación de accesorios, aparatos eléctricos y equipo de generación de energía eléctrica'), asignado al sector SERIO 'Fabricación de accesorios, aparatos eléctricos y equipo de generación de energía eléctrica'. Fundamento del subsector padre: Coincidencia directa y exacta uno a uno: el subsector SCIAN 335 ('Fabricación de accesorios, aparatos eléctricos y equipo de generación de energía eléctrica') es, literalmente, uno de los 78 sectores oficiales del modelo SERIO ('Fabricación de accesorios, aparatos eléctricos y equipo de generación de energía eléctrica'). No requiere inferencia económica adicional."
"rama","3353","Fabricación de equipo de generación y distribución de energía eléctrica","Fabricación de accesorios, aparatos eléctricos y equipo de generación de energía eléctrica","ALTA","NO","Hereda la clasificación de su subsector padre SCIAN 335 ('Fabricación de accesorios, aparatos eléctricos y equipo de generación de energía eléctrica'), asignado al sector SERIO 'Fabricación de accesorios, aparatos eléctricos y equipo de generación de energía eléctrica'. Fundamento del subsector padre: Coincidencia directa y exacta uno a uno: el subsector SCIAN 335 ('Fabricación de accesorios, aparatos eléctricos y equipo de generación de energía eléctrica') es, literalmente, uno de los 78 sectores oficiales del modelo SERIO ('Fabricación de accesorios, aparatos eléctricos y equipo de generación de energía eléctrica'). No requiere inferencia económica adicional."
"rama","3359","Fabricación de otros equipos y accesorios eléctricos","Fabricación de accesorios, aparatos eléctricos y equipo de generación de energía eléctrica","ALTA","NO","Hereda la clasificación de su subsector padre SCIAN 335 ('Fabricación de accesorios, aparatos eléctricos y equipo de generación de energía eléctrica'), asignado al sector SERIO 'Fabricación de accesorios, aparatos eléctricos y equipo de generación de energía eléctrica'. Fundamento del subsector padre: Coincidencia directa y exacta uno a uno: el subsector SCIAN 335 ('Fabricación de accesorios, aparatos eléctricos y equipo de generación de energía eléctrica') es, literalmente, uno de los 78 sectores oficiales del modelo SERIO ('Fabricación de accesorios, aparatos eléctricos y equipo de generación de energía eléctrica'). No requiere inferencia económica adicional."
"rama","3361","Fabricación de automóviles y camiones","Fabricación de equipo de transporte","ALTA","NO","Hereda la clasificación de su subsector padre SCIAN 336 ('Fabricación de equipo de transporte'), asignado al sector SERIO 'Fabricación de equipo de transporte'. Fundamento del subsector padre: Coincidencia directa y exacta uno a uno: el subsector SCIAN 336 ('Fabricación de equipo de transporte') es, literalmente, uno de los 78 sectores oficiales del modelo SERIO ('Fabricación de equipo de transporte'). No requiere inferencia económica adicional."
"rama","3362","Fabricación de carrocerías y remolques","Fabricación de equipo de transporte","ALTA","NO","Hereda la clasificación de su subsector padre SCIAN 336 ('Fabricación de equipo de transporte'), asignado al sector SERIO 'Fabricación de equipo de transporte'. Fundamento del subsector padre: Coincidencia directa y exacta uno a uno: el subsector SCIAN 336 ('Fabricación de equipo de transporte') es, literalmente, uno de los 78 sectores oficiales del modelo SERIO ('Fabricación de equipo de transporte'). No requiere inferencia económica adicional."
"rama","3363","Fabricación de partes para vehículos automotores","Fabricación de equipo de transporte","ALTA","NO","Hereda la clasificación de su subsector padre SCIAN 336 ('Fabricación de equipo de transporte'), asignado al sector SERIO 'Fabricación de equipo de transporte'. Fundamento del subsector padre: Coincidencia directa y exacta uno a uno: el subsector SCIAN 336 ('Fabricación de equipo de transporte') es, literalmente, uno de los 78 sectores oficiales del modelo SERIO ('Fabricación de equipo de transporte'). No requiere inferencia económica adicional."
"rama","3364","Fabricación de equipo aeroespacial","Fabricación de equipo de transporte","ALTA","NO","Hereda la clasificación de su subsector padre SCIAN 336 ('Fabricación de equipo de transporte'), asignado al sector SERIO 'Fabricación de equipo de transporte'. Fundamento del subsector padre: Coincidencia directa y exacta uno a uno: el subsector SCIAN 336 ('Fabricación de equipo de transporte') es, literalmente, uno de los 78 sectores oficiales del modelo SERIO ('Fabricación de equipo de transporte'). No requiere inferencia económica adicional."
"rama","3365","Fabricación de equipo ferroviario","Fabricación de equipo de transporte","ALTA","NO","Hereda la clasificación de su subsector padre SCIAN 336 ('Fabricación de equipo de transporte'), asignado al sector SERIO 'Fabricación de equipo de transporte'. Fundamento del subsector padre: Coincidencia directa y exacta uno a uno: el subsector SCIAN 336 ('Fabricación de equipo de transporte') es, literalmente, uno de los 78 sectores oficiales del modelo SERIO ('Fabricación de equipo de transporte'). No requiere inferencia económica adicional."
"rama","3366","Fabricación de embarcaciones","Fabricación de equipo de transporte","ALTA","NO","Hereda la clasificación de su subsector padre SCIAN 336 ('Fabricación de equipo de transporte'), asignado al sector SERIO 'Fabricación de equipo de transporte'. Fundamento del subsector padre: Coincidencia directa y exacta uno a uno: el subsector SCIAN 336 ('Fabricación de equipo de transporte') es, literalmente, uno de los 78 sectores oficiales del modelo SERIO ('Fabricación de equipo de transporte'). No requiere inferencia económica adicional."
"rama","3369","Fabricación de otro equipo de transporte","Fabricación de equipo de transporte","ALTA","NO","Hereda la clasificación de su subsector padre SCIAN 336 ('Fabricación de equipo de transporte'), asignado al sector SERIO 'Fabricación de equipo de transporte'. Fundamento del subsector padre: Coincidencia directa y exacta uno a uno: el subsector SCIAN 336 ('Fabricación de equipo de transporte') es, literalmente, uno de los 78 sectores oficiales del modelo SERIO ('Fabricación de equipo de transporte'). No requiere inferencia económica adicional."
"rama","3371","Fabricación de muebles, excepto de oficina y estantería","Fabricación de muebles, colchones y persianas","ALTA","NO","Hereda la clasificación de su subsector padre SCIAN 337 ('Fabricación de muebles, colchones y persianas'), asignado al sector SERIO 'Fabricación de muebles, colchones y persianas'. Fundamento del subsector padre: Coincidencia directa y exacta uno a uno: el subsector SCIAN 337 ('Fabricación de muebles, colchones y persianas') es, literalmente, uno de los 78 sectores oficiales del modelo SERIO ('Fabricación de muebles, colchones y persianas'). No requiere inferencia económica adicional."
"rama","3372","Fabricación de muebles de oficina y estantería","Fabricación de muebles, colchones y persianas","ALTA","NO","Hereda la clasificación de su subsector padre SCIAN 337 ('Fabricación de muebles, colchones y persianas'), asignado al sector SERIO 'Fabricación de muebles, colchones y persianas'. Fundamento del subsector padre: Coincidencia directa y exacta uno a uno: el subsector SCIAN 337 ('Fabricación de muebles, colchones y persianas') es, literalmente, uno de los 78 sectores oficiales del modelo SERIO ('Fabricación de muebles, colchones y persianas'). No requiere inferencia económica adicional."
"rama","3379","Fabricación de colchones, persianas y cortineros","Fabricación de muebles, colchones y persianas","ALTA","NO","Hereda la clasificación de su subsector padre SCIAN 337 ('Fabricación de muebles, colchones y persianas'), asignado al sector SERIO 'Fabricación de muebles, colchones y persianas'. Fundamento del subsector padre: Coincidencia directa y exacta uno a uno: el subsector SCIAN 337 ('Fabricación de muebles, colchones y persianas') es, literalmente, uno de los 78 sectores oficiales del modelo SERIO ('Fabricación de muebles, colchones y persianas'). No requiere inferencia económica adicional."
"rama","3391","Fabricación de equipo no electrónico y material desechable de uso médico, dental y para laboratorio, y artículos oftálmicos","Otras industrias manufactureras","ALTA","NO","Hereda la clasificación de su subsector padre SCIAN 339 ('Otras industrias manufactureras'), asignado al sector SERIO 'Otras industrias manufactureras'. Fundamento del subsector padre: Coincidencia directa y exacta uno a uno: el subsector SCIAN 339 ('Otras industrias manufactureras') es, literalmente, uno de los 78 sectores oficiales del modelo SERIO ('Otras industrias manufactureras'). No requiere inferencia económica adicional."
"rama","3399","Otras industrias manufactureras","Otras industrias manufactureras","ALTA","NO","Hereda la clasificación de su subsector padre SCIAN 339 ('Otras industrias manufactureras'), asignado al sector SERIO 'Otras industrias manufactureras'. Fundamento del subsector padre: Coincidencia directa y exacta uno a uno: el subsector SCIAN 339 ('Otras industrias manufactureras') es, literalmente, uno de los 78 sectores oficiales del modelo SERIO ('Otras industrias manufactureras'). No requiere inferencia económica adicional."
"rama","4311","Comercio al por mayor de abarrotes y alimentos","Comercio al por mayor de abarrotes, alimentos, bebidas, hielo y tabaco","ALTA","NO","Hereda la clasificación de su subsector padre SCIAN 431 ('Comercio al por mayor de abarrotes, alimentos, bebidas, hielo y tabaco'), asignado al sector SERIO 'Comercio al por mayor de abarrotes, alimentos, bebidas, hielo y tabaco'. Fundamento del subsector padre: Coincidencia directa y exacta uno a uno: el subsector SCIAN 431 ('Comercio al por mayor de abarrotes, alimentos, bebidas, hielo y tabaco') es, literalmente, uno de los 78 sectores oficiales del modelo SERIO ('Comercio al por mayor de abarrotes, alimentos, bebidas, hielo y tabaco'). No requiere inferencia económica adicional."
"rama","4312","Comercio al por mayor de bebidas, hielo y tabaco","Comercio al por mayor de abarrotes, alimentos, bebidas, hielo y tabaco","ALTA","NO","Hereda la clasificación de su subsector padre SCIAN 431 ('Comercio al por mayor de abarrotes, alimentos, bebidas, hielo y tabaco'), asignado al sector SERIO 'Comercio al por mayor de abarrotes, alimentos, bebidas, hielo y tabaco'. Fundamento del subsector padre: Coincidencia directa y exacta uno a uno: el subsector SCIAN 431 ('Comercio al por mayor de abarrotes, alimentos, bebidas, hielo y tabaco') es, literalmente, uno de los 78 sectores oficiales del modelo SERIO ('Comercio al por mayor de abarrotes, alimentos, bebidas, hielo y tabaco'). No requiere inferencia económica adicional."
"rama","4321","Comercio al por mayor de productos textiles y calzado","Comercio al por mayor de abarrotes, alimentos, bebidas, hielo y tabaco","ALTA","NO","Hereda la clasificación de su subsector padre SCIAN 432 ('Comercio al por mayor de productos textiles y calzado'), asignado al sector SERIO 'Comercio al por mayor de abarrotes, alimentos, bebidas, hielo y tabaco'. Fundamento del subsector padre: El modelo SERIO, siguiendo el tratamiento estándar de las matrices insumo-producto y del Sistema de Cuentas Nacionales de México, modela el comercio al por mayor (sector SCIAN 43 completo) como un único sector de margen comercial, sin desagregar por tipo de mercancía comerciada. El subsector 432 queda económicamente contenido en su totalidad dentro de esa actividad de margen, por lo que se asigna al sector SERIO representativo '431' con criterio de agregación metodológica explícita (no ambigüedad de contenido, solo de nivel de agregación)."
"rama","4331","Comercio al por mayor de productos farmacéuticos","Comercio al por mayor de abarrotes, alimentos, bebidas, hielo y tabaco","ALTA","NO","Hereda la clasificación de su subsector padre SCIAN 433 ('Comercio al por mayor de productos farmacéuticos, de perfumería, artículos para el esparcimiento, electrodomésticos menores y aparatos de línea blanca'), asignado al sector SERIO 'Comercio al por mayor de abarrotes, alimentos, bebidas, hielo y tabaco'. Fundamento del subsector padre: El modelo SERIO, siguiendo el tratamiento estándar de las matrices insumo-producto y del Sistema de Cuentas Nacionales de México, modela el comercio al por mayor (sector SCIAN 43 completo) como un único sector de margen comercial, sin desagregar por tipo de mercancía comerciada. El subsector 433 queda económicamente contenido en su totalidad dentro de esa actividad de margen, por lo que se asigna al sector SERIO representativo '431' con criterio de agregación metodológica explícita (no ambigüedad de contenido, solo de nivel de agregación)."
"rama","4332","Comercio al por mayor de artículos de perfumería, cosméticos y joyería","Comercio al por mayor de abarrotes, alimentos, bebidas, hielo y tabaco","ALTA","NO","Hereda la clasificación de su subsector padre SCIAN 433 ('Comercio al por mayor de productos farmacéuticos, de perfumería, artículos para el esparcimiento, electrodomésticos menores y aparatos de línea blanca'), asignado al sector SERIO 'Comercio al por mayor de abarrotes, alimentos, bebidas, hielo y tabaco'. Fundamento del subsector padre: El modelo SERIO, siguiendo el tratamiento estándar de las matrices insumo-producto y del Sistema de Cuentas Nacionales de México, modela el comercio al por mayor (sector SCIAN 43 completo) como un único sector de margen comercial, sin desagregar por tipo de mercancía comerciada. El subsector 433 queda económicamente contenido en su totalidad dentro de esa actividad de margen, por lo que se asigna al sector SERIO representativo '431' con criterio de agregación metodológica explícita (no ambigüedad de contenido, solo de nivel de agregación)."
"rama","4333","Comercio al por mayor de grabaciones de audio y video en medios físicos, juguetes y artículos deportivos","Comercio al por mayor de abarrotes, alimentos, bebidas, hielo y tabaco","ALTA","NO","Hereda la clasificación de su subsector padre SCIAN 433 ('Comercio al por mayor de productos farmacéuticos, de perfumería, artículos para el esparcimiento, electrodomésticos menores y aparatos de línea blanca'), asignado al sector SERIO 'Comercio al por mayor de abarrotes, alimentos, bebidas, hielo y tabaco'. Fundamento del subsector padre: El modelo SERIO, siguiendo el tratamiento estándar de las matrices insumo-producto y del Sistema de Cuentas Nacionales de México, modela el comercio al por mayor (sector SCIAN 43 completo) como un único sector de margen comercial, sin desagregar por tipo de mercancía comerciada. El subsector 433 queda económicamente contenido en su totalidad dentro de esa actividad de margen, por lo que se asigna al sector SERIO representativo '431' con criterio de agregación metodológica explícita (no ambigüedad de contenido, solo de nivel de agregación)."
"rama","4334","Comercio al por mayor de artículos de papelería, libros, revistas y periódicos","Comercio al por mayor de abarrotes, alimentos, bebidas, hielo y tabaco","ALTA","NO","Hereda la clasificación de su subsector padre SCIAN 433 ('Comercio al por mayor de productos farmacéuticos, de perfumería, artículos para el esparcimiento, electrodomésticos menores y aparatos de línea blanca'), asignado al sector SERIO 'Comercio al por mayor de abarrotes, alimentos, bebidas, hielo y tabaco'. Fundamento del subsector padre: El modelo SERIO, siguiendo el tratamiento estándar de las matrices insumo-producto y del Sistema de Cuentas Nacionales de México, modela el comercio al por mayor (sector SCIAN 43 completo) como un único sector de margen comercial, sin desagregar por tipo de mercancía comerciada. El subsector 433 queda económicamente contenido en su totalidad dentro de esa actividad de margen, por lo que se asigna al sector SERIO representativo '431' con criterio de agregación metodológica explícita (no ambigüedad de contenido, solo de nivel de agregación)."
"rama","4335","Comercio al por mayor de electrodomésticos menores y aparatos de línea blanca","Comercio al por mayor de abarrotes, alimentos, bebidas, hielo y tabaco","ALTA","NO","Hereda la clasificación de su subsector padre SCIAN 433 ('Comercio al por mayor de productos farmacéuticos, de perfumería, artículos para el esparcimiento, electrodomésticos menores y aparatos de línea blanca'), asignado al sector SERIO 'Comercio al por mayor de abarrotes, alimentos, bebidas, hielo y tabaco'. Fundamento del subsector padre: El modelo SERIO, siguiendo el tratamiento estándar de las matrices insumo-producto y del Sistema de Cuentas Nacionales de México, modela el comercio al por mayor (sector SCIAN 43 completo) como un único sector de margen comercial, sin desagregar por tipo de mercancía comerciada. El subsector 433 queda económicamente contenido en su totalidad dentro de esa actividad de margen, por lo que se asigna al sector SERIO representativo '431' con criterio de agregación metodológica explícita (no ambigüedad de contenido, solo de nivel de agregación)."
"rama","4341","Comercio al por mayor de materias primas agropecuarias y forestales","Comercio al por mayor de abarrotes, alimentos, bebidas, hielo y tabaco","ALTA","NO","Hereda la clasificación de su subsector padre SCIAN 434 ('Comercio al por mayor de materias primas agropecuarias y forestales, para la industria, y materiales de desecho'), asignado al sector SERIO 'Comercio al por mayor de abarrotes, alimentos, bebidas, hielo y tabaco'. Fundamento del subsector padre: El modelo SERIO, siguiendo el tratamiento estándar de las matrices insumo-producto y del Sistema de Cuentas Nacionales de México, modela el comercio al por mayor (sector SCIAN 43 completo) como un único sector de margen comercial, sin desagregar por tipo de mercancía comerciada. El subsector 434 queda económicamente contenido en su totalidad dentro de esa actividad de margen, por lo que se asigna al sector SERIO representativo '431' con criterio de agregación metodológica explícita (no ambigüedad de contenido, solo de nivel de agregación)."
"rama","4342","Comercio al por mayor de materias primas para la industria","Comercio al por mayor de abarrotes, alimentos, bebidas, hielo y tabaco","ALTA","NO","Hereda la clasificación de su subsector padre SCIAN 434 ('Comercio al por mayor de materias primas agropecuarias y forestales, para la industria, y materiales de desecho'), asignado al sector SERIO 'Comercio al por mayor de abarrotes, alimentos, bebidas, hielo y tabaco'. Fundamento del subsector padre: El modelo SERIO, siguiendo el tratamiento estándar de las matrices insumo-producto y del Sistema de Cuentas Nacionales de México, modela el comercio al por mayor (sector SCIAN 43 completo) como un único sector de margen comercial, sin desagregar por tipo de mercancía comerciada. El subsector 434 queda económicamente contenido en su totalidad dentro de esa actividad de margen, por lo que se asigna al sector SERIO representativo '431' con criterio de agregación metodológica explícita (no ambigüedad de contenido, solo de nivel de agregación)."
"rama","4343","Comercio al por mayor de materiales de desecho","Comercio al por mayor de abarrotes, alimentos, bebidas, hielo y tabaco","ALTA","NO","Hereda la clasificación de su subsector padre SCIAN 434 ('Comercio al por mayor de materias primas agropecuarias y forestales, para la industria, y materiales de desecho'), asignado al sector SERIO 'Comercio al por mayor de abarrotes, alimentos, bebidas, hielo y tabaco'. Fundamento del subsector padre: El modelo SERIO, siguiendo el tratamiento estándar de las matrices insumo-producto y del Sistema de Cuentas Nacionales de México, modela el comercio al por mayor (sector SCIAN 43 completo) como un único sector de margen comercial, sin desagregar por tipo de mercancía comerciada. El subsector 434 queda económicamente contenido en su totalidad dentro de esa actividad de margen, por lo que se asigna al sector SERIO representativo '431' con criterio de agregación metodológica explícita (no ambigüedad de contenido, solo de nivel de agregación)."
"rama","4351","Comercio al por mayor de maquinaria y equipo agropecuario, forestal y para la pesca","Comercio al por mayor de abarrotes, alimentos, bebidas, hielo y tabaco","ALTA","NO","Hereda la clasificación de su subsector padre SCIAN 435 ('Comercio al por mayor de maquinaria, equipo y mobiliario para actividades agropecuarias, industriales, de servicios y comerciales, y de otra maquinaria y equipo de uso general'), asignado al sector SERIO 'Comercio al por mayor de abarrotes, alimentos, bebidas, hielo y tabaco'. Fundamento del subsector padre: El modelo SERIO, siguiendo el tratamiento estándar de las matrices insumo-producto y del Sistema de Cuentas Nacionales de México, modela el comercio al por mayor (sector SCIAN 43 completo) como un único sector de margen comercial, sin desagregar por tipo de mercancía comerciada. El subsector 435 queda económicamente contenido en su totalidad dentro de esa actividad de margen, por lo que se asigna al sector SERIO representativo '431' con criterio de agregación metodológica explícita (no ambigüedad de contenido, solo de nivel de agregación)."
"rama","4352","Comercio al por mayor de maquinaria y equipo para la industria","Comercio al por mayor de abarrotes, alimentos, bebidas, hielo y tabaco","ALTA","NO","Hereda la clasificación de su subsector padre SCIAN 435 ('Comercio al por mayor de maquinaria, equipo y mobiliario para actividades agropecuarias, industriales, de servicios y comerciales, y de otra maquinaria y equipo de uso general'), asignado al sector SERIO 'Comercio al por mayor de abarrotes, alimentos, bebidas, hielo y tabaco'. Fundamento del subsector padre: El modelo SERIO, siguiendo el tratamiento estándar de las matrices insumo-producto y del Sistema de Cuentas Nacionales de México, modela el comercio al por mayor (sector SCIAN 43 completo) como un único sector de margen comercial, sin desagregar por tipo de mercancía comerciada. El subsector 435 queda económicamente contenido en su totalidad dentro de esa actividad de margen, por lo que se asigna al sector SERIO representativo '431' con criterio de agregación metodológica explícita (no ambigüedad de contenido, solo de nivel de agregación)."
"rama","4353","Comercio al por mayor de maquinaria y equipo para los servicios y para actividades comerciales","Comercio al por mayor de abarrotes, alimentos, bebidas, hielo y tabaco","ALTA","NO","Hereda la clasificación de su subsector padre SCIAN 435 ('Comercio al por mayor de maquinaria, equipo y mobiliario para actividades agropecuarias, industriales, de servicios y comerciales, y de otra maquinaria y equipo de uso general'), asignado al sector SERIO 'Comercio al por mayor de abarrotes, alimentos, bebidas, hielo y tabaco'. Fundamento del subsector padre: El modelo SERIO, siguiendo el tratamiento estándar de las matrices insumo-producto y del Sistema de Cuentas Nacionales de México, modela el comercio al por mayor (sector SCIAN 43 completo) como un único sector de margen comercial, sin desagregar por tipo de mercancía comerciada. El subsector 435 queda económicamente contenido en su totalidad dentro de esa actividad de margen, por lo que se asigna al sector SERIO representativo '431' con criterio de agregación metodológica explícita (no ambigüedad de contenido, solo de nivel de agregación)."
"rama","4354","Comercio al por mayor de mobiliario y equipo de cómputo y de oficina, y de otra maquinaria y equipo de uso general","Comercio al por mayor de abarrotes, alimentos, bebidas, hielo y tabaco","ALTA","NO","Hereda la clasificación de su subsector padre SCIAN 435 ('Comercio al por mayor de maquinaria, equipo y mobiliario para actividades agropecuarias, industriales, de servicios y comerciales, y de otra maquinaria y equipo de uso general'), asignado al sector SERIO 'Comercio al por mayor de abarrotes, alimentos, bebidas, hielo y tabaco'. Fundamento del subsector padre: El modelo SERIO, siguiendo el tratamiento estándar de las matrices insumo-producto y del Sistema de Cuentas Nacionales de México, modela el comercio al por mayor (sector SCIAN 43 completo) como un único sector de margen comercial, sin desagregar por tipo de mercancía comerciada. El subsector 435 queda económicamente contenido en su totalidad dentro de esa actividad de margen, por lo que se asigna al sector SERIO representativo '431' con criterio de agregación metodológica explícita (no ambigüedad de contenido, solo de nivel de agregación)."
"rama","4361","Comercio al por mayor de camiones y de partes y refacciones nuevas para automóviles, camionetas y camiones","Comercio al por mayor de abarrotes, alimentos, bebidas, hielo y tabaco","ALTA","NO","Hereda la clasificación de su subsector padre SCIAN 436 ('Comercio al por mayor de camiones y de partes y refacciones nuevas para automóviles, camionetas y camiones'), asignado al sector SERIO 'Comercio al por mayor de abarrotes, alimentos, bebidas, hielo y tabaco'. Fundamento del subsector padre: El modelo SERIO, siguiendo el tratamiento estándar de las matrices insumo-producto y del Sistema de Cuentas Nacionales de México, modela el comercio al por mayor (sector SCIAN 43 completo) como un único sector de margen comercial, sin desagregar por tipo de mercancía comerciada. El subsector 436 queda económicamente contenido en su totalidad dentro de esa actividad de margen, por lo que se asigna al sector SERIO representativo '431' con criterio de agregación metodológica explícita (no ambigüedad de contenido, solo de nivel de agregación)."
"rama","4373","Intermediación de comercio al por mayor","Comercio al por mayor de abarrotes, alimentos, bebidas, hielo y tabaco","ALTA","NO","Hereda la clasificación de su subsector padre SCIAN 437 ('Intermediación de comercio al por mayor'), asignado al sector SERIO 'Comercio al por mayor de abarrotes, alimentos, bebidas, hielo y tabaco'. Fundamento del subsector padre: El modelo SERIO, siguiendo el tratamiento estándar de las matrices insumo-producto y del Sistema de Cuentas Nacionales de México, modela el comercio al por mayor (sector SCIAN 43 completo) como un único sector de margen comercial, sin desagregar por tipo de mercancía comerciada. El subsector 437 queda económicamente contenido en su totalidad dentro de esa actividad de margen, por lo que se asigna al sector SERIO representativo '431' con criterio de agregación metodológica explícita (no ambigüedad de contenido, solo de nivel de agregación)."
"rama","4611","Comercio al por menor de abarrotes y alimentos","Comercio al por menor de abarrotes, alimentos, bebidas, hielo y tabaco","ALTA","NO","Hereda la clasificación de su subsector padre SCIAN 461 ('Comercio al por menor de abarrotes, alimentos, bebidas, hielo y tabaco'), asignado al sector SERIO 'Comercio al por menor de abarrotes, alimentos, bebidas, hielo y tabaco'. Fundamento del subsector padre: Coincidencia directa y exacta uno a uno: el subsector SCIAN 461 ('Comercio al por menor de abarrotes, alimentos, bebidas, hielo y tabaco') es, literalmente, uno de los 78 sectores oficiales del modelo SERIO ('Comercio al por menor de abarrotes, alimentos, bebidas, hielo y tabaco'). No requiere inferencia económica adicional."
"rama","4612","Comercio al por menor de bebidas, hielo y tabaco","Comercio al por menor de abarrotes, alimentos, bebidas, hielo y tabaco","ALTA","NO","Hereda la clasificación de su subsector padre SCIAN 461 ('Comercio al por menor de abarrotes, alimentos, bebidas, hielo y tabaco'), asignado al sector SERIO 'Comercio al por menor de abarrotes, alimentos, bebidas, hielo y tabaco'. Fundamento del subsector padre: Coincidencia directa y exacta uno a uno: el subsector SCIAN 461 ('Comercio al por menor de abarrotes, alimentos, bebidas, hielo y tabaco') es, literalmente, uno de los 78 sectores oficiales del modelo SERIO ('Comercio al por menor de abarrotes, alimentos, bebidas, hielo y tabaco'). No requiere inferencia económica adicional."
"rama","4621","Comercio al por menor en tiendas de autoservicio","Comercio al por menor de abarrotes, alimentos, bebidas, hielo y tabaco","ALTA","NO","Hereda la clasificación de su subsector padre SCIAN 462 ('Comercio al por menor en tiendas de autoservicio y departamentales'), asignado al sector SERIO 'Comercio al por menor de abarrotes, alimentos, bebidas, hielo y tabaco'. Fundamento del subsector padre: El modelo SERIO modela el comercio al por menor (sector SCIAN 46 completo) como un único sector de margen comercial, siguiendo el mismo criterio metodológico aplicado al comercio al por mayor. El subsector 462 queda contenido íntegramente en dicha actividad de margen y se asigna al sector SERIO representativo '461'."
"rama","4622","Comercio al por menor en tiendas departamentales","Comercio al por menor de abarrotes, alimentos, bebidas, hielo y tabaco","ALTA","NO","Hereda la clasificación de su subsector padre SCIAN 462 ('Comercio al por menor en tiendas de autoservicio y departamentales'), asignado al sector SERIO 'Comercio al por menor de abarrotes, alimentos, bebidas, hielo y tabaco'. Fundamento del subsector padre: El modelo SERIO modela el comercio al por menor (sector SCIAN 46 completo) como un único sector de margen comercial, siguiendo el mismo criterio metodológico aplicado al comercio al por mayor. El subsector 462 queda contenido íntegramente en dicha actividad de margen y se asigna al sector SERIO representativo '461'."
"rama","4631","Comercio al por menor de productos textiles, excepto ropa","Comercio al por menor de abarrotes, alimentos, bebidas, hielo y tabaco","ALTA","NO","Hereda la clasificación de su subsector padre SCIAN 463 ('Comercio al por menor de productos textiles, bisutería, accesorios de vestir y calzado'), asignado al sector SERIO 'Comercio al por menor de abarrotes, alimentos, bebidas, hielo y tabaco'. Fundamento del subsector padre: El modelo SERIO modela el comercio al por menor (sector SCIAN 46 completo) como un único sector de margen comercial, siguiendo el mismo criterio metodológico aplicado al comercio al por mayor. El subsector 463 queda contenido íntegramente en dicha actividad de margen y se asigna al sector SERIO representativo '461'."
"rama","4632","Comercio al por menor de ropa, bisutería y accesorios de vestir","Comercio al por menor de abarrotes, alimentos, bebidas, hielo y tabaco","ALTA","NO","Hereda la clasificación de su subsector padre SCIAN 463 ('Comercio al por menor de productos textiles, bisutería, accesorios de vestir y calzado'), asignado al sector SERIO 'Comercio al por menor de abarrotes, alimentos, bebidas, hielo y tabaco'. Fundamento del subsector padre: El modelo SERIO modela el comercio al por menor (sector SCIAN 46 completo) como un único sector de margen comercial, siguiendo el mismo criterio metodológico aplicado al comercio al por mayor. El subsector 463 queda contenido íntegramente en dicha actividad de margen y se asigna al sector SERIO representativo '461'."
"rama","4633","Comercio al por menor de calzado","Comercio al por menor de abarrotes, alimentos, bebidas, hielo y tabaco","ALTA","NO","Hereda la clasificación de su subsector padre SCIAN 463 ('Comercio al por menor de productos textiles, bisutería, accesorios de vestir y calzado'), asignado al sector SERIO 'Comercio al por menor de abarrotes, alimentos, bebidas, hielo y tabaco'. Fundamento del subsector padre: El modelo SERIO modela el comercio al por menor (sector SCIAN 46 completo) como un único sector de margen comercial, siguiendo el mismo criterio metodológico aplicado al comercio al por mayor. El subsector 463 queda contenido íntegramente en dicha actividad de margen y se asigna al sector SERIO representativo '461'."
"rama","4641","Comercio al por menor de artículos para el cuidado de la salud","Comercio al por menor de abarrotes, alimentos, bebidas, hielo y tabaco","ALTA","NO","Hereda la clasificación de su subsector padre SCIAN 464 ('Comercio al por menor de artículos para el cuidado de la salud'), asignado al sector SERIO 'Comercio al por menor de abarrotes, alimentos, bebidas, hielo y tabaco'. Fundamento del subsector padre: El modelo SERIO modela el comercio al por menor (sector SCIAN 46 completo) como un único sector de margen comercial, siguiendo el mismo criterio metodológico aplicado al comercio al por mayor. El subsector 464 queda contenido íntegramente en dicha actividad de margen y se asigna al sector SERIO representativo '461'."
"rama","4651","Comercio al por menor de artículos de perfumería y joyería","Comercio al por menor de abarrotes, alimentos, bebidas, hielo y tabaco","ALTA","NO","Hereda la clasificación de su subsector padre SCIAN 465 ('Comercio al por menor de artículos de papelería, para el esparcimiento y otros artículos de uso personal'), asignado al sector SERIO 'Comercio al por menor de abarrotes, alimentos, bebidas, hielo y tabaco'. Fundamento del subsector padre: El modelo SERIO modela el comercio al por menor (sector SCIAN 46 completo) como un único sector de margen comercial, siguiendo el mismo criterio metodológico aplicado al comercio al por mayor. El subsector 465 queda contenido íntegramente en dicha actividad de margen y se asigna al sector SERIO representativo '461'."
"rama","4652","Comercio al por menor de artículos para el esparcimiento","Comercio al por menor de abarrotes, alimentos, bebidas, hielo y tabaco","ALTA","NO","Hereda la clasificación de su subsector padre SCIAN 465 ('Comercio al por menor de artículos de papelería, para el esparcimiento y otros artículos de uso personal'), asignado al sector SERIO 'Comercio al por menor de abarrotes, alimentos, bebidas, hielo y tabaco'. Fundamento del subsector padre: El modelo SERIO modela el comercio al por menor (sector SCIAN 46 completo) como un único sector de margen comercial, siguiendo el mismo criterio metodológico aplicado al comercio al por mayor. El subsector 465 queda contenido íntegramente en dicha actividad de margen y se asigna al sector SERIO representativo '461'."
"rama","4653","Comercio al por menor de artículos de papelería, libros, revistas y periódicos","Comercio al por menor de abarrotes, alimentos, bebidas, hielo y tabaco","ALTA","NO","Hereda la clasificación de su subsector padre SCIAN 465 ('Comercio al por menor de artículos de papelería, para el esparcimiento y otros artículos de uso personal'), asignado al sector SERIO 'Comercio al por menor de abarrotes, alimentos, bebidas, hielo y tabaco'. Fundamento del subsector padre: El modelo SERIO modela el comercio al por menor (sector SCIAN 46 completo) como un único sector de margen comercial, siguiendo el mismo criterio metodológico aplicado al comercio al por mayor. El subsector 465 queda contenido íntegramente en dicha actividad de margen y se asigna al sector SERIO representativo '461'."
"rama","4659","Comercio al por menor de mascotas y sus accesorios, regalos, artículos religiosos, desechables, artesanías y otros artículos de uso personal","Comercio al por menor de abarrotes, alimentos, bebidas, hielo y tabaco","ALTA","NO","Hereda la clasificación de su subsector padre SCIAN 465 ('Comercio al por menor de artículos de papelería, para el esparcimiento y otros artículos de uso personal'), asignado al sector SERIO 'Comercio al por menor de abarrotes, alimentos, bebidas, hielo y tabaco'. Fundamento del subsector padre: El modelo SERIO modela el comercio al por menor (sector SCIAN 46 completo) como un único sector de margen comercial, siguiendo el mismo criterio metodológico aplicado al comercio al por mayor. El subsector 465 queda contenido íntegramente en dicha actividad de margen y se asigna al sector SERIO representativo '461'."
"rama","4661","Comercio al por menor de muebles para el hogar y otros enseres domésticos","Comercio al por menor de abarrotes, alimentos, bebidas, hielo y tabaco","ALTA","NO","Hereda la clasificación de su subsector padre SCIAN 466 ('Comercio al por menor de enseres domésticos, computadoras, artículos para la decoración de interiores y artículos usados'), asignado al sector SERIO 'Comercio al por menor de abarrotes, alimentos, bebidas, hielo y tabaco'. Fundamento del subsector padre: El modelo SERIO modela el comercio al por menor (sector SCIAN 46 completo) como un único sector de margen comercial, siguiendo el mismo criterio metodológico aplicado al comercio al por mayor. El subsector 466 queda contenido íntegramente en dicha actividad de margen y se asigna al sector SERIO representativo '461'."
"rama","4662","Comercio al por menor de mobiliario, equipo y accesorios de cómputo, teléfonos y otros aparatos de comunicación","Comercio al por menor de abarrotes, alimentos, bebidas, hielo y tabaco","ALTA","NO","Hereda la clasificación de su subsector padre SCIAN 466 ('Comercio al por menor de enseres domésticos, computadoras, artículos para la decoración de interiores y artículos usados'), asignado al sector SERIO 'Comercio al por menor de abarrotes, alimentos, bebidas, hielo y tabaco'. Fundamento del subsector padre: El modelo SERIO modela el comercio al por menor (sector SCIAN 46 completo) como un único sector de margen comercial, siguiendo el mismo criterio metodológico aplicado al comercio al por mayor. El subsector 466 queda contenido íntegramente en dicha actividad de margen y se asigna al sector SERIO representativo '461'."
"rama","4663","Comercio al por menor de artículos para la decoración de interiores","Comercio al por menor de abarrotes, alimentos, bebidas, hielo y tabaco","ALTA","NO","Hereda la clasificación de su subsector padre SCIAN 466 ('Comercio al por menor de enseres domésticos, computadoras, artículos para la decoración de interiores y artículos usados'), asignado al sector SERIO 'Comercio al por menor de abarrotes, alimentos, bebidas, hielo y tabaco'. Fundamento del subsector padre: El modelo SERIO modela el comercio al por menor (sector SCIAN 46 completo) como un único sector de margen comercial, siguiendo el mismo criterio metodológico aplicado al comercio al por mayor. El subsector 466 queda contenido íntegramente en dicha actividad de margen y se asigna al sector SERIO representativo '461'."
"rama","4664","Comercio al por menor de artículos usados","Comercio al por menor de abarrotes, alimentos, bebidas, hielo y tabaco","ALTA","NO","Hereda la clasificación de su subsector padre SCIAN 466 ('Comercio al por menor de enseres domésticos, computadoras, artículos para la decoración de interiores y artículos usados'), asignado al sector SERIO 'Comercio al por menor de abarrotes, alimentos, bebidas, hielo y tabaco'. Fundamento del subsector padre: El modelo SERIO modela el comercio al por menor (sector SCIAN 46 completo) como un único sector de margen comercial, siguiendo el mismo criterio metodológico aplicado al comercio al por mayor. El subsector 466 queda contenido íntegramente en dicha actividad de margen y se asigna al sector SERIO representativo '461'."
"rama","4671","Comercio al por menor de artículos de ferretería, tlapalería y vidrios","Comercio al por menor de abarrotes, alimentos, bebidas, hielo y tabaco","ALTA","NO","Hereda la clasificación de su subsector padre SCIAN 467 ('Comercio al por menor de artículos de ferretería, tlapalería y vidrios'), asignado al sector SERIO 'Comercio al por menor de abarrotes, alimentos, bebidas, hielo y tabaco'. Fundamento del subsector padre: El modelo SERIO modela el comercio al por menor (sector SCIAN 46 completo) como un único sector de margen comercial, siguiendo el mismo criterio metodológico aplicado al comercio al por mayor. El subsector 467 queda contenido íntegramente en dicha actividad de margen y se asigna al sector SERIO representativo '461'."
"rama","4681","Comercio al por menor de automóviles y camionetas","Comercio al por menor de abarrotes, alimentos, bebidas, hielo y tabaco","ALTA","NO","Hereda la clasificación de su subsector padre SCIAN 468 ('Comercio al por menor de vehículos de motor, refacciones, combustibles y lubricantes'), asignado al sector SERIO 'Comercio al por menor de abarrotes, alimentos, bebidas, hielo y tabaco'. Fundamento del subsector padre: El modelo SERIO modela el comercio al por menor (sector SCIAN 46 completo) como un único sector de margen comercial, siguiendo el mismo criterio metodológico aplicado al comercio al por mayor. El subsector 468 queda contenido íntegramente en dicha actividad de margen y se asigna al sector SERIO representativo '461'."
"rama","4682","Comercio al por menor de partes y refacciones para automóviles, camionetas y camiones","Comercio al por menor de abarrotes, alimentos, bebidas, hielo y tabaco","ALTA","NO","Hereda la clasificación de su subsector padre SCIAN 468 ('Comercio al por menor de vehículos de motor, refacciones, combustibles y lubricantes'), asignado al sector SERIO 'Comercio al por menor de abarrotes, alimentos, bebidas, hielo y tabaco'. Fundamento del subsector padre: El modelo SERIO modela el comercio al por menor (sector SCIAN 46 completo) como un único sector de margen comercial, siguiendo el mismo criterio metodológico aplicado al comercio al por mayor. El subsector 468 queda contenido íntegramente en dicha actividad de margen y se asigna al sector SERIO representativo '461'."
"rama","4683","Comercio al por menor de motocicletas y otros vehículos de motor","Comercio al por menor de abarrotes, alimentos, bebidas, hielo y tabaco","ALTA","NO","Hereda la clasificación de su subsector padre SCIAN 468 ('Comercio al por menor de vehículos de motor, refacciones, combustibles y lubricantes'), asignado al sector SERIO 'Comercio al por menor de abarrotes, alimentos, bebidas, hielo y tabaco'. Fundamento del subsector padre: El modelo SERIO modela el comercio al por menor (sector SCIAN 46 completo) como un único sector de margen comercial, siguiendo el mismo criterio metodológico aplicado al comercio al por mayor. El subsector 468 queda contenido íntegramente en dicha actividad de margen y se asigna al sector SERIO representativo '461'."
"rama","4684","Comercio al por menor de combustibles, aceites y grasas lubricantes","Comercio al por menor de abarrotes, alimentos, bebidas, hielo y tabaco","ALTA","NO","Hereda la clasificación de su subsector padre SCIAN 468 ('Comercio al por menor de vehículos de motor, refacciones, combustibles y lubricantes'), asignado al sector SERIO 'Comercio al por menor de abarrotes, alimentos, bebidas, hielo y tabaco'. Fundamento del subsector padre: El modelo SERIO modela el comercio al por menor (sector SCIAN 46 completo) como un único sector de margen comercial, siguiendo el mismo criterio metodológico aplicado al comercio al por mayor. El subsector 468 queda contenido íntegramente en dicha actividad de margen y se asigna al sector SERIO representativo '461'."
"rama","4691","Intermediación de comercio al por menor, y comercio al por menor a través de catálogos impresos, televisión y similares","Comercio al por menor de abarrotes, alimentos, bebidas, hielo y tabaco","ALTA","NO","Hereda la clasificación de su subsector padre SCIAN 469 ('Intermediación de comercio al por menor, y comercio al por menor a través de catálogos impresos, televisión y similares'), asignado al sector SERIO 'Comercio al por menor de abarrotes, alimentos, bebidas, hielo y tabaco'. Fundamento del subsector padre: El modelo SERIO modela el comercio al por menor (sector SCIAN 46 completo) como un único sector de margen comercial, siguiendo el mismo criterio metodológico aplicado al comercio al por mayor. El subsector 469 queda contenido íntegramente en dicha actividad de margen y se asigna al sector SERIO representativo '461'."
"rama","4811","Transporte aéreo regular","Transporte aéreo","ALTA","NO","Hereda la clasificación de su subsector padre SCIAN 481 ('Transporte aéreo'), asignado al sector SERIO 'Transporte aéreo'. Fundamento del subsector padre: Coincidencia directa y exacta uno a uno: el subsector SCIAN 481 ('Transporte aéreo') es, literalmente, uno de los 78 sectores oficiales del modelo SERIO ('Transporte aéreo'). No requiere inferencia económica adicional."
"rama","4812","Transporte aéreo no regular","Transporte aéreo","ALTA","NO","Hereda la clasificación de su subsector padre SCIAN 481 ('Transporte aéreo'), asignado al sector SERIO 'Transporte aéreo'. Fundamento del subsector padre: Coincidencia directa y exacta uno a uno: el subsector SCIAN 481 ('Transporte aéreo') es, literalmente, uno de los 78 sectores oficiales del modelo SERIO ('Transporte aéreo'). No requiere inferencia económica adicional."
"rama","4821","Transporte por ferrocarril","Transporte por ferrocarril","ALTA","NO","Hereda la clasificación de su subsector padre SCIAN 482 ('Transporte por ferrocarril'), asignado al sector SERIO 'Transporte por ferrocarril'. Fundamento del subsector padre: Coincidencia directa y exacta uno a uno: el subsector SCIAN 482 ('Transporte por ferrocarril') es, literalmente, uno de los 78 sectores oficiales del modelo SERIO ('Transporte por ferrocarril'). No requiere inferencia económica adicional."
"rama","4831","Transporte marítimo","Transporte por agua","ALTA","NO","Hereda la clasificación de su subsector padre SCIAN 483 ('Transporte por agua'), asignado al sector SERIO 'Transporte por agua'. Fundamento del subsector padre: Coincidencia directa y exacta uno a uno: el subsector SCIAN 483 ('Transporte por agua') es, literalmente, uno de los 78 sectores oficiales del modelo SERIO ('Transporte por agua'). No requiere inferencia económica adicional."
"rama","4832","Transporte por aguas interiores","Transporte por agua","ALTA","NO","Hereda la clasificación de su subsector padre SCIAN 483 ('Transporte por agua'), asignado al sector SERIO 'Transporte por agua'. Fundamento del subsector padre: Coincidencia directa y exacta uno a uno: el subsector SCIAN 483 ('Transporte por agua') es, literalmente, uno de los 78 sectores oficiales del modelo SERIO ('Transporte por agua'). No requiere inferencia económica adicional."
"rama","4841","Autotransporte de carga general","Autotransporte de carga","ALTA","NO","Hereda la clasificación de su subsector padre SCIAN 484 ('Autotransporte de carga'), asignado al sector SERIO 'Autotransporte de carga'. Fundamento del subsector padre: Coincidencia directa y exacta uno a uno: el subsector SCIAN 484 ('Autotransporte de carga') es, literalmente, uno de los 78 sectores oficiales del modelo SERIO ('Autotransporte de carga'). No requiere inferencia económica adicional."
"rama","4842","Autotransporte de carga especializado","Autotransporte de carga","ALTA","NO","Hereda la clasificación de su subsector padre SCIAN 484 ('Autotransporte de carga'), asignado al sector SERIO 'Autotransporte de carga'. Fundamento del subsector padre: Coincidencia directa y exacta uno a uno: el subsector SCIAN 484 ('Autotransporte de carga') es, literalmente, uno de los 78 sectores oficiales del modelo SERIO ('Autotransporte de carga'). No requiere inferencia económica adicional."
"rama","4851","Transporte colectivo urbano y suburbano de pasajeros de ruta fija","Transporte terrestre de pasajeros, excepto por ferrocarril","ALTA","NO","Hereda la clasificación de su subsector padre SCIAN 485 ('Transporte terrestre de pasajeros, excepto por ferrocarril'), asignado al sector SERIO 'Transporte terrestre de pasajeros, excepto por ferrocarril'. Fundamento del subsector padre: Coincidencia directa y exacta uno a uno: el subsector SCIAN 485 ('Transporte terrestre de pasajeros, excepto por ferrocarril') es, literalmente, uno de los 78 sectores oficiales del modelo SERIO ('Transporte terrestre de pasajeros, excepto por ferrocarril'). No requiere inferencia económica adicional."
"rama","4852","Transporte colectivo foráneo de pasajeros de ruta fija","Transporte terrestre de pasajeros, excepto por ferrocarril","ALTA","NO","Hereda la clasificación de su subsector padre SCIAN 485 ('Transporte terrestre de pasajeros, excepto por ferrocarril'), asignado al sector SERIO 'Transporte terrestre de pasajeros, excepto por ferrocarril'. Fundamento del subsector padre: Coincidencia directa y exacta uno a uno: el subsector SCIAN 485 ('Transporte terrestre de pasajeros, excepto por ferrocarril') es, literalmente, uno de los 78 sectores oficiales del modelo SERIO ('Transporte terrestre de pasajeros, excepto por ferrocarril'). No requiere inferencia económica adicional."
"rama","4853","Servicio de taxis y limusinas","Transporte terrestre de pasajeros, excepto por ferrocarril","ALTA","NO","Hereda la clasificación de su subsector padre SCIAN 485 ('Transporte terrestre de pasajeros, excepto por ferrocarril'), asignado al sector SERIO 'Transporte terrestre de pasajeros, excepto por ferrocarril'. Fundamento del subsector padre: Coincidencia directa y exacta uno a uno: el subsector SCIAN 485 ('Transporte terrestre de pasajeros, excepto por ferrocarril') es, literalmente, uno de los 78 sectores oficiales del modelo SERIO ('Transporte terrestre de pasajeros, excepto por ferrocarril'). No requiere inferencia económica adicional."
"rama","4854","Transporte escolar y de personal","Transporte terrestre de pasajeros, excepto por ferrocarril","ALTA","NO","Hereda la clasificación de su subsector padre SCIAN 485 ('Transporte terrestre de pasajeros, excepto por ferrocarril'), asignado al sector SERIO 'Transporte terrestre de pasajeros, excepto por ferrocarril'. Fundamento del subsector padre: Coincidencia directa y exacta uno a uno: el subsector SCIAN 485 ('Transporte terrestre de pasajeros, excepto por ferrocarril') es, literalmente, uno de los 78 sectores oficiales del modelo SERIO ('Transporte terrestre de pasajeros, excepto por ferrocarril'). No requiere inferencia económica adicional."
"rama","4855","Alquiler de autobuses con chofer","Transporte terrestre de pasajeros, excepto por ferrocarril","ALTA","NO","Hereda la clasificación de su subsector padre SCIAN 485 ('Transporte terrestre de pasajeros, excepto por ferrocarril'), asignado al sector SERIO 'Transporte terrestre de pasajeros, excepto por ferrocarril'. Fundamento del subsector padre: Coincidencia directa y exacta uno a uno: el subsector SCIAN 485 ('Transporte terrestre de pasajeros, excepto por ferrocarril') es, literalmente, uno de los 78 sectores oficiales del modelo SERIO ('Transporte terrestre de pasajeros, excepto por ferrocarril'). No requiere inferencia económica adicional."
"rama","4859","Otro transporte terrestre de pasajeros","Transporte terrestre de pasajeros, excepto por ferrocarril","ALTA","NO","Hereda la clasificación de su subsector padre SCIAN 485 ('Transporte terrestre de pasajeros, excepto por ferrocarril'), asignado al sector SERIO 'Transporte terrestre de pasajeros, excepto por ferrocarril'. Fundamento del subsector padre: Coincidencia directa y exacta uno a uno: el subsector SCIAN 485 ('Transporte terrestre de pasajeros, excepto por ferrocarril') es, literalmente, uno de los 78 sectores oficiales del modelo SERIO ('Transporte terrestre de pasajeros, excepto por ferrocarril'). No requiere inferencia económica adicional."
"rama","4861","Transporte de petróleo crudo por ductos","Transporte por ductos","ALTA","NO","Hereda la clasificación de su subsector padre SCIAN 486 ('Transporte por ductos'), asignado al sector SERIO 'Transporte por ductos'. Fundamento del subsector padre: Coincidencia directa y exacta uno a uno: el subsector SCIAN 486 ('Transporte por ductos') es, literalmente, uno de los 78 sectores oficiales del modelo SERIO ('Transporte por ductos'). No requiere inferencia económica adicional."
"rama","4862","Transporte de gas natural por ductos","Transporte por ductos","ALTA","NO","Hereda la clasificación de su subsector padre SCIAN 486 ('Transporte por ductos'), asignado al sector SERIO 'Transporte por ductos'. Fundamento del subsector padre: Coincidencia directa y exacta uno a uno: el subsector SCIAN 486 ('Transporte por ductos') es, literalmente, uno de los 78 sectores oficiales del modelo SERIO ('Transporte por ductos'). No requiere inferencia económica adicional."
"rama","4869","Transporte por ductos de otros productos","Transporte por ductos","ALTA","NO","Hereda la clasificación de su subsector padre SCIAN 486 ('Transporte por ductos'), asignado al sector SERIO 'Transporte por ductos'. Fundamento del subsector padre: Coincidencia directa y exacta uno a uno: el subsector SCIAN 486 ('Transporte por ductos') es, literalmente, uno de los 78 sectores oficiales del modelo SERIO ('Transporte por ductos'). No requiere inferencia económica adicional."
"rama","4871","Transporte turístico por tierra","Transporte turístico","ALTA","NO","Hereda la clasificación de su subsector padre SCIAN 487 ('Transporte turístico'), asignado al sector SERIO 'Transporte turístico'. Fundamento del subsector padre: Coincidencia directa y exacta uno a uno: el subsector SCIAN 487 ('Transporte turístico') es, literalmente, uno de los 78 sectores oficiales del modelo SERIO ('Transporte turístico'). No requiere inferencia económica adicional."
"rama","4872","Transporte turístico por agua","Transporte turístico","ALTA","NO","Hereda la clasificación de su subsector padre SCIAN 487 ('Transporte turístico'), asignado al sector SERIO 'Transporte turístico'. Fundamento del subsector padre: Coincidencia directa y exacta uno a uno: el subsector SCIAN 487 ('Transporte turístico') es, literalmente, uno de los 78 sectores oficiales del modelo SERIO ('Transporte turístico'). No requiere inferencia económica adicional."
"rama","4879","Otro transporte turístico","Transporte turístico","ALTA","NO","Hereda la clasificación de su subsector padre SCIAN 487 ('Transporte turístico'), asignado al sector SERIO 'Transporte turístico'. Fundamento del subsector padre: Coincidencia directa y exacta uno a uno: el subsector SCIAN 487 ('Transporte turístico') es, literalmente, uno de los 78 sectores oficiales del modelo SERIO ('Transporte turístico'). No requiere inferencia económica adicional."
"rama","4881","Servicios relacionados con el transporte aéreo","Servicios relacionados con el transporte","ALTA","NO","Hereda la clasificación de su subsector padre SCIAN 488 ('Servicios relacionados con el transporte'), asignado al sector SERIO 'Servicios relacionados con el transporte'. Fundamento del subsector padre: Coincidencia directa y exacta uno a uno: el subsector SCIAN 488 ('Servicios relacionados con el transporte') es, literalmente, uno de los 78 sectores oficiales del modelo SERIO ('Servicios relacionados con el transporte'). No requiere inferencia económica adicional."
"rama","4882","Servicios relacionados con el transporte por ferrocarril","Servicios relacionados con el transporte","ALTA","NO","Hereda la clasificación de su subsector padre SCIAN 488 ('Servicios relacionados con el transporte'), asignado al sector SERIO 'Servicios relacionados con el transporte'. Fundamento del subsector padre: Coincidencia directa y exacta uno a uno: el subsector SCIAN 488 ('Servicios relacionados con el transporte') es, literalmente, uno de los 78 sectores oficiales del modelo SERIO ('Servicios relacionados con el transporte'). No requiere inferencia económica adicional."
"rama","4883","Servicios relacionados con el transporte por agua","Servicios relacionados con el transporte","ALTA","NO","Hereda la clasificación de su subsector padre SCIAN 488 ('Servicios relacionados con el transporte'), asignado al sector SERIO 'Servicios relacionados con el transporte'. Fundamento del subsector padre: Coincidencia directa y exacta uno a uno: el subsector SCIAN 488 ('Servicios relacionados con el transporte') es, literalmente, uno de los 78 sectores oficiales del modelo SERIO ('Servicios relacionados con el transporte'). No requiere inferencia económica adicional."
"rama","4884","Servicios relacionados con el transporte por carretera","Servicios relacionados con el transporte","ALTA","NO","Hereda la clasificación de su subsector padre SCIAN 488 ('Servicios relacionados con el transporte'), asignado al sector SERIO 'Servicios relacionados con el transporte'. Fundamento del subsector padre: Coincidencia directa y exacta uno a uno: el subsector SCIAN 488 ('Servicios relacionados con el transporte') es, literalmente, uno de los 78 sectores oficiales del modelo SERIO ('Servicios relacionados con el transporte'). No requiere inferencia económica adicional."
"rama","4885","Servicios de intermediación para el transporte de carga","Servicios relacionados con el transporte","ALTA","NO","Hereda la clasificación de su subsector padre SCIAN 488 ('Servicios relacionados con el transporte'), asignado al sector SERIO 'Servicios relacionados con el transporte'. Fundamento del subsector padre: Coincidencia directa y exacta uno a uno: el subsector SCIAN 488 ('Servicios relacionados con el transporte') es, literalmente, uno de los 78 sectores oficiales del modelo SERIO ('Servicios relacionados con el transporte'). No requiere inferencia económica adicional."
"rama","4889","Otros servicios relacionados con el transporte","Servicios relacionados con el transporte","ALTA","NO","Hereda la clasificación de su subsector padre SCIAN 488 ('Servicios relacionados con el transporte'), asignado al sector SERIO 'Servicios relacionados con el transporte'. Fundamento del subsector padre: Coincidencia directa y exacta uno a uno: el subsector SCIAN 488 ('Servicios relacionados con el transporte') es, literalmente, uno de los 78 sectores oficiales del modelo SERIO ('Servicios relacionados con el transporte'). No requiere inferencia económica adicional."
"rama","4911","Servicios postales","Servicios postales","ALTA","NO","Hereda la clasificación de su subsector padre SCIAN 491 ('Servicios postales'), asignado al sector SERIO 'Servicios postales'. Fundamento del subsector padre: Coincidencia directa y exacta uno a uno: el subsector SCIAN 491 ('Servicios postales') es, literalmente, uno de los 78 sectores oficiales del modelo SERIO ('Servicios postales'). No requiere inferencia económica adicional."
"rama","4921","Servicios de mensajería y paquetería foránea","Servicios de mensajería y paquetería","ALTA","NO","Hereda la clasificación de su subsector padre SCIAN 492 ('Servicios de mensajería y paquetería'), asignado al sector SERIO 'Servicios de mensajería y paquetería'. Fundamento del subsector padre: Coincidencia directa y exacta uno a uno: el subsector SCIAN 492 ('Servicios de mensajería y paquetería') es, literalmente, uno de los 78 sectores oficiales del modelo SERIO ('Servicios de mensajería y paquetería'). No requiere inferencia económica adicional."
"rama","4922","Servicios de mensajería y paquetería local","Servicios de mensajería y paquetería","ALTA","NO","Hereda la clasificación de su subsector padre SCIAN 492 ('Servicios de mensajería y paquetería'), asignado al sector SERIO 'Servicios de mensajería y paquetería'. Fundamento del subsector padre: Coincidencia directa y exacta uno a uno: el subsector SCIAN 492 ('Servicios de mensajería y paquetería') es, literalmente, uno de los 78 sectores oficiales del modelo SERIO ('Servicios de mensajería y paquetería'). No requiere inferencia económica adicional."
"rama","4931","Servicios de almacenamiento","Servicios de almacenamiento","ALTA","NO","Hereda la clasificación de su subsector padre SCIAN 493 ('Servicios de almacenamiento'), asignado al sector SERIO 'Servicios de almacenamiento'. Fundamento del subsector padre: Coincidencia directa y exacta uno a uno: el subsector SCIAN 493 ('Servicios de almacenamiento') es, literalmente, uno de los 78 sectores oficiales del modelo SERIO ('Servicios de almacenamiento'). No requiere inferencia económica adicional."
"rama","5121","Industria fílmica y del video","Industria fílmica y del video, e industria del sonido","ALTA","NO","Hereda la clasificación de su subsector padre SCIAN 512 ('Industria fílmica y del video, e industria del sonido'), asignado al sector SERIO 'Industria fílmica y del video, e industria del sonido'. Fundamento del subsector padre: Coincidencia directa y exacta uno a uno: el subsector SCIAN 512 ('Industria fílmica y del video, e industria del sonido') es, literalmente, uno de los 78 sectores oficiales del modelo SERIO ('Industria fílmica y del video, e industria del sonido'). No requiere inferencia económica adicional."
"rama","5122","Industria del sonido","Industria fílmica y del video, e industria del sonido","ALTA","NO","Hereda la clasificación de su subsector padre SCIAN 512 ('Industria fílmica y del video, e industria del sonido'), asignado al sector SERIO 'Industria fílmica y del video, e industria del sonido'. Fundamento del subsector padre: Coincidencia directa y exacta uno a uno: el subsector SCIAN 512 ('Industria fílmica y del video, e industria del sonido') es, literalmente, uno de los 78 sectores oficiales del modelo SERIO ('Industria fílmica y del video, e industria del sonido'). No requiere inferencia económica adicional."
"rama","5131","Edición de periódicos, revistas, libros, directorios y otros materiales","Edición de periódicos, revistas, libros, software y otros materiales, y edición de estas publicaciones integrada con la impresión","MEDIA","SI","Hereda la clasificación de su subsector padre SCIAN 513 ('Edición de periódicos, revistas, libros, directorios, software y otros materiales'), asignado al sector SERIO 'Edición de periódicos, revistas, libros, software y otros materiales, y edición de estas publicaciones integrada con la impresión'. Fundamento del subsector padre: La actualización SCIAN reorganizó el subsector 511 (SCIAN base 2018: 'Edición de periódicos, revistas, libros, software y otros materiales, y edición de estas publicaciones integrada con la impresión') en el subsector 513, separando en una rama distinta la edición de software. El contenido económico central (edición de publicaciones) corresponde al sector SERIO 511, pero se marca para revisión porque SERIO opera sobre la codificación SCIAN 2018 y debe confirmarse la equivalencia exacta a nivel de rama antes de heredar la asignación de forma automática."
"rama","5132","Edición de software","Edición de periódicos, revistas, libros, software y otros materiales, y edición de estas publicaciones integrada con la impresión","MEDIA","SI","Hereda la clasificación de su subsector padre SCIAN 513 ('Edición de periódicos, revistas, libros, directorios, software y otros materiales'), asignado al sector SERIO 'Edición de periódicos, revistas, libros, software y otros materiales, y edición de estas publicaciones integrada con la impresión'. Fundamento del subsector padre: La actualización SCIAN reorganizó el subsector 511 (SCIAN base 2018: 'Edición de periódicos, revistas, libros, software y otros materiales, y edición de estas publicaciones integrada con la impresión') en el subsector 513, separando en una rama distinta la edición de software. El contenido económico central (edición de publicaciones) corresponde al sector SERIO 511, pero se marca para revisión porque SERIO opera sobre la codificación SCIAN 2018 y debe confirmarse la equivalencia exacta a nivel de rama antes de heredar la asignación de forma automática."
"rama","5161","Estaciones de transmisión de programas de radio y televisión","Radio y televisión","MEDIA","SI","Hereda la clasificación de su subsector padre SCIAN 516 ('Radio y televisión y provisión de contenido'), asignado al sector SERIO 'Radio y televisión'. Fundamento del subsector padre: La actualización SCIAN renombró y renumeró el subsector 515 (SCIAN base 2018: 'Radio y televisión') como subsector 516 ('Radio y televisión y provisión de contenido'), incorporando explícitamente streaming y redes sociales de contenido audiovisual. El núcleo económico corresponde al sector SERIO 515, pero se marca para revisión por el mismo motivo de vigencia de catálogo (SERIO usa base SCIAN 2018) y porque las nuevas ramas de streaming podrían ameritar discusión sobre si pertenecen a 515 o deben tratarse aparte."
"rama","5162","Servicios de distribución de audio y video en tiempo real (streaming), redes sociales, cadenas de radio y televisión y otros proveedores de contenido","Radio y televisión","MEDIA","SI","Hereda la clasificación de su subsector padre SCIAN 516 ('Radio y televisión y provisión de contenido'), asignado al sector SERIO 'Radio y televisión'. Fundamento del subsector padre: La actualización SCIAN renombró y renumeró el subsector 515 (SCIAN base 2018: 'Radio y televisión') como subsector 516 ('Radio y televisión y provisión de contenido'), incorporando explícitamente streaming y redes sociales de contenido audiovisual. El núcleo económico corresponde al sector SERIO 515, pero se marca para revisión por el mismo motivo de vigencia de catálogo (SERIO usa base SCIAN 2018) y porque las nuevas ramas de streaming podrían ameritar discusión sobre si pertenecen a 515 o deben tratarse aparte."
"rama","5173","Operadores de servicios de telecomunicaciones alámbricas e inalámbricas","Telecomunicaciones","ALTA","NO","Hereda la clasificación de su subsector padre SCIAN 517 ('Telecomunicaciones'), asignado al sector SERIO 'Telecomunicaciones'. Fundamento del subsector padre: Coincidencia directa y exacta uno a uno: el subsector SCIAN 517 ('Telecomunicaciones') es, literalmente, uno de los 78 sectores oficiales del modelo SERIO ('Telecomunicaciones'). No requiere inferencia económica adicional."
"rama","5174","Operadores de servicios de telecomunicaciones vía satélite","Telecomunicaciones","ALTA","NO","Hereda la clasificación de su subsector padre SCIAN 517 ('Telecomunicaciones'), asignado al sector SERIO 'Telecomunicaciones'. Fundamento del subsector padre: Coincidencia directa y exacta uno a uno: el subsector SCIAN 517 ('Telecomunicaciones') es, literalmente, uno de los 78 sectores oficiales del modelo SERIO ('Telecomunicaciones'). No requiere inferencia económica adicional."
"rama","5179","Otros servicios de telecomunicaciones","Telecomunicaciones","ALTA","NO","Hereda la clasificación de su subsector padre SCIAN 517 ('Telecomunicaciones'), asignado al sector SERIO 'Telecomunicaciones'. Fundamento del subsector padre: Coincidencia directa y exacta uno a uno: el subsector SCIAN 517 ('Telecomunicaciones') es, literalmente, uno de los 78 sectores oficiales del modelo SERIO ('Telecomunicaciones'). No requiere inferencia económica adicional."
"rama","5182","Provisión de infraestructura de servicios de cómputo, procesamiento de datos, hospedaje de páginas de internet y otros servicios relacionados","Procesamiento electrónico de información, hospedaje y otros servicios relacionados","ALTA","NO","Hereda la clasificación de su subsector padre SCIAN 518 ('Provisión de infraestructura de servicios de cómputo, procesamiento de datos, hospedaje de páginas de internet y otros servicios relacionados'), asignado al sector SERIO 'Procesamiento electrónico de información, hospedaje y otros servicios relacionados'. Fundamento del subsector padre: Coincidencia directa y exacta uno a uno: el subsector SCIAN 518 ('Provisión de infraestructura de servicios de cómputo, procesamiento de datos, hospedaje de páginas de internet y otros servicios relacionados') es, literalmente, uno de los 78 sectores oficiales del modelo SERIO ('Procesamiento electrónico de información, hospedaje y otros servicios relacionados'). No requiere inferencia económica adicional."
"rama","5192","Bibliotecas, archivos, portales de búsqueda en la red y otros servicios de suministro de información","Otros servicios de información","ALTA","NO","Hereda la clasificación de su subsector padre SCIAN 519 ('Bibliotecas, archivos, portales de búsqueda en la red y otros servicios de suministro de información'), asignado al sector SERIO 'Otros servicios de información'. Fundamento del subsector padre: Coincidencia directa y exacta uno a uno: el subsector SCIAN 519 ('Bibliotecas, archivos, portales de búsqueda en la red y otros servicios de suministro de información') es, literalmente, uno de los 78 sectores oficiales del modelo SERIO ('Otros servicios de información'). No requiere inferencia económica adicional."
"rama","5211","Banca central","Banca central","ALTA","NO","Hereda la clasificación de su subsector padre SCIAN 521 ('Banca central'), asignado al sector SERIO 'Banca central'. Fundamento del subsector padre: Coincidencia directa y exacta uno a uno: el subsector SCIAN 521 ('Banca central') es, literalmente, uno de los 78 sectores oficiales del modelo SERIO ('Banca central'). No requiere inferencia económica adicional."
"rama","5221","Banca múltiple","Instituciones de intermediación crediticia y financiera no bursátil","ALTA","NO","Hereda la clasificación de su subsector padre SCIAN 522 ('Instituciones de intermediación crediticia y financiera no bursátil'), asignado al sector SERIO 'Instituciones de intermediación crediticia y financiera no bursátil'. Fundamento del subsector padre: Coincidencia directa y exacta uno a uno: el subsector SCIAN 522 ('Instituciones de intermediación crediticia y financiera no bursátil') es, literalmente, uno de los 78 sectores oficiales del modelo SERIO ('Instituciones de intermediación crediticia y financiera no bursátil'). No requiere inferencia económica adicional."
"rama","5222","Instituciones financieras de fomento económico","Instituciones de intermediación crediticia y financiera no bursátil","ALTA","NO","Hereda la clasificación de su subsector padre SCIAN 522 ('Instituciones de intermediación crediticia y financiera no bursátil'), asignado al sector SERIO 'Instituciones de intermediación crediticia y financiera no bursátil'. Fundamento del subsector padre: Coincidencia directa y exacta uno a uno: el subsector SCIAN 522 ('Instituciones de intermediación crediticia y financiera no bursátil') es, literalmente, uno de los 78 sectores oficiales del modelo SERIO ('Instituciones de intermediación crediticia y financiera no bursátil'). No requiere inferencia económica adicional."
"rama","5223","Uniones de crédito e instituciones de ahorro","Instituciones de intermediación crediticia y financiera no bursátil","ALTA","NO","Hereda la clasificación de su subsector padre SCIAN 522 ('Instituciones de intermediación crediticia y financiera no bursátil'), asignado al sector SERIO 'Instituciones de intermediación crediticia y financiera no bursátil'. Fundamento del subsector padre: Coincidencia directa y exacta uno a uno: el subsector SCIAN 522 ('Instituciones de intermediación crediticia y financiera no bursátil') es, literalmente, uno de los 78 sectores oficiales del modelo SERIO ('Instituciones de intermediación crediticia y financiera no bursátil'). No requiere inferencia económica adicional."
"rama","5224","Otras instituciones de intermediación crediticia y financiera no bursátil","Instituciones de intermediación crediticia y financiera no bursátil","ALTA","NO","Hereda la clasificación de su subsector padre SCIAN 522 ('Instituciones de intermediación crediticia y financiera no bursátil'), asignado al sector SERIO 'Instituciones de intermediación crediticia y financiera no bursátil'. Fundamento del subsector padre: Coincidencia directa y exacta uno a uno: el subsector SCIAN 522 ('Instituciones de intermediación crediticia y financiera no bursátil') es, literalmente, uno de los 78 sectores oficiales del modelo SERIO ('Instituciones de intermediación crediticia y financiera no bursátil'). No requiere inferencia económica adicional."
"rama","5225","Servicios relacionados con la intermediación crediticia no bursátil","Instituciones de intermediación crediticia y financiera no bursátil","ALTA","NO","Hereda la clasificación de su subsector padre SCIAN 522 ('Instituciones de intermediación crediticia y financiera no bursátil'), asignado al sector SERIO 'Instituciones de intermediación crediticia y financiera no bursátil'. Fundamento del subsector padre: Coincidencia directa y exacta uno a uno: el subsector SCIAN 522 ('Instituciones de intermediación crediticia y financiera no bursátil') es, literalmente, uno de los 78 sectores oficiales del modelo SERIO ('Instituciones de intermediación crediticia y financiera no bursátil'). No requiere inferencia económica adicional."
"rama","5231","Casas de bolsa, casas de cambio y centros cambiarios","Actividades bursátiles, cambiarias y de inversión financiera","ALTA","NO","Hereda la clasificación de su subsector padre SCIAN 523 ('Actividades bursátiles, cambiarias y de inversión financiera'), asignado al sector SERIO 'Actividades bursátiles, cambiarias y de inversión financiera'. Fundamento del subsector padre: Coincidencia directa y exacta uno a uno: el subsector SCIAN 523 ('Actividades bursátiles, cambiarias y de inversión financiera') es, literalmente, uno de los 78 sectores oficiales del modelo SERIO ('Actividades bursátiles, cambiarias y de inversión financiera'). No requiere inferencia económica adicional."
"rama","5232","Bolsa de valores","Actividades bursátiles, cambiarias y de inversión financiera","ALTA","NO","Hereda la clasificación de su subsector padre SCIAN 523 ('Actividades bursátiles, cambiarias y de inversión financiera'), asignado al sector SERIO 'Actividades bursátiles, cambiarias y de inversión financiera'. Fundamento del subsector padre: Coincidencia directa y exacta uno a uno: el subsector SCIAN 523 ('Actividades bursátiles, cambiarias y de inversión financiera') es, literalmente, uno de los 78 sectores oficiales del modelo SERIO ('Actividades bursátiles, cambiarias y de inversión financiera'). No requiere inferencia económica adicional."
"rama","5239","Asesoría en inversiones y otros servicios relacionados con la intermediación bursátil","Actividades bursátiles, cambiarias y de inversión financiera","ALTA","NO","Hereda la clasificación de su subsector padre SCIAN 523 ('Actividades bursátiles, cambiarias y de inversión financiera'), asignado al sector SERIO 'Actividades bursátiles, cambiarias y de inversión financiera'. Fundamento del subsector padre: Coincidencia directa y exacta uno a uno: el subsector SCIAN 523 ('Actividades bursátiles, cambiarias y de inversión financiera') es, literalmente, uno de los 78 sectores oficiales del modelo SERIO ('Actividades bursátiles, cambiarias y de inversión financiera'). No requiere inferencia económica adicional."
"rama","5241","Compañías de seguros y fianzas","Compañías de seguros, fianzas, y administración de fondos para el retiro","ALTA","NO","Hereda la clasificación de su subsector padre SCIAN 524 ('Compañías de seguros, fianzas, y administración de fondos para el retiro'), asignado al sector SERIO 'Compañías de seguros, fianzas, y administración de fondos para el retiro'. Fundamento del subsector padre: Coincidencia directa y exacta uno a uno: el subsector SCIAN 524 ('Compañías de seguros, fianzas, y administración de fondos para el retiro') es, literalmente, uno de los 78 sectores oficiales del modelo SERIO ('Compañías de seguros, fianzas, y administración de fondos para el retiro'). No requiere inferencia económica adicional."
"rama","5242","Servicios relacionados con los seguros y las fianzas, y administración de fondos para el retiro","Compañías de seguros, fianzas, y administración de fondos para el retiro","ALTA","NO","Hereda la clasificación de su subsector padre SCIAN 524 ('Compañías de seguros, fianzas, y administración de fondos para el retiro'), asignado al sector SERIO 'Compañías de seguros, fianzas, y administración de fondos para el retiro'. Fundamento del subsector padre: Coincidencia directa y exacta uno a uno: el subsector SCIAN 524 ('Compañías de seguros, fianzas, y administración de fondos para el retiro') es, literalmente, uno de los 78 sectores oficiales del modelo SERIO ('Compañías de seguros, fianzas, y administración de fondos para el retiro'). No requiere inferencia económica adicional."
"rama","5251","Sociedades de inversión especializadas en fondos para el retiro","Compañías de seguros, fianzas, y administración de fondos para el retiro","MEDIA","NO","Hereda la clasificación de su subsector padre SCIAN 525 ('Sociedades de inversión especializadas en fondos para el retiro y fondos de inversión'), asignado al sector SERIO 'Compañías de seguros, fianzas, y administración de fondos para el retiro'. Fundamento del subsector padre: Las sociedades de inversión especializadas en fondos para el retiro y los fondos de inversión (525) constituyen una extensión funcional directa de la administración de fondos para el retiro ya contenida en la definición oficial del sector SERIO 524 ('Compañías de seguros, fianzas, y administración de fondos para el retiro'). Ambas actividades pertenecen a la misma cadena de intermediación del ahorro para el retiro (AFORE/SIEFORE) dentro del sistema financiero mexicano. Se asigna con confianza media porque es una decisión de agregación razonable pero no una identidad textual exacta; no se marca para revisión porque no existe ambigüedad real de pertenencia sectorial (no podría pertenecer, por ejemplo, a servicios inmobiliarios o servicios profesionales)."
"rama","5252","Fondos de inversión","Compañías de seguros, fianzas, y administración de fondos para el retiro","MEDIA","NO","Hereda la clasificación de su subsector padre SCIAN 525 ('Sociedades de inversión especializadas en fondos para el retiro y fondos de inversión'), asignado al sector SERIO 'Compañías de seguros, fianzas, y administración de fondos para el retiro'. Fundamento del subsector padre: Las sociedades de inversión especializadas en fondos para el retiro y los fondos de inversión (525) constituyen una extensión funcional directa de la administración de fondos para el retiro ya contenida en la definición oficial del sector SERIO 524 ('Compañías de seguros, fianzas, y administración de fondos para el retiro'). Ambas actividades pertenecen a la misma cadena de intermediación del ahorro para el retiro (AFORE/SIEFORE) dentro del sistema financiero mexicano. Se asigna con confianza media porque es una decisión de agregación razonable pero no una identidad textual exacta; no se marca para revisión porque no existe ambigüedad real de pertenencia sectorial (no podría pertenecer, por ejemplo, a servicios inmobiliarios o servicios profesionales)."
"rama","5311","Alquiler sin intermediación de bienes raíces","Servicios inmobiliarios","ALTA","NO","Hereda la clasificación de su subsector padre SCIAN 531 ('Servicios inmobiliarios'), asignado al sector SERIO 'Servicios inmobiliarios'. Fundamento del subsector padre: Coincidencia directa y exacta uno a uno: el subsector SCIAN 531 ('Servicios inmobiliarios') es, literalmente, uno de los 78 sectores oficiales del modelo SERIO ('Servicios inmobiliarios'). No requiere inferencia económica adicional."
"rama","5312","Inmobiliarias y corredores de bienes raíces","Servicios inmobiliarios","ALTA","NO","Hereda la clasificación de su subsector padre SCIAN 531 ('Servicios inmobiliarios'), asignado al sector SERIO 'Servicios inmobiliarios'. Fundamento del subsector padre: Coincidencia directa y exacta uno a uno: el subsector SCIAN 531 ('Servicios inmobiliarios') es, literalmente, uno de los 78 sectores oficiales del modelo SERIO ('Servicios inmobiliarios'). No requiere inferencia económica adicional."
"rama","5313","Servicios relacionados con los servicios inmobiliarios","Servicios inmobiliarios","ALTA","NO","Hereda la clasificación de su subsector padre SCIAN 531 ('Servicios inmobiliarios'), asignado al sector SERIO 'Servicios inmobiliarios'. Fundamento del subsector padre: Coincidencia directa y exacta uno a uno: el subsector SCIAN 531 ('Servicios inmobiliarios') es, literalmente, uno de los 78 sectores oficiales del modelo SERIO ('Servicios inmobiliarios'). No requiere inferencia económica adicional."
"rama","5321","Alquiler de automóviles, camiones y otros transportes terrestres","Servicios de alquiler de bienes muebles","ALTA","NO","Hereda la clasificación de su subsector padre SCIAN 532 ('Servicios de alquiler de bienes muebles'), asignado al sector SERIO 'Servicios de alquiler de bienes muebles'. Fundamento del subsector padre: Coincidencia directa y exacta uno a uno: el subsector SCIAN 532 ('Servicios de alquiler de bienes muebles') es, literalmente, uno de los 78 sectores oficiales del modelo SERIO ('Servicios de alquiler de bienes muebles'). No requiere inferencia económica adicional."
"rama","5322","Alquiler de artículos para el hogar y personales","Servicios de alquiler de bienes muebles","ALTA","NO","Hereda la clasificación de su subsector padre SCIAN 532 ('Servicios de alquiler de bienes muebles'), asignado al sector SERIO 'Servicios de alquiler de bienes muebles'. Fundamento del subsector padre: Coincidencia directa y exacta uno a uno: el subsector SCIAN 532 ('Servicios de alquiler de bienes muebles') es, literalmente, uno de los 78 sectores oficiales del modelo SERIO ('Servicios de alquiler de bienes muebles'). No requiere inferencia económica adicional."
"rama","5323","Centros generales de alquiler","Servicios de alquiler de bienes muebles","ALTA","NO","Hereda la clasificación de su subsector padre SCIAN 532 ('Servicios de alquiler de bienes muebles'), asignado al sector SERIO 'Servicios de alquiler de bienes muebles'. Fundamento del subsector padre: Coincidencia directa y exacta uno a uno: el subsector SCIAN 532 ('Servicios de alquiler de bienes muebles') es, literalmente, uno de los 78 sectores oficiales del modelo SERIO ('Servicios de alquiler de bienes muebles'). No requiere inferencia económica adicional."
"rama","5324","Alquiler de maquinaria y equipo agropecuario, pesquero, industrial, comercial y de servicios","Servicios de alquiler de bienes muebles","ALTA","NO","Hereda la clasificación de su subsector padre SCIAN 532 ('Servicios de alquiler de bienes muebles'), asignado al sector SERIO 'Servicios de alquiler de bienes muebles'. Fundamento del subsector padre: Coincidencia directa y exacta uno a uno: el subsector SCIAN 532 ('Servicios de alquiler de bienes muebles') es, literalmente, uno de los 78 sectores oficiales del modelo SERIO ('Servicios de alquiler de bienes muebles'). No requiere inferencia económica adicional."
"rama","5331","Servicios de alquiler de marcas registradas, patentes y franquicias","Servicios de alquiler de marcas registradas, patentes y franquicias","ALTA","NO","Hereda la clasificación de su subsector padre SCIAN 533 ('Servicios de alquiler de marcas registradas, patentes y franquicias'), asignado al sector SERIO 'Servicios de alquiler de marcas registradas, patentes y franquicias'. Fundamento del subsector padre: Coincidencia directa y exacta uno a uno: el subsector SCIAN 533 ('Servicios de alquiler de marcas registradas, patentes y franquicias') es, literalmente, uno de los 78 sectores oficiales del modelo SERIO ('Servicios de alquiler de marcas registradas, patentes y franquicias'). No requiere inferencia económica adicional."
"rama","5411","Servicios legales","Servicios profesionales, científicos y técnicos","ALTA","NO","Hereda la clasificación de su subsector padre SCIAN 541 ('Servicios profesionales, científicos y técnicos'), asignado al sector SERIO 'Servicios profesionales, científicos y técnicos'. Fundamento del subsector padre: Coincidencia directa y exacta uno a uno: el subsector SCIAN 541 ('Servicios profesionales, científicos y técnicos') es, literalmente, uno de los 78 sectores oficiales del modelo SERIO ('Servicios profesionales, científicos y técnicos'). No requiere inferencia económica adicional."
"rama","5412","Servicios de contabilidad, auditoría y servicios relacionados","Servicios profesionales, científicos y técnicos","ALTA","NO","Hereda la clasificación de su subsector padre SCIAN 541 ('Servicios profesionales, científicos y técnicos'), asignado al sector SERIO 'Servicios profesionales, científicos y técnicos'. Fundamento del subsector padre: Coincidencia directa y exacta uno a uno: el subsector SCIAN 541 ('Servicios profesionales, científicos y técnicos') es, literalmente, uno de los 78 sectores oficiales del modelo SERIO ('Servicios profesionales, científicos y técnicos'). No requiere inferencia económica adicional."
"rama","5413","Servicios de arquitectura, ingeniería y actividades relacionadas","Servicios profesionales, científicos y técnicos","ALTA","NO","Hereda la clasificación de su subsector padre SCIAN 541 ('Servicios profesionales, científicos y técnicos'), asignado al sector SERIO 'Servicios profesionales, científicos y técnicos'. Fundamento del subsector padre: Coincidencia directa y exacta uno a uno: el subsector SCIAN 541 ('Servicios profesionales, científicos y técnicos') es, literalmente, uno de los 78 sectores oficiales del modelo SERIO ('Servicios profesionales, científicos y técnicos'). No requiere inferencia económica adicional."
"rama","5414","Diseño especializado","Servicios profesionales, científicos y técnicos","ALTA","NO","Hereda la clasificación de su subsector padre SCIAN 541 ('Servicios profesionales, científicos y técnicos'), asignado al sector SERIO 'Servicios profesionales, científicos y técnicos'. Fundamento del subsector padre: Coincidencia directa y exacta uno a uno: el subsector SCIAN 541 ('Servicios profesionales, científicos y técnicos') es, literalmente, uno de los 78 sectores oficiales del modelo SERIO ('Servicios profesionales, científicos y técnicos'). No requiere inferencia económica adicional."
"rama","5415","Servicios de diseño de sistemas de cómputo y servicios relacionados","Servicios profesionales, científicos y técnicos","ALTA","NO","Hereda la clasificación de su subsector padre SCIAN 541 ('Servicios profesionales, científicos y técnicos'), asignado al sector SERIO 'Servicios profesionales, científicos y técnicos'. Fundamento del subsector padre: Coincidencia directa y exacta uno a uno: el subsector SCIAN 541 ('Servicios profesionales, científicos y técnicos') es, literalmente, uno de los 78 sectores oficiales del modelo SERIO ('Servicios profesionales, científicos y técnicos'). No requiere inferencia económica adicional."
"rama","5416","Servicios de consultoría administrativa, científica y técnica","Servicios profesionales, científicos y técnicos","ALTA","NO","Hereda la clasificación de su subsector padre SCIAN 541 ('Servicios profesionales, científicos y técnicos'), asignado al sector SERIO 'Servicios profesionales, científicos y técnicos'. Fundamento del subsector padre: Coincidencia directa y exacta uno a uno: el subsector SCIAN 541 ('Servicios profesionales, científicos y técnicos') es, literalmente, uno de los 78 sectores oficiales del modelo SERIO ('Servicios profesionales, científicos y técnicos'). No requiere inferencia económica adicional."
"rama","5417","Servicios de investigación científica y desarrollo","Servicios profesionales, científicos y técnicos","ALTA","NO","Hereda la clasificación de su subsector padre SCIAN 541 ('Servicios profesionales, científicos y técnicos'), asignado al sector SERIO 'Servicios profesionales, científicos y técnicos'. Fundamento del subsector padre: Coincidencia directa y exacta uno a uno: el subsector SCIAN 541 ('Servicios profesionales, científicos y técnicos') es, literalmente, uno de los 78 sectores oficiales del modelo SERIO ('Servicios profesionales, científicos y técnicos'). No requiere inferencia económica adicional."
"rama","5418","Servicios de publicidad y actividades relacionadas","Servicios profesionales, científicos y técnicos","ALTA","NO","Hereda la clasificación de su subsector padre SCIAN 541 ('Servicios profesionales, científicos y técnicos'), asignado al sector SERIO 'Servicios profesionales, científicos y técnicos'. Fundamento del subsector padre: Coincidencia directa y exacta uno a uno: el subsector SCIAN 541 ('Servicios profesionales, científicos y técnicos') es, literalmente, uno de los 78 sectores oficiales del modelo SERIO ('Servicios profesionales, científicos y técnicos'). No requiere inferencia económica adicional."
"rama","5419","Otros servicios profesionales, científicos y técnicos","Servicios profesionales, científicos y técnicos","ALTA","NO","Hereda la clasificación de su subsector padre SCIAN 541 ('Servicios profesionales, científicos y técnicos'), asignado al sector SERIO 'Servicios profesionales, científicos y técnicos'. Fundamento del subsector padre: Coincidencia directa y exacta uno a uno: el subsector SCIAN 541 ('Servicios profesionales, científicos y técnicos') es, literalmente, uno de los 78 sectores oficiales del modelo SERIO ('Servicios profesionales, científicos y técnicos'). No requiere inferencia económica adicional."
"rama","5511","Dirección y administración de grupos empresariales o corporativos","Corporativos","ALTA","NO","Hereda la clasificación de su subsector padre SCIAN 551 ('Dirección y administración de grupos empresariales o corporativos'), asignado al sector SERIO 'Corporativos'. Fundamento del subsector padre: Coincidencia directa y exacta uno a uno: el subsector SCIAN 551 ('Dirección y administración de grupos empresariales o corporativos') es, literalmente, uno de los 78 sectores oficiales del modelo SERIO ('Corporativos'). No requiere inferencia económica adicional."
"rama","5611","Servicios de administración de negocios","Servicios de apoyo a los negocios","ALTA","NO","Hereda la clasificación de su subsector padre SCIAN 561 ('Servicios de apoyo a los negocios'), asignado al sector SERIO 'Servicios de apoyo a los negocios'. Fundamento del subsector padre: Coincidencia directa y exacta uno a uno: el subsector SCIAN 561 ('Servicios de apoyo a los negocios') es, literalmente, uno de los 78 sectores oficiales del modelo SERIO ('Servicios de apoyo a los negocios'). No requiere inferencia económica adicional."
"rama","5612","Servicios integrales de apoyo a los negocios en instalaciones","Servicios de apoyo a los negocios","ALTA","NO","Hereda la clasificación de su subsector padre SCIAN 561 ('Servicios de apoyo a los negocios'), asignado al sector SERIO 'Servicios de apoyo a los negocios'. Fundamento del subsector padre: Coincidencia directa y exacta uno a uno: el subsector SCIAN 561 ('Servicios de apoyo a los negocios') es, literalmente, uno de los 78 sectores oficiales del modelo SERIO ('Servicios de apoyo a los negocios'). No requiere inferencia económica adicional."
"rama","5613","Servicios de empleo","Servicios de apoyo a los negocios","ALTA","NO","Hereda la clasificación de su subsector padre SCIAN 561 ('Servicios de apoyo a los negocios'), asignado al sector SERIO 'Servicios de apoyo a los negocios'. Fundamento del subsector padre: Coincidencia directa y exacta uno a uno: el subsector SCIAN 561 ('Servicios de apoyo a los negocios') es, literalmente, uno de los 78 sectores oficiales del modelo SERIO ('Servicios de apoyo a los negocios'). No requiere inferencia económica adicional."
"rama","5614","Servicios de apoyo secretarial, fotocopiado, cobranza, investigación crediticia y similares","Servicios de apoyo a los negocios","ALTA","NO","Hereda la clasificación de su subsector padre SCIAN 561 ('Servicios de apoyo a los negocios'), asignado al sector SERIO 'Servicios de apoyo a los negocios'. Fundamento del subsector padre: Coincidencia directa y exacta uno a uno: el subsector SCIAN 561 ('Servicios de apoyo a los negocios') es, literalmente, uno de los 78 sectores oficiales del modelo SERIO ('Servicios de apoyo a los negocios'). No requiere inferencia económica adicional."
"rama","5615","Agencias de viajes y servicios de reservaciones","Servicios de apoyo a los negocios","ALTA","NO","Hereda la clasificación de su subsector padre SCIAN 561 ('Servicios de apoyo a los negocios'), asignado al sector SERIO 'Servicios de apoyo a los negocios'. Fundamento del subsector padre: Coincidencia directa y exacta uno a uno: el subsector SCIAN 561 ('Servicios de apoyo a los negocios') es, literalmente, uno de los 78 sectores oficiales del modelo SERIO ('Servicios de apoyo a los negocios'). No requiere inferencia económica adicional."
"rama","5616","Servicios de investigación, protección y seguridad","Servicios de apoyo a los negocios","ALTA","NO","Hereda la clasificación de su subsector padre SCIAN 561 ('Servicios de apoyo a los negocios'), asignado al sector SERIO 'Servicios de apoyo a los negocios'. Fundamento del subsector padre: Coincidencia directa y exacta uno a uno: el subsector SCIAN 561 ('Servicios de apoyo a los negocios') es, literalmente, uno de los 78 sectores oficiales del modelo SERIO ('Servicios de apoyo a los negocios'). No requiere inferencia económica adicional."
"rama","5617","Servicios de limpieza","Servicios de apoyo a los negocios","ALTA","NO","Hereda la clasificación de su subsector padre SCIAN 561 ('Servicios de apoyo a los negocios'), asignado al sector SERIO 'Servicios de apoyo a los negocios'. Fundamento del subsector padre: Coincidencia directa y exacta uno a uno: el subsector SCIAN 561 ('Servicios de apoyo a los negocios') es, literalmente, uno de los 78 sectores oficiales del modelo SERIO ('Servicios de apoyo a los negocios'). No requiere inferencia económica adicional."
"rama","5619","Otros servicios de apoyo a los negocios","Servicios de apoyo a los negocios","ALTA","NO","Hereda la clasificación de su subsector padre SCIAN 561 ('Servicios de apoyo a los negocios'), asignado al sector SERIO 'Servicios de apoyo a los negocios'. Fundamento del subsector padre: Coincidencia directa y exacta uno a uno: el subsector SCIAN 561 ('Servicios de apoyo a los negocios') es, literalmente, uno de los 78 sectores oficiales del modelo SERIO ('Servicios de apoyo a los negocios'). No requiere inferencia económica adicional."
"rama","5621","Recolección de residuos","Manejo de residuos y servicios de remediación","ALTA","NO","Hereda la clasificación de su subsector padre SCIAN 562 ('Manejo de residuos y servicios de remediación'), asignado al sector SERIO 'Manejo de residuos y servicios de remediación'. Fundamento del subsector padre: Coincidencia directa y exacta uno a uno: el subsector SCIAN 562 ('Manejo de residuos y servicios de remediación') es, literalmente, uno de los 78 sectores oficiales del modelo SERIO ('Manejo de residuos y servicios de remediación'). No requiere inferencia económica adicional."
"rama","5622","Tratamiento y disposición final de residuos","Manejo de residuos y servicios de remediación","ALTA","NO","Hereda la clasificación de su subsector padre SCIAN 562 ('Manejo de residuos y servicios de remediación'), asignado al sector SERIO 'Manejo de residuos y servicios de remediación'. Fundamento del subsector padre: Coincidencia directa y exacta uno a uno: el subsector SCIAN 562 ('Manejo de residuos y servicios de remediación') es, literalmente, uno de los 78 sectores oficiales del modelo SERIO ('Manejo de residuos y servicios de remediación'). No requiere inferencia económica adicional."
"rama","5629","Servicios de remediación, recuperación, y otros servicios de manejo de residuos","Manejo de residuos y servicios de remediación","ALTA","NO","Hereda la clasificación de su subsector padre SCIAN 562 ('Manejo de residuos y servicios de remediación'), asignado al sector SERIO 'Manejo de residuos y servicios de remediación'. Fundamento del subsector padre: Coincidencia directa y exacta uno a uno: el subsector SCIAN 562 ('Manejo de residuos y servicios de remediación') es, literalmente, uno de los 78 sectores oficiales del modelo SERIO ('Manejo de residuos y servicios de remediación'). No requiere inferencia económica adicional."
"rama","6111","Escuelas de educación básica, media y para necesidades especiales","Servicios educativos","ALTA","NO","Hereda la clasificación de su subsector padre SCIAN 611 ('Servicios educativos'), asignado al sector SERIO 'Servicios educativos'. Fundamento del subsector padre: Coincidencia directa y exacta uno a uno: el subsector SCIAN 611 ('Servicios educativos') es, literalmente, uno de los 78 sectores oficiales del modelo SERIO ('Servicios educativos'). No requiere inferencia económica adicional."
"rama","6112","Escuelas de educación técnica superior","Servicios educativos","ALTA","NO","Hereda la clasificación de su subsector padre SCIAN 611 ('Servicios educativos'), asignado al sector SERIO 'Servicios educativos'. Fundamento del subsector padre: Coincidencia directa y exacta uno a uno: el subsector SCIAN 611 ('Servicios educativos') es, literalmente, uno de los 78 sectores oficiales del modelo SERIO ('Servicios educativos'). No requiere inferencia económica adicional."
"rama","6113","Escuelas de educación superior","Servicios educativos","ALTA","NO","Hereda la clasificación de su subsector padre SCIAN 611 ('Servicios educativos'), asignado al sector SERIO 'Servicios educativos'. Fundamento del subsector padre: Coincidencia directa y exacta uno a uno: el subsector SCIAN 611 ('Servicios educativos') es, literalmente, uno de los 78 sectores oficiales del modelo SERIO ('Servicios educativos'). No requiere inferencia económica adicional."
"rama","6114","Escuelas comerciales, de computación y de capacitación para ejecutivos","Servicios educativos","ALTA","NO","Hereda la clasificación de su subsector padre SCIAN 611 ('Servicios educativos'), asignado al sector SERIO 'Servicios educativos'. Fundamento del subsector padre: Coincidencia directa y exacta uno a uno: el subsector SCIAN 611 ('Servicios educativos') es, literalmente, uno de los 78 sectores oficiales del modelo SERIO ('Servicios educativos'). No requiere inferencia económica adicional."
"rama","6115","Escuelas de oficios","Servicios educativos","ALTA","NO","Hereda la clasificación de su subsector padre SCIAN 611 ('Servicios educativos'), asignado al sector SERIO 'Servicios educativos'. Fundamento del subsector padre: Coincidencia directa y exacta uno a uno: el subsector SCIAN 611 ('Servicios educativos') es, literalmente, uno de los 78 sectores oficiales del modelo SERIO ('Servicios educativos'). No requiere inferencia económica adicional."
"rama","6116","Otros servicios educativos","Servicios educativos","ALTA","NO","Hereda la clasificación de su subsector padre SCIAN 611 ('Servicios educativos'), asignado al sector SERIO 'Servicios educativos'. Fundamento del subsector padre: Coincidencia directa y exacta uno a uno: el subsector SCIAN 611 ('Servicios educativos') es, literalmente, uno de los 78 sectores oficiales del modelo SERIO ('Servicios educativos'). No requiere inferencia económica adicional."
"rama","6117","Servicios de apoyo a la educación","Servicios educativos","ALTA","NO","Hereda la clasificación de su subsector padre SCIAN 611 ('Servicios educativos'), asignado al sector SERIO 'Servicios educativos'. Fundamento del subsector padre: Coincidencia directa y exacta uno a uno: el subsector SCIAN 611 ('Servicios educativos') es, literalmente, uno de los 78 sectores oficiales del modelo SERIO ('Servicios educativos'). No requiere inferencia económica adicional."
"rama","6211","Consultorios médicos","Servicios médicos de consulta externa y servicios relacionados","ALTA","NO","Hereda la clasificación de su subsector padre SCIAN 621 ('Servicios médicos de consulta externa y servicios relacionados'), asignado al sector SERIO 'Servicios médicos de consulta externa y servicios relacionados'. Fundamento del subsector padre: Coincidencia directa y exacta uno a uno: el subsector SCIAN 621 ('Servicios médicos de consulta externa y servicios relacionados') es, literalmente, uno de los 78 sectores oficiales del modelo SERIO ('Servicios médicos de consulta externa y servicios relacionados'). No requiere inferencia económica adicional."
"rama","6212","Consultorios dentales","Servicios médicos de consulta externa y servicios relacionados","ALTA","NO","Hereda la clasificación de su subsector padre SCIAN 621 ('Servicios médicos de consulta externa y servicios relacionados'), asignado al sector SERIO 'Servicios médicos de consulta externa y servicios relacionados'. Fundamento del subsector padre: Coincidencia directa y exacta uno a uno: el subsector SCIAN 621 ('Servicios médicos de consulta externa y servicios relacionados') es, literalmente, uno de los 78 sectores oficiales del modelo SERIO ('Servicios médicos de consulta externa y servicios relacionados'). No requiere inferencia económica adicional."
"rama","6213","Otros consultorios para el cuidado de la salud","Servicios médicos de consulta externa y servicios relacionados","ALTA","NO","Hereda la clasificación de su subsector padre SCIAN 621 ('Servicios médicos de consulta externa y servicios relacionados'), asignado al sector SERIO 'Servicios médicos de consulta externa y servicios relacionados'. Fundamento del subsector padre: Coincidencia directa y exacta uno a uno: el subsector SCIAN 621 ('Servicios médicos de consulta externa y servicios relacionados') es, literalmente, uno de los 78 sectores oficiales del modelo SERIO ('Servicios médicos de consulta externa y servicios relacionados'). No requiere inferencia económica adicional."
"rama","6214","Centros para la atención de pacientes que no requieren hospitalización","Servicios médicos de consulta externa y servicios relacionados","ALTA","NO","Hereda la clasificación de su subsector padre SCIAN 621 ('Servicios médicos de consulta externa y servicios relacionados'), asignado al sector SERIO 'Servicios médicos de consulta externa y servicios relacionados'. Fundamento del subsector padre: Coincidencia directa y exacta uno a uno: el subsector SCIAN 621 ('Servicios médicos de consulta externa y servicios relacionados') es, literalmente, uno de los 78 sectores oficiales del modelo SERIO ('Servicios médicos de consulta externa y servicios relacionados'). No requiere inferencia económica adicional."
"rama","6215","Laboratorios médicos y de diagnóstico","Servicios médicos de consulta externa y servicios relacionados","ALTA","NO","Hereda la clasificación de su subsector padre SCIAN 621 ('Servicios médicos de consulta externa y servicios relacionados'), asignado al sector SERIO 'Servicios médicos de consulta externa y servicios relacionados'. Fundamento del subsector padre: Coincidencia directa y exacta uno a uno: el subsector SCIAN 621 ('Servicios médicos de consulta externa y servicios relacionados') es, literalmente, uno de los 78 sectores oficiales del modelo SERIO ('Servicios médicos de consulta externa y servicios relacionados'). No requiere inferencia económica adicional."
"rama","6216","Servicios de enfermería a domicilio","Servicios médicos de consulta externa y servicios relacionados","ALTA","NO","Hereda la clasificación de su subsector padre SCIAN 621 ('Servicios médicos de consulta externa y servicios relacionados'), asignado al sector SERIO 'Servicios médicos de consulta externa y servicios relacionados'. Fundamento del subsector padre: Coincidencia directa y exacta uno a uno: el subsector SCIAN 621 ('Servicios médicos de consulta externa y servicios relacionados') es, literalmente, uno de los 78 sectores oficiales del modelo SERIO ('Servicios médicos de consulta externa y servicios relacionados'). No requiere inferencia económica adicional."
"rama","6219","Servicios de ambulancias, de bancos de órganos y otros servicios auxiliares al tratamiento médico","Servicios médicos de consulta externa y servicios relacionados","ALTA","NO","Hereda la clasificación de su subsector padre SCIAN 621 ('Servicios médicos de consulta externa y servicios relacionados'), asignado al sector SERIO 'Servicios médicos de consulta externa y servicios relacionados'. Fundamento del subsector padre: Coincidencia directa y exacta uno a uno: el subsector SCIAN 621 ('Servicios médicos de consulta externa y servicios relacionados') es, literalmente, uno de los 78 sectores oficiales del modelo SERIO ('Servicios médicos de consulta externa y servicios relacionados'). No requiere inferencia económica adicional."
"rama","6221","Hospitales generales","Hospitales","ALTA","NO","Hereda la clasificación de su subsector padre SCIAN 622 ('Hospitales'), asignado al sector SERIO 'Hospitales'. Fundamento del subsector padre: Coincidencia directa y exacta uno a uno: el subsector SCIAN 622 ('Hospitales') es, literalmente, uno de los 78 sectores oficiales del modelo SERIO ('Hospitales'). No requiere inferencia económica adicional."
"rama","6222","Hospitales psiquiátricos y para el tratamiento por adicción","Hospitales","ALTA","NO","Hereda la clasificación de su subsector padre SCIAN 622 ('Hospitales'), asignado al sector SERIO 'Hospitales'. Fundamento del subsector padre: Coincidencia directa y exacta uno a uno: el subsector SCIAN 622 ('Hospitales') es, literalmente, uno de los 78 sectores oficiales del modelo SERIO ('Hospitales'). No requiere inferencia económica adicional."
"rama","6223","Hospitales de otras especialidades médicas","Hospitales","ALTA","NO","Hereda la clasificación de su subsector padre SCIAN 622 ('Hospitales'), asignado al sector SERIO 'Hospitales'. Fundamento del subsector padre: Coincidencia directa y exacta uno a uno: el subsector SCIAN 622 ('Hospitales') es, literalmente, uno de los 78 sectores oficiales del modelo SERIO ('Hospitales'). No requiere inferencia económica adicional."
"rama","6231","Residencias con cuidados de enfermeras para enfermos convalecientes, en rehabilitación, incurables y terminales","Residencias de asistencia social y para el cuidado de la salud","ALTA","NO","Hereda la clasificación de su subsector padre SCIAN 623 ('Residencias de asistencia social y para el cuidado de la salud'), asignado al sector SERIO 'Residencias de asistencia social y para el cuidado de la salud'. Fundamento del subsector padre: Coincidencia directa y exacta uno a uno: el subsector SCIAN 623 ('Residencias de asistencia social y para el cuidado de la salud') es, literalmente, uno de los 78 sectores oficiales del modelo SERIO ('Residencias de asistencia social y para el cuidado de la salud'). No requiere inferencia económica adicional."
"rama","6232","Residencias para el cuidado de personas con problemas de retardo mental, trastorno mental y adicciones","Residencias de asistencia social y para el cuidado de la salud","ALTA","NO","Hereda la clasificación de su subsector padre SCIAN 623 ('Residencias de asistencia social y para el cuidado de la salud'), asignado al sector SERIO 'Residencias de asistencia social y para el cuidado de la salud'. Fundamento del subsector padre: Coincidencia directa y exacta uno a uno: el subsector SCIAN 623 ('Residencias de asistencia social y para el cuidado de la salud') es, literalmente, uno de los 78 sectores oficiales del modelo SERIO ('Residencias de asistencia social y para el cuidado de la salud'). No requiere inferencia económica adicional."
"rama","6233","Asilos y otras residencias para el cuidado de ancianos","Residencias de asistencia social y para el cuidado de la salud","ALTA","NO","Hereda la clasificación de su subsector padre SCIAN 623 ('Residencias de asistencia social y para el cuidado de la salud'), asignado al sector SERIO 'Residencias de asistencia social y para el cuidado de la salud'. Fundamento del subsector padre: Coincidencia directa y exacta uno a uno: el subsector SCIAN 623 ('Residencias de asistencia social y para el cuidado de la salud') es, literalmente, uno de los 78 sectores oficiales del modelo SERIO ('Residencias de asistencia social y para el cuidado de la salud'). No requiere inferencia económica adicional."
"rama","6239","Orfanatos y otras residencias de asistencia social","Residencias de asistencia social y para el cuidado de la salud","ALTA","NO","Hereda la clasificación de su subsector padre SCIAN 623 ('Residencias de asistencia social y para el cuidado de la salud'), asignado al sector SERIO 'Residencias de asistencia social y para el cuidado de la salud'. Fundamento del subsector padre: Coincidencia directa y exacta uno a uno: el subsector SCIAN 623 ('Residencias de asistencia social y para el cuidado de la salud') es, literalmente, uno de los 78 sectores oficiales del modelo SERIO ('Residencias de asistencia social y para el cuidado de la salud'). No requiere inferencia económica adicional."
"rama","6241","Servicios de orientación y trabajo social","Otros servicios de asistencia social","ALTA","NO","Hereda la clasificación de su subsector padre SCIAN 624 ('Otros servicios de asistencia social'), asignado al sector SERIO 'Otros servicios de asistencia social'. Fundamento del subsector padre: Coincidencia directa y exacta uno a uno: el subsector SCIAN 624 ('Otros servicios de asistencia social') es, literalmente, uno de los 78 sectores oficiales del modelo SERIO ('Otros servicios de asistencia social'). No requiere inferencia económica adicional."
"rama","6242","Servicios comunitarios de alimentación, refugio y emergencia","Otros servicios de asistencia social","ALTA","NO","Hereda la clasificación de su subsector padre SCIAN 624 ('Otros servicios de asistencia social'), asignado al sector SERIO 'Otros servicios de asistencia social'. Fundamento del subsector padre: Coincidencia directa y exacta uno a uno: el subsector SCIAN 624 ('Otros servicios de asistencia social') es, literalmente, uno de los 78 sectores oficiales del modelo SERIO ('Otros servicios de asistencia social'). No requiere inferencia económica adicional."
"rama","6243","Servicios de capacitación para el trabajo para personas desempleadas, subempleadas o con discapacidad","Otros servicios de asistencia social","ALTA","NO","Hereda la clasificación de su subsector padre SCIAN 624 ('Otros servicios de asistencia social'), asignado al sector SERIO 'Otros servicios de asistencia social'. Fundamento del subsector padre: Coincidencia directa y exacta uno a uno: el subsector SCIAN 624 ('Otros servicios de asistencia social') es, literalmente, uno de los 78 sectores oficiales del modelo SERIO ('Otros servicios de asistencia social'). No requiere inferencia económica adicional."
"rama","6244","Guarderías","Otros servicios de asistencia social","ALTA","NO","Hereda la clasificación de su subsector padre SCIAN 624 ('Otros servicios de asistencia social'), asignado al sector SERIO 'Otros servicios de asistencia social'. Fundamento del subsector padre: Coincidencia directa y exacta uno a uno: el subsector SCIAN 624 ('Otros servicios de asistencia social') es, literalmente, uno de los 78 sectores oficiales del modelo SERIO ('Otros servicios de asistencia social'). No requiere inferencia económica adicional."
"rama","7111","Compañías y grupos de espectáculos artísticos y culturales","Servicios artísticos, culturales y deportivos, y otros servicios relacionados","ALTA","NO","Hereda la clasificación de su subsector padre SCIAN 711 ('Servicios artísticos, culturales y deportivos, y otros servicios relacionados'), asignado al sector SERIO 'Servicios artísticos, culturales y deportivos, y otros servicios relacionados'. Fundamento del subsector padre: Coincidencia directa y exacta uno a uno: el subsector SCIAN 711 ('Servicios artísticos, culturales y deportivos, y otros servicios relacionados') es, literalmente, uno de los 78 sectores oficiales del modelo SERIO ('Servicios artísticos, culturales y deportivos, y otros servicios relacionados'). No requiere inferencia económica adicional."
"rama","7112","Deportistas y equipos deportivos profesionales","Servicios artísticos, culturales y deportivos, y otros servicios relacionados","ALTA","NO","Hereda la clasificación de su subsector padre SCIAN 711 ('Servicios artísticos, culturales y deportivos, y otros servicios relacionados'), asignado al sector SERIO 'Servicios artísticos, culturales y deportivos, y otros servicios relacionados'. Fundamento del subsector padre: Coincidencia directa y exacta uno a uno: el subsector SCIAN 711 ('Servicios artísticos, culturales y deportivos, y otros servicios relacionados') es, literalmente, uno de los 78 sectores oficiales del modelo SERIO ('Servicios artísticos, culturales y deportivos, y otros servicios relacionados'). No requiere inferencia económica adicional."
"rama","7113","Promotores de espectáculos artísticos, culturales, deportivos y similares","Servicios artísticos, culturales y deportivos, y otros servicios relacionados","ALTA","NO","Hereda la clasificación de su subsector padre SCIAN 711 ('Servicios artísticos, culturales y deportivos, y otros servicios relacionados'), asignado al sector SERIO 'Servicios artísticos, culturales y deportivos, y otros servicios relacionados'. Fundamento del subsector padre: Coincidencia directa y exacta uno a uno: el subsector SCIAN 711 ('Servicios artísticos, culturales y deportivos, y otros servicios relacionados') es, literalmente, uno de los 78 sectores oficiales del modelo SERIO ('Servicios artísticos, culturales y deportivos, y otros servicios relacionados'). No requiere inferencia económica adicional."
"rama","7114","Agentes y representantes de artistas, deportistas y similares","Servicios artísticos, culturales y deportivos, y otros servicios relacionados","ALTA","NO","Hereda la clasificación de su subsector padre SCIAN 711 ('Servicios artísticos, culturales y deportivos, y otros servicios relacionados'), asignado al sector SERIO 'Servicios artísticos, culturales y deportivos, y otros servicios relacionados'. Fundamento del subsector padre: Coincidencia directa y exacta uno a uno: el subsector SCIAN 711 ('Servicios artísticos, culturales y deportivos, y otros servicios relacionados') es, literalmente, uno de los 78 sectores oficiales del modelo SERIO ('Servicios artísticos, culturales y deportivos, y otros servicios relacionados'). No requiere inferencia económica adicional."
"rama","7115","Artistas, escritores y técnicos independientes","Servicios artísticos, culturales y deportivos, y otros servicios relacionados","ALTA","NO","Hereda la clasificación de su subsector padre SCIAN 711 ('Servicios artísticos, culturales y deportivos, y otros servicios relacionados'), asignado al sector SERIO 'Servicios artísticos, culturales y deportivos, y otros servicios relacionados'. Fundamento del subsector padre: Coincidencia directa y exacta uno a uno: el subsector SCIAN 711 ('Servicios artísticos, culturales y deportivos, y otros servicios relacionados') es, literalmente, uno de los 78 sectores oficiales del modelo SERIO ('Servicios artísticos, culturales y deportivos, y otros servicios relacionados'). No requiere inferencia económica adicional."
"rama","7121","Museos, sitios históricos, zoológicos y similares","Museos, sitios históricos, zoológicos y similares","ALTA","NO","Hereda la clasificación de su subsector padre SCIAN 712 ('Museos, sitios históricos, zoológicos y similares'), asignado al sector SERIO 'Museos, sitios históricos, zoológicos y similares'. Fundamento del subsector padre: Coincidencia directa y exacta uno a uno: el subsector SCIAN 712 ('Museos, sitios históricos, zoológicos y similares') es, literalmente, uno de los 78 sectores oficiales del modelo SERIO ('Museos, sitios históricos, zoológicos y similares'). No requiere inferencia económica adicional."
"rama","7131","Parques con instalaciones recreativas y casas de juegos electrónicos","Servicios de entretenimiento en instalaciones recreativas y otros servicios recreativos","ALTA","NO","Hereda la clasificación de su subsector padre SCIAN 713 ('Servicios de entretenimiento en instalaciones recreativas y otros servicios recreativos'), asignado al sector SERIO 'Servicios de entretenimiento en instalaciones recreativas y otros servicios recreativos'. Fundamento del subsector padre: Coincidencia directa y exacta uno a uno: el subsector SCIAN 713 ('Servicios de entretenimiento en instalaciones recreativas y otros servicios recreativos') es, literalmente, uno de los 78 sectores oficiales del modelo SERIO ('Servicios de entretenimiento en instalaciones recreativas y otros servicios recreativos'). No requiere inferencia económica adicional."
"rama","7132","Casinos, loterías y otros juegos de azar","Servicios de entretenimiento en instalaciones recreativas y otros servicios recreativos","ALTA","NO","Hereda la clasificación de su subsector padre SCIAN 713 ('Servicios de entretenimiento en instalaciones recreativas y otros servicios recreativos'), asignado al sector SERIO 'Servicios de entretenimiento en instalaciones recreativas y otros servicios recreativos'. Fundamento del subsector padre: Coincidencia directa y exacta uno a uno: el subsector SCIAN 713 ('Servicios de entretenimiento en instalaciones recreativas y otros servicios recreativos') es, literalmente, uno de los 78 sectores oficiales del modelo SERIO ('Servicios de entretenimiento en instalaciones recreativas y otros servicios recreativos'). No requiere inferencia económica adicional."
"rama","7139","Otros servicios recreativos","Servicios de entretenimiento en instalaciones recreativas y otros servicios recreativos","ALTA","NO","Hereda la clasificación de su subsector padre SCIAN 713 ('Servicios de entretenimiento en instalaciones recreativas y otros servicios recreativos'), asignado al sector SERIO 'Servicios de entretenimiento en instalaciones recreativas y otros servicios recreativos'. Fundamento del subsector padre: Coincidencia directa y exacta uno a uno: el subsector SCIAN 713 ('Servicios de entretenimiento en instalaciones recreativas y otros servicios recreativos') es, literalmente, uno de los 78 sectores oficiales del modelo SERIO ('Servicios de entretenimiento en instalaciones recreativas y otros servicios recreativos'). No requiere inferencia económica adicional."
"rama","7211","Hoteles, moteles y similares","Servicios de alojamiento temporal","ALTA","NO","Hereda la clasificación de su subsector padre SCIAN 721 ('Servicios de alojamiento temporal'), asignado al sector SERIO 'Servicios de alojamiento temporal'. Fundamento del subsector padre: Coincidencia directa y exacta uno a uno: el subsector SCIAN 721 ('Servicios de alojamiento temporal') es, literalmente, uno de los 78 sectores oficiales del modelo SERIO ('Servicios de alojamiento temporal'). No requiere inferencia económica adicional."
"rama","7212","Campamentos y albergues recreativos","Servicios de alojamiento temporal","ALTA","NO","Hereda la clasificación de su subsector padre SCIAN 721 ('Servicios de alojamiento temporal'), asignado al sector SERIO 'Servicios de alojamiento temporal'. Fundamento del subsector padre: Coincidencia directa y exacta uno a uno: el subsector SCIAN 721 ('Servicios de alojamiento temporal') es, literalmente, uno de los 78 sectores oficiales del modelo SERIO ('Servicios de alojamiento temporal'). No requiere inferencia económica adicional."
"rama","7213","Pensiones y casas de huéspedes, y departamentos y casas amueblados con servicios de hotelería","Servicios de alojamiento temporal","ALTA","NO","Hereda la clasificación de su subsector padre SCIAN 721 ('Servicios de alojamiento temporal'), asignado al sector SERIO 'Servicios de alojamiento temporal'. Fundamento del subsector padre: Coincidencia directa y exacta uno a uno: el subsector SCIAN 721 ('Servicios de alojamiento temporal') es, literalmente, uno de los 78 sectores oficiales del modelo SERIO ('Servicios de alojamiento temporal'). No requiere inferencia económica adicional."
"rama","7223","Servicios de preparación de alimentos por encargo","Servicios de preparación de alimentos y bebidas","ALTA","NO","Hereda la clasificación de su subsector padre SCIAN 722 ('Servicios de preparación de alimentos y bebidas'), asignado al sector SERIO 'Servicios de preparación de alimentos y bebidas'. Fundamento del subsector padre: Coincidencia directa y exacta uno a uno: el subsector SCIAN 722 ('Servicios de preparación de alimentos y bebidas') es, literalmente, uno de los 78 sectores oficiales del modelo SERIO ('Servicios de preparación de alimentos y bebidas'). No requiere inferencia económica adicional."
"rama","7224","Centros nocturnos, bares, cantinas y similares","Servicios de preparación de alimentos y bebidas","ALTA","NO","Hereda la clasificación de su subsector padre SCIAN 722 ('Servicios de preparación de alimentos y bebidas'), asignado al sector SERIO 'Servicios de preparación de alimentos y bebidas'. Fundamento del subsector padre: Coincidencia directa y exacta uno a uno: el subsector SCIAN 722 ('Servicios de preparación de alimentos y bebidas') es, literalmente, uno de los 78 sectores oficiales del modelo SERIO ('Servicios de preparación de alimentos y bebidas'). No requiere inferencia económica adicional."
"rama","7225","Servicios de preparación de alimentos y bebidas alcohólicas y no alcohólicas","Servicios de preparación de alimentos y bebidas","ALTA","NO","Hereda la clasificación de su subsector padre SCIAN 722 ('Servicios de preparación de alimentos y bebidas'), asignado al sector SERIO 'Servicios de preparación de alimentos y bebidas'. Fundamento del subsector padre: Coincidencia directa y exacta uno a uno: el subsector SCIAN 722 ('Servicios de preparación de alimentos y bebidas') es, literalmente, uno de los 78 sectores oficiales del modelo SERIO ('Servicios de preparación de alimentos y bebidas'). No requiere inferencia económica adicional."
"rama","8111","Reparación y mantenimiento de automóviles y camiones","Servicios de reparación y mantenimiento","ALTA","NO","Hereda la clasificación de su subsector padre SCIAN 811 ('Servicios de reparación y mantenimiento'), asignado al sector SERIO 'Servicios de reparación y mantenimiento'. Fundamento del subsector padre: Coincidencia directa y exacta uno a uno: el subsector SCIAN 811 ('Servicios de reparación y mantenimiento') es, literalmente, uno de los 78 sectores oficiales del modelo SERIO ('Servicios de reparación y mantenimiento'). No requiere inferencia económica adicional."
"rama","8112","Reparación y mantenimiento de equipo electrónico y de equipo de precisión","Servicios de reparación y mantenimiento","ALTA","NO","Hereda la clasificación de su subsector padre SCIAN 811 ('Servicios de reparación y mantenimiento'), asignado al sector SERIO 'Servicios de reparación y mantenimiento'. Fundamento del subsector padre: Coincidencia directa y exacta uno a uno: el subsector SCIAN 811 ('Servicios de reparación y mantenimiento') es, literalmente, uno de los 78 sectores oficiales del modelo SERIO ('Servicios de reparación y mantenimiento'). No requiere inferencia económica adicional."
"rama","8113","Reparación y mantenimiento de maquinaria y equipo agropecuario, industrial, comercial y de servicios","Servicios de reparación y mantenimiento","ALTA","NO","Hereda la clasificación de su subsector padre SCIAN 811 ('Servicios de reparación y mantenimiento'), asignado al sector SERIO 'Servicios de reparación y mantenimiento'. Fundamento del subsector padre: Coincidencia directa y exacta uno a uno: el subsector SCIAN 811 ('Servicios de reparación y mantenimiento') es, literalmente, uno de los 78 sectores oficiales del modelo SERIO ('Servicios de reparación y mantenimiento'). No requiere inferencia económica adicional."
"rama","8114","Reparación y mantenimiento de artículos para el hogar y personales","Servicios de reparación y mantenimiento","ALTA","NO","Hereda la clasificación de su subsector padre SCIAN 811 ('Servicios de reparación y mantenimiento'), asignado al sector SERIO 'Servicios de reparación y mantenimiento'. Fundamento del subsector padre: Coincidencia directa y exacta uno a uno: el subsector SCIAN 811 ('Servicios de reparación y mantenimiento') es, literalmente, uno de los 78 sectores oficiales del modelo SERIO ('Servicios de reparación y mantenimiento'). No requiere inferencia económica adicional."
"rama","8121","Salones y clínicas de belleza, baños públicos y bolerías","Servicios personales","ALTA","NO","Hereda la clasificación de su subsector padre SCIAN 812 ('Servicios personales'), asignado al sector SERIO 'Servicios personales'. Fundamento del subsector padre: Coincidencia directa y exacta uno a uno: el subsector SCIAN 812 ('Servicios personales') es, literalmente, uno de los 78 sectores oficiales del modelo SERIO ('Servicios personales'). No requiere inferencia económica adicional."
"rama","8122","Lavanderías y tintorerías","Servicios personales","ALTA","NO","Hereda la clasificación de su subsector padre SCIAN 812 ('Servicios personales'), asignado al sector SERIO 'Servicios personales'. Fundamento del subsector padre: Coincidencia directa y exacta uno a uno: el subsector SCIAN 812 ('Servicios personales') es, literalmente, uno de los 78 sectores oficiales del modelo SERIO ('Servicios personales'). No requiere inferencia económica adicional."
"rama","8123","Servicios funerarios y administración de cementerios","Servicios personales","ALTA","NO","Hereda la clasificación de su subsector padre SCIAN 812 ('Servicios personales'), asignado al sector SERIO 'Servicios personales'. Fundamento del subsector padre: Coincidencia directa y exacta uno a uno: el subsector SCIAN 812 ('Servicios personales') es, literalmente, uno de los 78 sectores oficiales del modelo SERIO ('Servicios personales'). No requiere inferencia económica adicional."
"rama","8124","Estacionamientos y pensiones para vehículos automotores","Servicios personales","ALTA","NO","Hereda la clasificación de su subsector padre SCIAN 812 ('Servicios personales'), asignado al sector SERIO 'Servicios personales'. Fundamento del subsector padre: Coincidencia directa y exacta uno a uno: el subsector SCIAN 812 ('Servicios personales') es, literalmente, uno de los 78 sectores oficiales del modelo SERIO ('Servicios personales'). No requiere inferencia económica adicional."
"rama","8129","Servicios de revelado e impresión de fotografías y otros servicios personales","Servicios personales","ALTA","NO","Hereda la clasificación de su subsector padre SCIAN 812 ('Servicios personales'), asignado al sector SERIO 'Servicios personales'. Fundamento del subsector padre: Coincidencia directa y exacta uno a uno: el subsector SCIAN 812 ('Servicios personales') es, literalmente, uno de los 78 sectores oficiales del modelo SERIO ('Servicios personales'). No requiere inferencia económica adicional."
"rama","8131","Asociaciones y organizaciones comerciales, laborales, profesionales y recreativas","Asociaciones y organizaciones","ALTA","NO","Hereda la clasificación de su subsector padre SCIAN 813 ('Asociaciones y organizaciones'), asignado al sector SERIO 'Asociaciones y organizaciones'. Fundamento del subsector padre: Coincidencia directa y exacta uno a uno: el subsector SCIAN 813 ('Asociaciones y organizaciones') es, literalmente, uno de los 78 sectores oficiales del modelo SERIO ('Asociaciones y organizaciones'). No requiere inferencia económica adicional."
"rama","8132","Asociaciones y organizaciones religiosas, políticas y civiles","Asociaciones y organizaciones","ALTA","NO","Hereda la clasificación de su subsector padre SCIAN 813 ('Asociaciones y organizaciones'), asignado al sector SERIO 'Asociaciones y organizaciones'. Fundamento del subsector padre: Coincidencia directa y exacta uno a uno: el subsector SCIAN 813 ('Asociaciones y organizaciones') es, literalmente, uno de los 78 sectores oficiales del modelo SERIO ('Asociaciones y organizaciones'). No requiere inferencia económica adicional."
"rama","8141","Hogares con empleados domésticos","Hogares con empleados domésticos","ALTA","NO","Hereda la clasificación de su subsector padre SCIAN 814 ('Hogares con empleados domésticos'), asignado al sector SERIO 'Hogares con empleados domésticos'. Fundamento del subsector padre: Coincidencia directa y exacta uno a uno: el subsector SCIAN 814 ('Hogares con empleados domésticos') es, literalmente, uno de los 78 sectores oficiales del modelo SERIO ('Hogares con empleados domésticos'). No requiere inferencia económica adicional."
"rama","9311","Órganos legislativos","Actividades legislativas, gubernamentales y de impartición de justicia","ALTA","NO","Hereda la clasificación de su subsector padre SCIAN 931 ('Actividades legislativas, gubernamentales y de impartición de justicia'), asignado al sector SERIO 'Actividades legislativas, gubernamentales y de impartición de justicia'. Fundamento del subsector padre: Coincidencia directa y exacta uno a uno: el subsector SCIAN 931 ('Actividades legislativas, gubernamentales y de impartición de justicia') es, literalmente, uno de los 78 sectores oficiales del modelo SERIO ('Actividades legislativas, gubernamentales y de impartición de justicia'). No requiere inferencia económica adicional."
"rama","9312","Administración pública en general","Actividades legislativas, gubernamentales y de impartición de justicia","ALTA","NO","Hereda la clasificación de su subsector padre SCIAN 931 ('Actividades legislativas, gubernamentales y de impartición de justicia'), asignado al sector SERIO 'Actividades legislativas, gubernamentales y de impartición de justicia'. Fundamento del subsector padre: Coincidencia directa y exacta uno a uno: el subsector SCIAN 931 ('Actividades legislativas, gubernamentales y de impartición de justicia') es, literalmente, uno de los 78 sectores oficiales del modelo SERIO ('Actividades legislativas, gubernamentales y de impartición de justicia'). No requiere inferencia económica adicional."
"rama","9313","Regulación y fomento del desarrollo económico","Actividades legislativas, gubernamentales y de impartición de justicia","ALTA","NO","Hereda la clasificación de su subsector padre SCIAN 931 ('Actividades legislativas, gubernamentales y de impartición de justicia'), asignado al sector SERIO 'Actividades legislativas, gubernamentales y de impartición de justicia'. Fundamento del subsector padre: Coincidencia directa y exacta uno a uno: el subsector SCIAN 931 ('Actividades legislativas, gubernamentales y de impartición de justicia') es, literalmente, uno de los 78 sectores oficiales del modelo SERIO ('Actividades legislativas, gubernamentales y de impartición de justicia'). No requiere inferencia económica adicional."
"rama","9314","Impartición de justicia y mantenimiento de la seguridad y el orden público","Actividades legislativas, gubernamentales y de impartición de justicia","ALTA","NO","Hereda la clasificación de su subsector padre SCIAN 931 ('Actividades legislativas, gubernamentales y de impartición de justicia'), asignado al sector SERIO 'Actividades legislativas, gubernamentales y de impartición de justicia'. Fundamento del subsector padre: Coincidencia directa y exacta uno a uno: el subsector SCIAN 931 ('Actividades legislativas, gubernamentales y de impartición de justicia') es, literalmente, uno de los 78 sectores oficiales del modelo SERIO ('Actividades legislativas, gubernamentales y de impartición de justicia'). No requiere inferencia económica adicional."
"rama","9315","Regulación y fomento de actividades para mejorar y preservar el medio ambiente","Actividades legislativas, gubernamentales y de impartición de justicia","ALTA","NO","Hereda la clasificación de su subsector padre SCIAN 931 ('Actividades legislativas, gubernamentales y de impartición de justicia'), asignado al sector SERIO 'Actividades legislativas, gubernamentales y de impartición de justicia'. Fundamento del subsector padre: Coincidencia directa y exacta uno a uno: el subsector SCIAN 931 ('Actividades legislativas, gubernamentales y de impartición de justicia') es, literalmente, uno de los 78 sectores oficiales del modelo SERIO ('Actividades legislativas, gubernamentales y de impartición de justicia'). No requiere inferencia económica adicional."
"rama","9316","Actividades administrativas de instituciones de bienestar social","Actividades legislativas, gubernamentales y de impartición de justicia","ALTA","NO","Hereda la clasificación de su subsector padre SCIAN 931 ('Actividades legislativas, gubernamentales y de impartición de justicia'), asignado al sector SERIO 'Actividades legislativas, gubernamentales y de impartición de justicia'. Fundamento del subsector padre: Coincidencia directa y exacta uno a uno: el subsector SCIAN 931 ('Actividades legislativas, gubernamentales y de impartición de justicia') es, literalmente, uno de los 78 sectores oficiales del modelo SERIO ('Actividades legislativas, gubernamentales y de impartición de justicia'). No requiere inferencia económica adicional."
"rama","9317","Relaciones exteriores","Actividades legislativas, gubernamentales y de impartición de justicia","ALTA","NO","Hereda la clasificación de su subsector padre SCIAN 931 ('Actividades legislativas, gubernamentales y de impartición de justicia'), asignado al sector SERIO 'Actividades legislativas, gubernamentales y de impartición de justicia'. Fundamento del subsector padre: Coincidencia directa y exacta uno a uno: el subsector SCIAN 931 ('Actividades legislativas, gubernamentales y de impartición de justicia') es, literalmente, uno de los 78 sectores oficiales del modelo SERIO ('Actividades legislativas, gubernamentales y de impartición de justicia'). No requiere inferencia económica adicional."
"rama","9318","Actividades de seguridad nacional","Actividades legislativas, gubernamentales y de impartición de justicia","ALTA","NO","Hereda la clasificación de su subsector padre SCIAN 931 ('Actividades legislativas, gubernamentales y de impartición de justicia'), asignado al sector SERIO 'Actividades legislativas, gubernamentales y de impartición de justicia'. Fundamento del subsector padre: Coincidencia directa y exacta uno a uno: el subsector SCIAN 931 ('Actividades legislativas, gubernamentales y de impartición de justicia') es, literalmente, uno de los 78 sectores oficiales del modelo SERIO ('Actividades legislativas, gubernamentales y de impartición de justicia'). No requiere inferencia económica adicional."
"rama","9321","Organismos internacionales y extraterritoriales","Actividades legislativas, gubernamentales y de impartición de justicia","MEDIA","SI","Hereda la clasificación de su subsector padre SCIAN 932 ('Organismos internacionales y extraterritoriales'), asignado al sector SERIO 'Actividades legislativas, gubernamentales y de impartición de justicia'. Fundamento del subsector padre: La actualización SCIAN separó 'Organismos internacionales y extraterritoriales' como subsector independiente (932); en SCIAN base 2018 -que es la base del modelo SERIO- esta actividad estaba integrada en el subsector único 931 ('Actividades legislativas, gubernamentales, de impartición de justicia y de organismos internacionales y extraterritoriales'), que es como aparece en el catálogo de 78 sectores SERIO. Se marca para revisión por el mismo motivo de vigencia de catálogo que en los casos 513 y 516."
